YHL004W,11.74505495,1.0,44.33333333333334,0.0
YPL192C,0.666666667,0,0.0,0.0
YLR382C,11.36483516,1.0,35.898809523809526,0.0
YPL014W,0,0,0.0,0.0
YLR061W,78.67745419,1.0,19.066666666666666,0.0
YER175C,0,0,0.0,0.0
YHR084W,0.311111111,1.0,0.0,0.0
YPL170W,0,0,0.0,0.0
YPR055W,4.103354978,0.7619047619047619,3.0416666666666665,0.0
YAL055W,0,0,0.0,0.0
YCR002C,1.5,0.3333333333333333,0.0,0.0
YGR262C,0,0,0.0,0.0
YOR110W,2.278571429,1.0,3.880952380952381,0.0
YJR064W,5.166666667,0.75,4.0,0.0
YGL244W,0,0,0.0,0.0
YPL091W,0,0,0.0,0.0
YNR017W,1.05,0.1388888888888889,3.4000000000000004,0.0
YDR051C,0.666666667,0,6.0,0.0
YDL137W,0,0,0.0,0.0
YIR003W,0,0,0.0,0.0
YIL143C,6.991071429,0.5606060606060606,30.268452380952382,0.0
YMR042W,1.317460317,0.6666666666666666,7.119047619047619,0.0
YGR024C,0,0,0.0,0.0
YLR335W,1.486894717,0.15384615384615385,12.555511155511155,4.0
YOR191W,1.333333333,0,0.0,0.0
YGL104C,0.094298246,0.3333333333333333,0.0,0.0
YBR055C,0.666666667,0,4.0,0.0
YDR285W,0.366666667,0.1,0.5,0.0
YBR169C,0,0,0.0,0.0
YNL298W,1.717166167,0.16666666666666666,25.279495504495504,0.0
YPR159W,0,0,0.0,0.0
YAL031C,0,0,0.0,0.0
YLR268W,4.98166393,0.3006535947712418,53.73809523809525,0.0
YJL189W,78.67745419,1.0,19.066666666666666,0.0
YHR204W,0,0,0.0,0.0
YDR429C,3.874007937,1.0,21.580555555555556,36.0
YOL108C,1.777777778,0.047619047619047616,0.0,0.0
YBR275C,0,0,0.0,0.0
YDR280W,4.672619048,1.0,17.944444444444443,6.0
YGR118W,53.79638082,0.9649122807017544,54.327777777777776,0.0
YDL200C,0,0,0.0,0.0
YFL003C,0,0,0.0,0.0
YGR103W,0,0,0.0,0.0
YDR398W,0,0,0.0,0.0
YDL006W,0,0,0.0,0.0
YHR068W,0,0,0.0,0.0
YJL031C,0.583333333,1.0,1.6666666666666667,0.0
YJR053W,1.542857143,0.3333333333333333,0.0,0.0
YLR170C,1.466666667,1.0,5.333333333333333,0.0
YBR084CA,78.67745419,1.0,19.066666666666666,0.0
YLR093C,1.478927203,0.2857142857142857,15.166666666666668,0.0
YGR225W,0,0,0.0,0.0
YPL153C,1.5,0,0.0,0.0
YDR404C,7.213182733,1.0,51.64285714285714,0.0
YDR295C,1.14965035,0.25,5.916666666666666,0.0
YGR240C,0,0,0.0,0.0
YPR093C,0,0,0.0,0.0
YEL066W,0,0,0.0,0.0
YGR152C,0.498484848,0.5,0.0,0.0
YKR101W,0.223484848,0.3333333333333333,2.1022727272727275,0.0
YBR130C,0,0,0.0,0.0
YML038C,0,0,0.0,0.0
YFR016C,0,0,0.0,0.0
YPR082C,0,0,0.0,0.0
YGL210W,0.16025641,0.3333333333333333,0.0,0.0
YCR020CA,0,0,0.0,0.0
YGL234W,0,0,0.0,0.0
YKL144C,7.430581686,1.0,31.5,12.0
YKR055W,1.2,0,3.75,0.0
YPR171W,0.295488722,0.2,2.0075757575757573,0.0
YLR386W,1,0,0.0,0.0
YGR048W,0.4,0.1,0.45454545454545453,0.0
YNL317W,0,0,0.0,0.0
YHR047C,0,0,0.0,0.0
YFL035C,0,0,0.0,0.0
YOL113W,0.666666667,0,6.857142857142857,0.0
YNL044W,0,0,0.0,0.0
YOR344C,0,0,0.0,0.0
YLR267W,0,0,0.0,0.0
YBL007C,1.416666667,0.06159420289855073,3.0416666666666665,0.0
YPR112C,0,0,0.0,0.0
YNL053W,0,0,0.0,0.0
YLR113W,1.691666667,0.06666666666666667,2.166666666666667,0.0
YKL154W,0,0,0.0,0.0
YMR149W,6.805555556,0.8611111111111112,4.583333333333334,0.0
YDR166C,3.936688312,0.7142857142857143,1.875,0.0
YCR081W,0.557886558,0.5,2.321428571428571,0.0
YCR077C,1.772727273,0.027777777777777776,17.125,0.0
YOR020C,0.666666667,0,5.333333333333333,0.0
YNL005C,30,1.0,78.66666666666667,80.0
YAL040C,0.14354067,0.047619047619047616,0.0,0.0
YPL090C,53.83146854,0.9655388471177945,54.327777777777776,0.0
YKR082W,0.512472012,0.3333333333333333,2.0238095238095237,0.0
YKL105C,0,0,0.0,0.0
YPR187W,13.51724138,0.4827586206896552,82.32460317460317,0.0
YJR123W,54.58898734,1.0,202.15000000000015,0.0
YPL065W,0.290909091,1.0,1.6666666666666667,0.0
YNL236W,16.4441731,0.8268398268398268,127.79285714285717,1122.0
YMR153W,1,0,0.5333333333333333,0.0
YOR279C,0.642857143,1.0,3.75,0.0
YJR073C,0,0,0.0,0.0
YGR148C,78.67745419,1.0,19.066666666666666,0.0
YPL169C,0,0,0.0,0.0
YFL036W,0,0,0.0,0.0
YBL063W,0,0,0.0,0.0
YJL151C,0.185391363,0.2,1.8,0.0
YDL175C,1.2,0,2.1333333333333333,0.0
YOR005C,1,0,0.0,0.0
YBR115C,0,0,0.0,0.0
YLR367W,54.58898734,1.0,54.327777777777776,0.0
YER158C,0,0,0.0,0.0
YBL051C,0,0,0.0,0.0
YMR271C,0,0,0.0,0.0
YGL078C,0,0,0.0,0.0
YLR333C,54.58898734,1.0,471.5,0.0
YDR259C,0,0,0.0,0.0
YJL099W,0,0,0.0,0.0
YFL029C,0,0,0.0,0.0
YLR132C,0,0,0.0,0.0
YKL109W,1.2,1.0,2.1142857142857143,0.0
YLR128W,0,0,0.0,0.0
YLR321C,5.815635345,0.6545454545454545,29.248366013071895,0.0
YBL014C,1.261904762,1.0,11.5,0.0
YPL084W,0,0,0.0,0.0
YDR004W,2.333333333,0.4666666666666667,20.22380952380952,0.0
YFR022W,0,0,0.0,0.0
YJL106W,0.666666667,0,0.0,0.0
YNL273W,0,0,0.0,0.0
YKL119C,0.558823529,1.0,1.0,0.0
YNL075W,0,0,0.0,0.0
YLR190W,0,0,0.0,0.0
YJL190C,54.58898734,1.0,317.1666666666667,0.0
YAL043C,0.804761905,0.6666666666666666,3.9714285714285715,0.0
YNL189W,1.905311355,0.03636363636363636,8.641666666666666,0.0
YEL015W,1.873737374,0.05555555555555555,0.0,0.0
YFR027W,1.2,0,1.5714285714285714,2.0
YDR162C,0,0,0.0,0.0
YGR210C,0,0,0.0,0.0
YBL058W,0,0,0.0,0.0
YDR270W,0,0,0.0,0.0
YMR047C,0.695652174,0.03162055335968379,9.350000000000001,0.0
YNL290W,4,1.0,22.25,0.0
YNL071W,2.678571429,1.0,21.333333333333336,0.0
YOR133W,0,0,0.0,0.0
YGR185C,0,0,0.0,0.0
YNL242W,0,0,0.0,0.0
YKR090W,0,0,0.0,0.0
YNL228W,0,0,0.0,0.0
YNL252C,30,1.0,107.5,80.0
YKR072C,0,0,0.0,0.0
YGL081W,0,0,0.0,0.0
YEL017W,0,0,0.0,0.0
YDR334W,0,0,0.0,0.0
YLR228C,0,0,0.0,0.0
YCL032W,0.133333333,0.004597701149425287,3.0,0.0
YBL005W,0,0,0.0,0.0
YOL112W,0,0,0.0,0.0
YJR061W,0.666666667,0,0.0,0.0
YDR238C,6.798149563,0.9777777777777777,51.666666666666664,17.333333333333336
YOR326W,0,0,0.0,0.0
YIL047C,0,0,0.0,0.0
YLR263W,1.666666667,0.16666666666666666,2.5,0.0
YNL187W,0,0,0.0,0.0
YCR024CA,1.5,0.5,0.0,0.0
YIL071C,0.253968254,1.0,6.0,0.0
YDL105W,0.476190476,0.09523809523809523,4.117857142857143,0.0
YMR172W,0,0,0.0,0.0
YLR086W,0.275,0.3333333333333333,1.0,0.0
YGL183C,0,0,0.0,0.0
YAL014C,0,0,0.0,0.0
YDR064W,54.58898734,1.0,54.327777777777776,0.0
YPL016W,4.452287582,0.3523809523809524,17.22222222222222,0.0
YGR032W,1.055555556,0.6666666666666666,0.0,0.0
YGR074W,0,0,0.0,0.0
YJL138C,0,0,0.0,0.0
YCR042C,6.373590952,1.0,36.36480186480186,0.0
YPL232W,0.361111111,0.16666666666666666,0.42857142857142855,0.0
YNL227C,0,0,0.0,0.0
YML029W,0,0,0.0,0.0
YPR132W,54.58898734,1.0,54.327777777777776,0.0
YDR025W,54.58898734,1.0,54.327777777777776,0.0
YPR163C,0,0,0.0,0.0
YGL060W,0,0,0.0,0.0
YDL029W,2.871837341,0.37777777777777777,11.564935064935067,0.0
YGL236C,0,0,0.0,0.0
YMR104C,0,0,0.0,0.0
YKL142W,12.13333333,1.0,28.666666666666668,0.0
YHR129C,0,0,0.0,0.0
YMR167W,0.271428571,0.1,3.720238095238095,0.0
YJR115W,0,0,0.0,0.0
YLR229C,3.375,0.14285714285714285,26.392282717282715,0.0
YDR108W,8,1.0,19.93015873015873,0.0
YNL014W,0,0,0.0,0.0
YDR410C,0,0,0.0,0.0
YLR060W,1,1.0,0.0,0.0
YOL094C,4,1.0,22.25,0.0
YGR095C,4.672619048,1.0,24.833333333333336,20.0
YKL007W,0,0,0.0,0.0
YDR427W,30.67368704,0.815114709851552,389.0499999999999,0.0
YDL179W,0.666666667,0,0.0,0.0
YBR214W,0,0,0.0,0.0
YPR072W,9.623290043,0.6,81.1984126984127,34.0
YDR365C,0,0,0.0,0.0
YER029C,0,0,0.0,0.0
YOL091W,0,0,0.0,0.0
YML112W,1.6,0.3333333333333333,8.833333333333332,0.0
YDL192W,7.391223156,0.5769230769230769,251.0,0.0
YNL261W,16.5545831,0.8476190476190476,44.82269309637731,0.0
YDR028C,2.411111111,1.0,10.714285714285714,0.0
YNL106C,1.5,0,0.0,0.0
YIR011C,0,0,0.0,0.0
YBR044C,1.5,0.5,7.0,0.0
YMR287C,10.77142857,0.8571428571428571,35.898809523809526,0.0
YPL121C,0,0,0.0,0.0
YMR213W,0,0,0.0,0.0
YBR135W,0,0,0.0,0.0
YER016W,0,0,0.0,0.0
YNL306W,11.74505495,1.0,44.33333333333334,0.0
YBR257W,7,1.0,11.333333333333334,0.0
YIL002C,0,0,0.0,0.0
YDL045WA,11.74505495,1.0,28.666666666666668,0.0
YHR195W,0,0,0.0,0.0
YER148W,1.477351916,0.0761904761904762,24.409967320261437,2.0
YJL076W,0.138095238,0.3333333333333333,0.0,0.0
YIL026C,0,0,0.0,0.0
YGR072W,0.226190476,1.0,0.0,0.0
YAR014C,0,0,0.0,0.0
YNL087W,0,0,0.0,0.0
YAL059W,0,0,0.0,0.0
YCL059C,0,0,0.0,0.0
YOR081C,0,0,0.0,0.0
YGL137W,6.748798914,0.8181818181818182,46.3095238095238,10.11111111111111
YDL201W,0,0,0.0,0.0
YER074W,54.58898734,1.0,54.327777777777776,0.0
YML115C,0,0,0.0,0.0
YGL194C,0,0,0.0,0.0
YPL124W,2.173611111,0.14285714285714285,16.583333333333336,10.25
YLR453C,0,0,0.0,0.0
YLR103C,16.00560789,0.9649122807017544,38.946069719753936,0.0
YLR082C,0.666666667,0,0.0,0.0
YJR032W,0.822222222,0.3,2.9846153846153847,0.0
YLR010C,0,0,0.0,0.0
YMR192W,0.09047619,0.06666666666666667,0.7142857142857143,0.0
YGR200C,0,0,0.0,0.0
YLR295C,10.625387,0.6691176470588235,49.06666666666666,0.0
YGR104C,16.77518979,0.8441558441558441,126.90000000000002,1100.0
YLR238W,0,0,0.0,0.0
YAL019W,0,0,0.0,0.0
YOL069W,2.833333333,0.19166666666666668,29.666666666666668,0.0
YDR214W,0,0,0.0,0.0
YER118C,2.253165313,0.029239766081871343,20.545454545454547,0.0
YLR197W,0.583333333,0.3333333333333333,5.333333333333333,0.0
YNL121C,6.533333333,1.0,18.500000000000004,0.0
YOR111W,0,0,0.0,0.0
YHR196W,0,0,0.0,0.0
YBL025W,0.533333333,0.3333333333333333,2.0,0.0
YGR067C,1.049450549,1.0,2.0238095238095237,0.0
YDL145C,6.634513199,0.8,46.464285714285715,10.11111111111111
YBL101C,0,0,0.0,0.0
YJL029C,0,0,0.0,0.0
YJR043C,14.67682571,0.8105263157894737,33.85051834130782,0.0
YNL090W,1.411111111,0.3333333333333333,14.583333333333332,0.0
YNL263C,1.602564103,0.15151515151515152,0.0,0.0
YJL057C,0,0,0.0,0.0
YPL234C,12.15776144,1.0,81.85000000000001,0.0
YKL135C,1.2,0.3,4.75,0.0
YER164W,0,0,0.0,0.0
YMR060C,6.533333333,1.0,19.938095238095237,0.0
YMR190C,0,0,0.0,0.0
YMR311C,3.822222222,0.7333333333333333,21.25,0.0
YDR150W,0.816666667,0.3333333333333333,4.083333333333334,0.0
YBR128C,0,0,0.0,0.0
YBL099W,11.27244582,0.7666666666666667,45.949999999999996,0.0
YBL079W,0.191056911,0.3333333333333333,0.0,0.0
YGL213C,1,0,3.0,0.0
YMR022W,0.666666667,0,2.0,0.0
YGR180C,1.019047619,1.0,16.6,0.0
YBR034C,0,0,0.0,0.0
YER176W,0,0,0.0,0.0
YBL087C,77.88501592,0.9753086419753086,19.066666666666666,0.0
YBR253W,16.70751302,0.8398268398268398,192.41666666666669,1100.0
YOR303W,0,0,0.0,0.0
YPL036W,1.833333333,1.0,0.0,0.0
YML015C,6.629463755,0.8939393939393939,62.166666666666664,0.0
YDR195W,0,0,0.0,0.0
YJL112W,0.666666667,0,0.0,0.0
YCR034W,0.666666667,1.0,0.0,0.0
YLR310C,2.253968254,0.06060606060606061,16.0,0.0
YIR017C,0.955555556,0.26666666666666666,0.0,0.0
YJL061W,0.274270684,0.13333333333333333,0.0,0.0
YHR113W,0,0,0.0,0.0
YKL023W,0,0,0.0,0.0
YER075C,1.333333333,0,0.0,0.0
YNL234W,0,0,0.0,0.0
YPR162C,16.5545831,0.8476190476190476,173.7142857142857,80.0
YLR141W,0.533333333,1.0,2.0,0.0
YNL067W,78.67745419,1.0,19.066666666666666,0.0
YLR449W,0,0,0.0,0.0
YOL086C,0,0,0.0,0.0
YGR144W,0.666666667,0,6.285714285714286,0.0
YGL003C,1.333333333,0,11.333333333333334,0.0
YKR069W,0,0,0.0,0.0
YGR292W,0,0,0.0,0.0
YMR080C,1.833333333,0.022222222222222223,0.0,0.0
YBR234C,0,0,0.0,0.0
YOR087W,0,0,0.0,0.0
YGL100W,3.011904762,1.0,24.142857142857142,10.972222222222223
YNL036W,0,0,0.0,0.0
YHR023W,0,0,0.0,0.0
YJL137C,0,0,0.0,0.0
YCR091W,0,0,0.0,0.0
YBR188C,0,0,0.0,0.0
YIL022W,0.527777778,0.6666666666666666,0.0,0.0
YJL043W,0,0,0.0,0.0
YNL272C,1,0,0.0,0.0
YFL021W,0,0,0.0,0.0
YHR179W,0,0,0.0,0.0
YKL028W,0.375,1.0,0.75,0.0
YBR289W,5.498441428,0.5256410256410257,17.22222222222222,0.0
YDL185W,12.01470588,0.8166666666666667,85.90476190476191,0.0
YLR053C,0,0,0.0,0.0
YLR003C,0,0,0.0,0.0
YMR124W,0.333333333,0.3333333333333333,6.0,0.0
YMR308C,0.767485755,0.07692307692307693,12.967532467532468,0.0
YMR216C,0.051315789,0.06666666666666667,0.0,0.0
YNL062C,3.874007937,1.0,35.666666666666664,36.0
YPL129W,12.62222222,0.2868686868686869,917.0,0.0
YHR060W,0.558823529,1.0,1.0,0.0
YMR009W,0,0,0.0,0.0
YOL148C,8.484073378,1.0,111.19999999999999,0.0
YDR482C,0,0,0.0,0.0
YFR047C,0,0,0.0,0.0
YLR145W,0,0,0.0,0.0
YBR200W,0.94747151,0.10606060606060606,22.25,0.0
YDL044C,11.36483516,1.0,35.898809523809526,0.0
YNL054W,0,0,0.0,0.0
YMR044W,0,0,0.0,0.0
YPL243W,3.866666667,1.0,11.7,2.0
YOR085W,6.611111111,1.0,4.583333333333334,0.0
YMR134W,0,0,0.0,0.0
YDR155C,0,0,0.0,0.0
YJR122W,8.711226927,1.0,139.33333333333334,0.0
YOR197W,0,0,0.0,0.0
YPL026C,0.666666667,0,1.1428571428571428,0.0
YNL086W,0,0,0.0,0.0
YOR386W,0,0,0.0,0.0
YFL039C,2.862433862,0.04666666666666667,27.301900584795323,0.0
YDR309C,2.269318182,0.17142857142857143,40.172402597402595,0.0
YPR161C,0,0,0.0,0.0
YDL226C,0,0,0.0,0.0
YOR101W,0,0,0.0,0.0
YHR108W,0,0,0.0,0.0
YHR182W,0,0,0.0,0.0
YPR191W,6.902777778,1.0,16.409523809523808,0.0
YHR164C,0,0,0.0,0.0
YGR274C,6.918576097,0.5833333333333334,46.51278166278166,0.0
YKL173W,0,0,0.0,0.0
YER122C,0,0,0.0,0.0
YGR232W,32.02698937,1.0,506.91666666666663,0.0
YJR056C,0.666666667,0,0.0,0.0
YHR206W,1.648351648,0.1,6.181818181818182,2.0
YLR029C,78.67745419,1.0,19.066666666666666,0.0
YLR423C,2.132478632,0.10714285714285714,14.62179487179487,0.0
YDL180W,0,0,0.0,0.0
YHR118C,16.5545831,0.8476190476190476,44.82269309637731,0.0
YDR499W,0.666666667,0,0.0,0.0
YNR046W,0,0,0.0,0.0
YDR443C,3.533151652,0.4727272727272727,45.0,0.0
YGR113W,0.533333333,1.0,1.1428571428571428,0.0
YJR089W,0.18452381,1.0,2.125,0.0
YDR007W,0,0,0.0,0.0
YMR121C,78.67745419,1.0,19.066666666666666,0.0
YGL115W,2.582539683,1.0,5.9071428571428575,0.0
YOR177C,0,0,0.0,0.0
YIL046W,2.065151515,0.10714285714285714,2.5955882352941178,0.0
YLR191W,1.090909091,0.10909090909090909,2.0,0.0
YCL061C,0,0,0.0,0.0
YMR131C,0,0,0.0,0.0
YER069W,0,0,0.0,0.0
YBL003C,4.255538579,1.0,12.6,2.0
YCL054W,0,0,0.0,0.0
YBR138C,0,0,0.0,0.0
YLR105C,1.733333333,1.0,2.2666666666666666,0.0
YDL106C,0,0,0.0,0.0
YKL020C,1,0,15.6,0.0
YFL060C,0,0,0.0,0.0
YFL005W,0.16025641,0.16666666666666666,0.0,0.0
YFR037C,7.463585434,0.8444444444444444,29.248366013071895,0.0
YHR024C,0,0,0.0,0.0
YPR111W,0,0,0.0,0.0
YMR076C,0,0,0.0,0.0
YMR194W,78.67745419,1.0,19.066666666666666,0.0
YOR132W,1.285714286,1.0,2.0,0.0
YAR044W,0,0,0.0,0.0
YJL034W,1.333333333,0,0.0,0.0
YLR178C,0.395238095,0.5,4.964285714285714,0.0
YNL214W,1.62987013,1.0,2.0,0.0
YER117W,78.96797286,1.0,19.066666666666666,0.0
YLR258W,1.2,0,4.0,0.0
YLR363C,0,0,0.0,0.0
YPL119C,0,0,0.0,0.0
YDL154W,0,0,0.0,0.0
YPL081W,54.58898734,1.0,54.327777777777776,0.0
YHR039CA,11.7244281,0.8666666666666667,61.35194805194806,0.0
YHR184W,0,0,0.0,0.0
YBL061C,0,0,0.0,0.0
YDR511W,0,0,0.0,0.0
YGR146C,0,0,0.0,0.0
YLR337W,0.86293912,0.42857142857142855,0.0,0.0
YFR033C,6.902777778,1.0,17.6,0.0
YOL131W,0,0,0.0,0.0
YCR033W,0,0,0.0,0.0
YIL007C,1.482664996,0.1,29.666666666666668,0.0
YLR452C,0.105263158,0.005847953216374269,10.0,0.0
YLR118C,0,0,0.0,0.0
YJL110C,0.375,0.3333333333333333,0.8571428571428571,0.0
YEL024W,6.222222222,0.7777777777777778,20.666666666666668,2.25
YDR464W,0,0,0.0,0.0
YKL018W,0.571428571,0.04395604395604396,5.314285714285714,0.0
YML073C,78.67745419,1.0,19.066666666666666,0.0
YIL018W,78.67745419,1.0,19.066666666666666,0.0
YOL034W,0,0,0.0,0.0
YBR136W,0.666666667,0,0.0,0.0
YGR261C,1.511111111,0.4,0.0,0.0
YHR056C,0,0,0.0,0.0
YDR289C,0,0,0.0,0.0
YDR020C,0,0,0.0,0.0
YNL245C,0,0,0.0,0.0
YLR177W,0,0,0.0,0.0
YNL301C,78.67745419,1.0,19.066666666666666,0.0
YKR052C,11.36483516,1.0,78.08333333333333,0.0
YDR480W,1,0,0.0,0.0
YEL003W,2.6,1.0,3.619047619047619,0.0
YML094W,2.6,1.0,3.619047619047619,0.0
YCR093W,8.665266106,0.4380952380952381,62.10128205128205,0.0
YDR422C,2.211111111,0.35714285714285715,5.885714285714286,0.0
YLR359W,0,0,0.0,0.0
YCLX08C,0,0,0.0,0.0
YGR246C,0.9,0.3,1.7,0.0
YER171W,6.226190476,0.5757575757575758,25.250162784412012,0.0
YJL098W,0,0,0.0,0.0
YPL075W,0,0,0.0,0.0
YGL022W,6.805555556,0.8611111111111112,4.583333333333334,0.0
YNL253W,0,0,0.0,0.0
YGL093W,0,0,0.0,0.0
YIR005W,0,0,0.0,0.0
YJL063C,30,1.0,78.66666666666667,0.0
YOL128C,0,0,0.0,0.0
YOR334W,11.36483516,1.0,35.898809523809526,0.0
YNR034W,0,0,0.0,0.0
YDR485C,0,0,0.0,0.0
YHR098C,0,0,0.0,0.0
YDL240W,0,0,0.0,0.0
YOR272W,0,0,0.0,0.0
YIL066C,2.571428571,0.4,20.133333333333333,0.0
YBR037C,0.666666667,0,0.0,0.0
YLR312WA,30,1.0,50.83333333333333,0.0
YPR166C,11.74505495,1.0,28.666666666666668,0.0
YCR024C,0,0,0.0,0.0
YEL036C,0.666666667,0.3333333333333333,2.6666666666666665,0.0
YDR459C,0,0,0.0,0.0
YGR159C,0,0,0.0,0.0
YPR049C,0,0,0.0,0.0
YBR203W,0,0,0.0,0.0
YKR084C,3.111111111,0.6666666666666666,7.833333333333334,0.0
YBR098W,0.094298246,0.3333333333333333,0.0,0.0
YAL017W,0.666666667,0,0.0,0.0
YKL110C,0,0,0.0,0.0
YJL074C,1.25,0.12121212121212122,11.541666666666666,0.0
YEL009C,1.829363354,0.30303030303030304,13.28034188034188,0.0
YMR094W,2.132936508,0.6666666666666666,2.0723981900452486,0.0
YDR385W,0,0,0.0,0.0
YJL026W,2.219047619,1.0,18.8,0.0
YMR218C,8,1.0,21.038095238095238,0.0
YDR086C,0.7,1.0,0.0,0.0
YML021C,0,0,0.0,0.0
YGL131C,0,0,0.0,0.0
YLR233C,1.6,0.3333333333333333,0.0,0.0
YDL184WB,12.15776144,1.0,61.35194805194806,0.0
YOR069W,2.857142857,0.5,9.114285714285714,0.0
YBR173C,31.78413223,0.9444444444444444,367.50000000000006,0.0
YJL183W,1.333333333,0.6666666666666666,4.166666666666667,0.0
YOL040C,54.58898734,1.0,54.327777777777776,0.0
YGL095C,0,0,0.0,0.0
YJR104C,0,0,0.0,0.0
YMR071C,0,0,0.0,0.0
YLR167W,54.58898734,1.0,145.88333333333333,0.0
YER105C,0.050125313,0.06666666666666667,2.1142857142857143,0.0
YGL092W,4.032796153,0.3333333333333333,26.424908424908427,0.0
YER023W,0.666666667,0,11.0,0.0
YIL132C,0,0,0.0,0.0
YGL105W,0,0,0.0,0.0
YKL117W,0.888888889,0.6666666666666666,8.628571428571428,0.0
YBR175W,0,0,0.0,0.0
YKR085C,30,1.0,107.5,0.0
YOR023C,0,0,0.0,0.0
YOR045W,6.533333333,1.0,22.9,0.0
YJL148W,8.686308892,1.0,25.261507936507936,0.0
YDR246W,8,1.0,29.923809523809524,12.5
YHR005CA,8.6,0.45263157894736844,37.898809523809526,0.0
YOR231W,0.182539683,0.1,2.033333333333333,0.0
YJR048W,0,0,0.0,0.0
YLR291C,3.333333333,1.0,7.666666666666666,0.0
YNL013C,0,0,0.0,0.0
YMR065W,0.194444444,0.06666666666666667,0.0,0.0
YGR192C,0,0,0.0,0.0
YJR145C,54.58898734,1.0,54.327777777777776,0.0
YDR337W,11.74505495,1.0,44.333333333333336,0.0
YKL150W,0,0,0.0,0.0
YLR153C,0,0,0.0,0.0
YAL051W,0,0,0.0,0.0
YGR238C,0,0,0.0,0.0
YGR193C,2.678571429,1.0,16.75,0.0
YLR347C,0.809198209,0.10606060606060606,2.0238095238095237,0.0
YLR396C,1.711111111,0.6666666666666666,4.041666666666666,0.0
YJL081C,0.842055004,1.0,4.023809523809524,0.0
YDL042C,0,0,0.0,0.0
YER028C,0,0,0.0,0.0
YMR012W,0,0,0.0,0.0
YLR287CA,54.58898734,1.0,54.327777777777776,0.0
YER104W,0,0,0.0,0.0
YKR059W,0,0,0.0,0.0
YMR270C,0.647619048,0.2,7.25,0.0
YIL150C,0.566798419,0.4,8.0,0.0
YDR277C,0,0,0.0,0.0
YIL021W,7.541533752,0.6333333333333333,86.78571428571426,0.0
YDR409W,0.243589744,0.1,0.0,0.0
YMR199W,1.428571429,0,2.6666666666666665,0.0
YOR038C,1.182067932,1.0,0.0,0.0
YHR141C,78.67745419,1.0,19.066666666666666,0.0
YER123W,1.133333333,1.0,3.3333333333333335,0.0
YOL123W,1.5,0.21428571428571427,2.083333333333333,0.0
YOR250C,1.903571429,0.6,4.0,0.0
YLR025W,1.6,0.3333333333333333,0.0,0.0
YHL033C,78.67745419,1.0,19.066666666666666,0.0
YFL059W,0.666666667,0,2.0,0.0
YNL032W,0.666666667,0,2.6666666666666665,0.0
YER125W,1.768091168,0.09523809523809523,4.918128654970761,0.0
YJL218W,0,0,0.0,0.0
YJL140W,7.774889173,0.9102564102564102,58.017857142857146,12.0
YPR108W,31.88907803,0.9476190476190476,273.34999999999997,0.0
YER161C,1,0,1.1111111111111112,0.0
YBL112C,0,0,0.0,0.0
YNR053C,0.546694659,0.19047619047619047,8.0,0.0
YLR265C,0,0,0.0,0.0
YPL094C,1.833333333,1.0,5.083333333333334,0.0
YML042W,1,0,5.0,0.0
YKL188C,0,0,0.0,0.0
YEL017CA,1.833333333,1.0,0.0,0.0
YPR047W,1,1.0,0.0,0.0
YFR052W,32.02698937,1.0,425.63333333333355,0.0
YGL220W,0,0,0.0,0.0
YDR127W,0,0,0.0,0.0
YPR176C,0.583333333,0.3333333333333333,2.2666666666666666,0.0
YFL009W,2.042929293,0.14285714285714285,16.90277777777778,0.0
YJR060W,0.277777778,0.16666666666666666,0.0,0.0
YBL052C,0,0,0.0,0.0
YGL153W,2.987012987,0.6,9.0,0.0
YDR097C,0,0,0.0,0.0
YHR041C,16.32634921,0.7318840579710145,124.93095238095239,0.0
YJL111W,5.488095238,1.0,4.0,0.0
YJR062C,0,0,0.0,0.0
YMR230W,54.58898734,1.0,54.327777777777776,0.0
YDR377W,12.19576515,1.0,61.5,0.0
YDL028C,0,0,0.0,0.0
YLR406C,78.67745419,1.0,19.066666666666666,0.0
YMR038C,0.666666667,0,3.7142857142857144,0.0
YHR209W,0,0,0.0,0.0
YML064C,1.777777778,0.047619047619047616,4.1,0.0
YPL001W,0,0,0.0,0.0
YMR312W,0,0,0.0,0.0
YDL067C,5.892857143,1.0,8.533333333333333,0.0
YIL122W,0,0,0.0,0.0
YPL135W,0,0,0.0,0.0
YER149C,0.333333333,0.16666666666666666,0.16666666666666666,0.0
YMR228W,0,0,0.0,0.0
YPL173W,30,1.0,50.83333333333333,0.0
YBL002W,4.255538579,1.0,4.357142857142858,0.0
YLR131C,0,0,0.0,0.0
YCL009C,0,0,0.0,0.0
YGL249W,0,0,0.0,0.0
YGR054W,0,0,0.0,0.0
YMR108W,0,0,0.0,0.0
YML088W,0.666666667,0,2.6666666666666665,0.0
YDR227W,1.87916985,0.05555555555555555,0.0,0.0
YKL113C,0.666666667,0,0.0,0.0
YKR104W,0,0,0.0,0.0
YOR179C,0,0,0.0,0.0
YDL165W,9.322128852,0.5955882352941176,66.41428571428571,0.0
YDL230W,0,0,0.0,0.0
YPL191C,0,0,0.0,0.0
YOR109W,0,0,0.0,0.0
YNL230C,0,0,0.0,0.0
YDR395W,1.703174603,0.047619047619047616,3.3333333333333335,0.0
YPL070W,0,0,0.0,0.0
YGL147C,78.67745419,1.0,19.066666666666666,0.0
YOR043W,0.666666667,0,0.0,0.0
YGL096W,0,0,0.0,0.0
YLR213C,0,0,0.0,0.0
YHR170W,0,0,0.0,0.0
YPR185W,0,0,0.0,0.0
YNL191W,0,0,0.0,0.0
YJR090C,2.246969697,0.14285714285714285,4.48844537815126,0.0
YPR134W,11.36483516,1.0,106.00000000000001,0.0
YDR369C,1.490909091,0.3333333333333333,0.6666666666666666,0.0
YOL127W,77.01675334,0.9515206263173743,123.79999999999998,0.0
YKL048C,0.666666667,0,0.6153846153846154,0.0
YJL180C,0,0,0.0,0.0
YNL188W,0,0,0.0,0.0
YBR154C,13.96674877,0.5185185185185185,110.15396825396824,26.0
YMR032W,0.551667631,0.0641025641025641,2.0404040404040407,0.0
YER173W,1.428571429,0,5.428571428571429,2.0
YHR105W,0,0,0.0,0.0
YIL050W,0,0,0.0,0.0
YKR080W,0,0,0.0,0.0
YJR007W,1.416666667,1.0,4.125,0.0
YDR469W,0,0,0.0,0.0
YDL077C,0,0,0.0,0.0
YLR324W,0,0,0.0,0.0
YPL210C,3.866666667,1.0,14.833333333333332,2.0
YDR407C,8,1.0,21.974603174603175,0.0
YER021W,32.02698937,1.0,663.3333333333334,0.0
YPL112C,0,0,0.0,0.0
YGL071W,0,0,0.0,0.0
YFR034C,2.280016878,0.12727272727272726,28.000000000000004,0.0
YDL003W,0,0,0.0,0.0
YNL118C,0.058869702,0.003076923076923077,3.482456140350877,0.0
YBR222C,0,0,0.0,0.0
YLR357W,6.033817163,0.8,31.241666666666664,36.0
YDL155W,0,0,0.0,0.0
YLR212C,0.666666667,1.0,0.8181818181818182,0.0
YGR047C,2.285714286,0.38095238095238093,4.023809523809524,0.0
YBR079C,3.3125,0.4444444444444444,24.069444444444446,36.0
YLR032W,1,0,0.0,0.0
YDR267C,0.666666667,0,1.6,0.0
YKL156W,54.58898734,1.0,54.327777777777776,0.0
YDR274C,0,0,0.0,0.0
YJR159W,0,0,0.0,0.0
YOR188W,0,0,0.0,0.0
YML058W,1.50952381,0.3333333333333333,16.75,0.0
YER066CA,0,0,0.0,0.0
YNL293W,0,0,0.0,0.0
YLR076C,0,0,0.0,0.0
YKR030W,0.094298246,0.1,0.0,0.0
YOR310C,0.583333333,0.3333333333333333,3.0416666666666665,0.0
YHR012W,1.285714286,1.0,4.8,0.0
YML124C,0,0,0.0,0.0
YPR023C,0,0,0.0,0.0
YHR015W,0,0,0.0,0.0
YHR143WA,14.01295384,0.5441595441595442,76.75555555555556,0.0
YIL106W,8.640714106,0.8461538461538461,60.742857142857154,0.0
YER018C,0,0,0.0,0.0
YGL206C,0.766666667,0.2,0.0,0.0
YPL140C,1,0,0.0,0.0
YDR164C,0.361111111,0.3333333333333333,2.761904761904762,0.0
YML098W,6.373590952,1.0,71.0,12.0
YER022W,16.10079365,0.7210144927536232,114.55317460317461,0.0
YPL031C,1.555555556,0,0.0,0.0
YNL258C,0,0,0.0,0.0
YHR161C,0.333333333,0.06666666666666667,0.0,0.0
YDR145W,11.00907605,0.5584415584415584,100.85454545454543,114.0
YNL050C,0,0,0.0,0.0
YDR237W,30,1.0,78.66666666666667,0.0
YJR086W,0.41991342,0.6666666666666666,8.5,0.0
YGR135W,32.04744263,0.9523809523809523,278.4095238095238,0.0
YMR253C,0.094298246,0.3333333333333333,0.0,0.0
YLR440C,0,0,0.0,0.0
YLL050C,0.666666667,0,0.0,0.0
YKR083C,0,0,0.0,0.0
YER177W,0.666666667,0,0.0,0.0
YDR082W,0,0,0.0,0.0
YDR390C,0.533333333,0.3333333333333333,2.6545454545454548,0.0
YKL075C,0,0,0.0,0.0
YDL195W,4.285714286,1.0,7.75,0.0
YML035C,0,0,0.0,0.0
YKL050C,0,0,0.0,0.0
YMR203W,6.366666667,0.8055555555555556,34.83333333333333,2.0
YNL182C,0,0,0.0,0.0
YML075C,0.583333333,1.0,0.0,0.0
YPL164C,1,0,0.0,0.0
YHR156C,0,0,0.0,0.0
YMR112C,16.87342211,1.0,227.66666666666666,1100.0
YPR181C,4.387955182,0.3516483516483517,9.813492063492063,0.0
YAL033W,7,1.0,7.870707070707071,0.0
YPL022W,2.105263158,0.022058823529411766,8.68421052631579,0.0
YDL108W,6.140880858,0.6545454545454545,17.76904761904762,0.0
YNL218W,0,0,0.0,0.0
YJL054W,2.65,0.8,4.675,0.0
YBL066C,0.118686869,1.0,0.0,0.0
YKL052C,0,0,0.0,0.0
YGR243W,0,0,0.0,0.0
YBR221C,2.678571429,1.0,12.277777777777779,0.0
YBR213W,0,0,0.0,0.0
YNL094W,2.036654135,0.022058823529411766,0.0,0.0
YBL036C,0,0,0.0,0.0
YGL035C,1.682539683,0.1,4.714285714285714,0.0
YNL066W,0,0,0.0,0.0
YIR008C,1.520289855,0.8333333333333334,7.0,0.0
YIL117C,0,0,0.0,0.0
YGL154C,0,0,0.0,0.0
YOL004W,0.727272727,0.07272727272727272,28.485,0.0
YHR178W,0,0,0.0,0.0
YCL052C,0,0,0.0,0.0
YDR316W,0,0,0.0,0.0
YLR429W,1.2,0,0.0,0.0
YNL302C,54.58898734,1.0,54.327777777777776,0.0
YER032W,0.188034188,0.027777777777777776,2.2403846153846154,0.0
YER112W,1.826086957,0,18.0,0.0
YNL035C,0,0,0.0,0.0
YLR206W,0,0,0.0,0.0
YBR094W,0,0,0.0,0.0
YDL074C,2.911111111,0.2857142857142857,7.208333333333333,0.0
YAR009C,0,0,0.0,0.0
YKR064W,0,0,0.0,0.0
YNL093W,1.36025641,0.3333333333333333,1.1428571428571428,0.0
YDR320C,0.533333333,0.3333333333333333,0.0,0.0
YKL059C,0,0,0.0,0.0
YJL024C,1.466666667,1.0,0.0,0.0
YDL017W,4.505105402,0.7777777777777778,10.188311688311687,0.0
YMR019W,0,0,0.0,0.0
YLR309C,0,0,0.0,0.0
YOL133W,1.428571429,0,5.2,0.0
YBR270C,0,0,0.0,0.0
YDR477W,1.6,0.11428571428571428,5.885714285714286,0.0
YOL110W,0,0,0.0,0.0
YFR021W,0,0,0.0,0.0
YER131W,53.83146854,0.9655388471177945,54.327777777777776,0.0
YHR158C,1.777777778,0.047619047619047616,2.6666666666666665,0.0
YBR081C,8.484073378,1.0,45.76175520386047,0.0
YGL149W,0,0,0.0,0.0
YCL011C,0.666666667,0,0.0,0.0
YMR056C,0,0,0.0,0.0
YOR202W,0,0,0.0,0.0
YDL184C,78.67745419,1.0,19.066666666666666,0.0
YER070W,2.595238095,0.6666666666666666,87.0,0.0
YDL143W,5.488095238,1.0,4.0,0.0
YAR008W,1.733333333,1.0,1.2,0.0
YER094C,32.02698937,1.0,379.93333333333334,578.0
YGR052W,0,0,0.0,0.0
YCR088W,2.62068668,0.13636363636363635,37.33333333333333,0.0
YNL084C,0.302020202,0.05555555555555555,1.0,0.0
YPL115C,1.622377622,0.06666666666666667,8.149999999999999,0.0
YGR041W,0,0,0.0,0.0
YHR216W,0,0,0.0,0.0
YFL014W,0,0,0.0,0.0
YHR099W,8.162919531,0.6583333333333333,45.761755203860474,0.0
YDR363W,0,0,0.0,0.0
YHR086W,0,0,0.0,0.0
YHL025W,5.188884318,1.0,16.88888888888889,0.0
YDR118W,7.992857143,1.0,24.6,0.0
YDR378C,0,0,0.0,0.0
YJL085W,4.103354978,0.7619047619047619,3.0416666666666665,0.0
YNL096C,54.58898734,1.0,54.327777777777776,0.0
YHR169W,0,0,0.0,0.0
YDR130C,1.616605617,0.1,6.461538461538462,0.0
YDR229W,0,0,0.0,0.0
YLL024C,0.224603175,0.09523809523809523,4.26419413919414,0.0
YPR104C,0,0,0.0,0.0
YCR087W,0,0,0.0,0.0
YOR370C,0.5,0.16666666666666666,0.6,0.0
YKR094C,78.67745419,1.0,19.066666666666666,0.0
YDL112W,0,0,0.0,0.0
YLL045C,78.67745419,1.0,19.066666666666666,0.0
YKR086W,0,0,0.0,0.0
YNR016C,0,0,0.0,0.0
YHR073W,0.666666667,0,0.6153846153846154,0.0
YPR071W,0,0,0.0,0.0
YMR246W,0,0,0.0,0.0
YDR244W,1.558441558,0.2857142857142857,2.0,0.0
YAL018C,0,0,0.0,0.0
YCL063W,0,0,0.0,0.0
YDL025C,0,0,0.0,0.0
YDR339C,0,0,0.0,0.0
YCL037C,0,0,0.0,0.0
YNR001C,0,0,0.0,0.0
YHR147C,30,1.0,69.83333333333333,0.0
YKL122C,3.866666667,1.0,20.0,0.0
YIR038C,0,0,0.0,0.0
YDR100W,0,0,0.0,0.0
YJL143W,0.458333333,0.3333333333333333,3.666666666666667,0.0
YER179W,15.17222222,0.5846153846153846,90.10515873015875,0.0
YLR094C,0,0,0.0,0.0
YKL078W,0,0,0.0,0.0
YNL027W,0.21978022,0.06666666666666667,0.0,0.0
YGL180W,0,0,0.0,0.0
YOL120C,78.67745419,1.0,19.066666666666666,0.0
YOL121C,54.58898734,1.0,54.327777777777776,0.0
YMR237W,0,0,0.0,0.0
YML104C,0,0,0.0,0.0
YMR089C,0.5,1.0,0.625,0.0
YDL082W,78.67745419,1.0,19.066666666666666,0.0
YDR235W,0,0,0.0,0.0
YBR048W,52.94792347,0.9316394434361767,54.327777777777776,0.0
YHR026W,12.15776144,1.0,61.35194805194806,0.0
YGR082W,6.144444444,0.7777777777777778,19.542857142857144,2.0
YPR051W,0,0,0.0,0.0
YHL002W,0.467908903,0.04395604395604396,2.6666666666666665,0.0
YOR142W,0,0,0.0,0.0
YOR063W,77.04057637,0.9518217404396266,19.066666666666666,0.0
YLR371W,0,0,0.0,0.0
YPL079W,78.67745419,1.0,19.066666666666666,0.0
YDL156W,0.666666667,0,0.0,0.0
YDL181W,9.578947368,0.5321637426900585,63.66666666666666,2.0
YDR183W,0,0,0.0,0.0
YIL115C,0.333333333,0.06666666666666667,2.033333333333333,0.0
YPR101W,0.243589744,1.0,1.0,0.0
YGR010W,0,0,0.0,0.0
YLL049W,0,0,0.0,0.0
YOL100W,0,0,0.0,0.0
YDL146W,0,0,0.0,0.0
YOR361C,3.889880952,0.7619047619047619,45.833333333333336,0.0
YDR129C,1.383964184,0.6666666666666666,5.961988304093567,0.0
YIL118W,0.793650794,0.5,3.625,0.0
YNL329C,0,0,0.0,0.0
YHR115C,0,0,0.0,0.0
YEL005C,0,0,0.0,0.0
YMR117C,2.51965812,0.10909090909090909,23.400000000000002,2.0
YOL077WA,12.19576515,1.0,43.47380952380952,0.0
YGL143C,0,0,0.0,0.0
YMR106C,1,0,2.1538461538461537,2.0
YEL021W,0,0,0.0,0.0
YOR076C,0,0,0.0,0.0
YKL148C,2.5,0.8333333333333334,3.7857142857142856,0.0
YJR010CA,0.666666667,0.3333333333333333,0.0,0.0
YOR227W,0,0,0.0,0.0
YHR014W,0,0,0.0,0.0
YKL138C,30,1.0,78.66666666666667,80.0
YHR117W,6.533333333,1.0,42.5,0.0
YDR450W,54.58898734,1.0,54.327777777777776,0.0
YKR025W,0,0,0.0,0.0
YHR119W,1.2,0,1.1818181818181819,0.0
YDL153C,0,0,0.0,0.0
YOL090W,1.060530113,0.16666666666666666,4.2894736842105265,2.0
YIL061C,0,0,0.0,0.0
YLR160C,0,0,0.0,0.0
YOL068C,0.285714286,0.047619047619047616,2.571428571428571,0.0
YDL087C,0,0,0.0,0.0
YNL167C,1.411111111,0.3333333333333333,12.600000000000001,0.0
YDR027C,0,0,0.0,0.0
YKL021C,0,0,0.0,0.0
YKR008W,6.211594941,1.0,49.166666666666664,36.0
YPL064C,0,0,0.0,0.0
YPL095C,0,0,0.0,0.0
YGR178C,0,0,0.0,0.0
YJR023C,0,0,0.0,0.0
YPL143W,78.67745419,1.0,19.066666666666666,0.0
YFL037W,0.325,0.1,0.35714285714285715,0.0
YJR068W,2.895238095,1.0,15.125,0.0
YLR019W,0,0,0.0,0.0
YBR217W,1.2,0,2.4,0.0
YGR214W,53.79638082,0.9649122807017544,54.327777777777776,0.0
YOR217W,2.895238095,1.0,14.850000000000001,0.0
YLR293C,2.742647059,0.08791208791208792,21.195454545454545,2.0
YNL178W,54.58898734,1.0,103.77222222222217,0.0
YPL005W,0,0,0.0,0.0
YMR239C,0,0,0.0,0.0
YDL132W,3.026515152,0.25,24.4,0.0
YKL041W,0.45,1.0,0.0,0.0
YLR246W,0,0,0.0,0.0
YMR048W,0,0,0.0,0.0
YIL113W,0,0,0.0,0.0
YGL238W,0,0,0.0,0.0
YDR490C,0.666666667,0,0.0,0.0
YGL116W,1.333333333,0,5.2,0.0
YHR071W,0,0,0.0,0.0
YER127W,0,0,0.0,0.0
YDL014W,0.5,0.16666666666666666,3.0416666666666665,0.0
YGL094C,0,0,0.0,0.0
YDR113C,1.428571429,0,16.0,0.0
YPL139C,0,0,0.0,0.0
YGR040W,3.038956365,0.38095238095238093,15.6,0.0
YER040W,0.5,0.07142857142857142,0.0,0.0
YGL086W,1.428571429,0,7.428571428571429,0.0
YKL092C,0,0,0.0,0.0
YNL259C,0,0,0.0,0.0
YGR162W,1.111111111,0.5,1.25,0.0
YNL006W,1,0,2.0,0.0
YER007W,1,0,3.3333333333333335,0.0
YOR140W,0.290953008,0.3333333333333333,4.321428571428571,2.0
YNL138W,0.208333333,0.2,0.75,0.0
YLR045C,0,0,0.0,0.0
YHR103W,0,0,0.0,0.0
YDL043C,1.894736842,0.007352941176470588,18.0,0.0
YFR015C,0,0,0.0,0.0
YDR224C,4.12464986,0.42424242424242425,19.914285714285715,6.0
YPL218W,4.482026144,0.4393939393939394,9.813492063492063,0.0
YHR079CA,0,0,0.0,0.0
YKR092C,0,0,0.0,0.0
YDR080W,0,0,0.0,0.0
YER011W,0,0,0.0,0.0
YIL009CA,0.7,1.0,0.0,0.0
YCR009C,1.636363636,0,3.3333333333333335,0.0
YER031C,0.16025641,0.06666666666666667,0.0,0.0
YBL017C,0,0,0.0,0.0
YBR050C,0,0,0.0,0.0
YJL139C,0,0,0.0,0.0
YNL078W,0,0,0.0,0.0
YKL082C,0.367099567,0.3,4.6886363636363635,0.0
YKL176C,0,0,0.0,0.0
YBR258C,0,0,0.0,0.0
YKL019W,0,0,0.0,0.0
YIL156W,0.331587708,0.5,0.0,0.0
YLR120C,0,0,0.0,0.0
YPL029W,11.36483516,1.0,45.1595238095238,0.0
YBR117C,0,0,0.0,0.0
YER009W,0.620039683,0.1111111111111111,18.833333333333332,0.0
YBL054W,0,0,0.0,0.0
YJL090C,1,0,2.6,0.0
YKR029C,0,0,0.0,0.0
YBR039W,12.19576515,1.0,54.949999999999996,0.0
YDR054C,1.152525253,0.7,5.625816993464053,0.0
YLR234W,0,0,0.0,0.0
YHR079C,0,0,0.0,0.0
YNL225C,0.958333333,0.6666666666666666,1.0,0.0
YCR023C,0,0,0.0,0.0
YCR014C,0.666666667,0,0.0,0.0
YOR182C,54.58898734,1.0,54.327777777777776,0.0
YOR207C,7.289556045,0.8461538461538461,19.410714285714285,0.0
YMR186W,2.444444444,0.19047619047619047,12.846428571428572,0.0
YMR227C,6.373590952,1.0,36.36480186480186,0.0
YAL011W,0.277777778,0.1,0.0,0.0
YCR057C,0,0,0.0,0.0
YBL045C,6.902777778,1.0,15.514285714285714,0.0
YOR167C,54.58898734,1.0,201.95000000000016,0.0
YPR172W,0,0,0.0,0.0
YHR144C,0,0,0.0,0.0
YAL047C,0.181818182,0.01818181818181818,0.0,0.0
YLR370C,3.00952381,1.0,10.014285714285714,0.0
YDL102W,14.95615447,1.0,33.85051834130782,0.0
YJL164C,2.4,1.0,12.5,0.0
YOR017W,0,0,0.0,0.0
YOR324C,0,0,0.0,0.0
YMR286W,30,1.0,50.83333333333333,0.0
YGR060W,0,0,0.0,0.0
YOL149W,0,0,0.0,0.0
YBR066C,0,0,0.0,0.0
YFR028C,0.596825397,0.6666666666666666,2.5,0.0
YBR276C,0,0,0.0,0.0
YBR087W,2.761904762,0.6666666666666666,18.375,0.0
YML121W,0,0,0.0,0.0
YOL144W,0,0,0.0,0.0
YGR222W,10.2,0.7428571428571429,44.23452380952381,0.0
YJL042W,0,0,0.0,0.0
YKL189W,0,0,0.0,0.0
YER143W,0,0,0.0,0.0
YKL210W,0,0,0.0,0.0
YIL159W,0.171428571,0.022222222222222223,0.0,0.0
YDL090C,0,0,0.0,0.0
YOR125C,0,0,0.0,0.0
YBL085W,0.590967366,0.08888888888888889,9.75151515151515,0.0
YCR001W,0,0,0.0,0.0
YIL072W,1.366666667,1.0,6.0,0.0
YBR109C,1.95,0.001422475106685633,9.09090909090909,0.0
YHR207C,0,0,0.0,0.0
YPR182W,0,0,0.0,0.0
YDL126C,0,0,0.0,0.0
YAL035W,0,0,0.0,0.0
YDR266C,0,0,0.0,0.0
YGR233C,0,0,0.0,0.0
YGL173C,0.250596313,0.10714285714285714,0.631578947368421,0.0
YGL061C,0.203417757,0.02564102564102564,2.0,0.0
YPR173C,0.45,0.16666666666666666,0.0,0.0
YPL240C,2.652777778,0.06666666666666667,16.81758241758242,0.0
YMR323W,0,0,0.0,0.0
YLR447C,12.15776144,1.0,61.35194805194806,0.0
YNL148C,0,0,0.0,0.0
YMR035W,0,0,0.0,0.0
YPR103W,30.00518461,0.7730769230769231,389.2999999999999,578.0
YKL130C,0,0,0.0,0.0
YLR015W,0,0,0.0,0.0
YKL133C,0,0,0.0,0.0
YEL026W,0,0,0.0,0.0
YER111C,0.535353535,0.3333333333333333,4.587301587301587,0.0
YNL314W,1.375,1.0,7.5,0.0
YDL056W,0,0,0.0,0.0
YCR005C,0.666666667,0,0.0,0.0
YBR143C,0,0,0.0,0.0
YOL065C,0,0,0.0,0.0
YNL049C,0,0,0.0,0.0
YHL027W,0,0,0.0,0.0
YML099C,1.079365079,0.19047619047619047,8.666666666666666,0.0
YCR048W,0,0,0.0,0.0
YDL213C,0,0,0.0,0.0
YJR047C,0,0,0.0,0.0
YNL248C,8.686308892,1.0,25.261507936507936,0.0
YOL051W,15.76746032,0.7065217391304348,114.02698412698413,0.0
YCL040W,0.666666667,0,4.75,0.0
YBR031W,78.67745419,1.0,19.066666666666666,0.0
YOL145C,0.048255814,0.16666666666666666,0.2608695652173913,0.0
YJR092W,0,0,0.0,0.0
YOR327C,0,0,0.0,0.0
YDR172W,0,0,0.0,0.0
YHL018W,0,0,0.0,0.0
YGR089W,1.805555556,0.022222222222222223,0.0,0.0
YFL017C,0,0,0.0,0.0
YKR036C,10.88824697,0.8351648351648352,110.01666666666667,0.0
YLL038C,0,0,0.0,0.0
YER068W,8.640714106,0.8461538461538461,44.142857142857146,0.0
YBL021C,2.4,1.0,2.857142857142857,0.0
YOR285W,0,0,0.0,0.0
YJL025W,1.342857143,0.6666666666666666,16.25,0.0
YFL016C,1.491666667,0.3333333333333333,0.0,0.0
YDL101C,1.428571429,0,6.0,0.0
YPR010C,8.270191676,0.7523809523809524,25.261507936507936,0.0
YBR195C,0.666666667,0,3.2,0.0
YNL153C,2,0.4,4.023809523809524,0.0
YHR051W,5.892857143,1.0,15.66666666666667,0.0
YMR096W,0,0,0.0,0.0
YDR303C,0,0,0.0,0.0
YOL038W,31.78413223,0.9444444444444444,331.2404761904762,0.0
YHR200W,32.02698937,1.0,425.8333333333335,0.0
YDR181C,2.714285714,0.8333333333333334,22.2,0.0
YDR311W,6.20021645,0.6545454545454545,19.21989962651727,0.0
YDR076W,3.333333333,1.0,29.5,0.0
YJL177W,78.67745419,1.0,19.066666666666666,0.0
YBL077W,0,0,0.0,0.0
YDR510W,1.333333333,0,0.7272727272727273,0.0
YKR026C,2,0.4,3.5,0.0
YER153C,0,0,0.0,0.0
YPL167C,0,0,0.0,0.0
YKL134C,0,0,0.0,0.0
YPR180W,0,0,0.0,0.0
YBL026W,0.111111111,0.0031746031746031746,0.0,0.0
YDR515W,0,0,0.0,0.0
YCRX16C,0,0,0.0,0.0
YFL034CA,78.67745419,1.0,19.066666666666666,0.0
YGL174W,0,0,0.0,0.0
YIL144W,2.153846154,0.14285714285714285,3.3333333333333335,0.0
YBR059C,0,0,0.0,0.0
YMR052W,0,0,0.0,0.0
YDL225W,0.666666667,0,0.0,0.0
YNR045W,0,0,0.0,0.0
YBR043C,0,0,0.0,0.0
YJR045C,2.472222222,0.26666666666666666,2.05,0.0
YJL155C,0,0,0.0,0.0
YER124C,0.290909091,0.2,4.4,0.0
YEL060C,0,0,0.0,0.0
YLR200W,2.3,0.6,4.761904761904762,0.0
YFR031CA,78.67745419,1.0,19.066666666666666,0.0
YDR416W,0.666666667,0,2.2857142857142856,0.0
YBR193C,16.42633586,0.8268398268398268,115.92738095238094,1104.0
YLR332W,0,0,0.0,0.0
YPL253C,0,0,0.0,0.0
YLR182W,0.535353535,0.13333333333333333,3.0,0.0
YER110C,0.425819531,0.08333333333333333,2.0238095238095237,0.0
YDR213W,0,0,0.0,0.0
YOR008C,0,0,0.0,0.0
YMR261C,1.733333333,1.0,1.6666666666666667,0.0
YMR235C,1,0,1.3333333333333333,0.0
YMR257C,0,0,0.0,0.0
YDR174W,0,0,0.0,0.0
YGL185C,0,0,0.0,0.0
YLR388W,54.58898734,1.0,54.327777777777776,0.0
YER146W,0.035087719,0.004329004329004329,0.0,0.0
YER172C,0.836091853,0.12727272727272726,5.357142857142857,0.0
YML069W,0,0,0.0,0.0
YNL139C,0,0,0.0,0.0
YGL145W,0,0,0.0,0.0
YGR173W,0.666666667,0,0.0,0.0
YGR070W,0,0,0.0,0.0
YPR088C,3.333333333,0.6666666666666666,10.533333333333333,2.0
YBL030C,0.216666667,0.16666666666666666,0.0,0.0
YBR235W,0,0,0.0,0.0
YPR141C,0.741666667,0.3333333333333333,1.9,0.0
YKL153W,0,0,0.0,0.0
YKL022C,8.1,0.6818181818181818,21.599999999999998,0.0
YKR054C,0.132478632,0.06666666666666667,0.0,0.0
YER114C,0.546678322,0.08888888888888889,27.25,0.0
YLL010C,0,0,0.0,0.0
YJL141C,1.2,0,2.8,0.0
YOL132W,0,0,0.0,0.0
YNR037C,0,0,0.0,0.0
YMR297W,0,0,0.0,0.0
YIR039C,0,0,0.0,0.0
YBR072W,0,0,0.0,0.0
YIL162W,0,0,0.0,0.0
YGR195W,4.672619048,1.0,13.044488844488844,20.0
YOR103C,6.611111111,1.0,17.0,2.0
YGL172W,3.4503663,0.18421052631578946,39.595238095238095,8.25
YLR316C,0,0,0.0,0.0
YBL106C,0.153846154,0.01282051282051282,4.564102564102564,0.0
YOR353C,0,0,0.0,0.0
YOR128C,0.666666667,0,0.0,0.0
YKL017C,0,0,0.0,0.0
YOL067C,0.311111111,1.0,0.0,0.0
YNL103W,2.222222222,0.14285714285714285,0.0,0.0
YDR122W,0,0,0.0,0.0
YKL213C,0,0,0.0,0.0
YOR061W,3.587301587,0.8,11.155555555555555,0.0
YLR325C,78.67745419,1.0,19.066666666666666,0.0
YJR076C,2.287179487,0.07272727272727272,3.705882352941176,0.0
YLR306W,0.666666667,0,0.0,0.0
YMR116C,54.87895795,1.0,54.327777777777776,0.0
YKL141W,2.5,0.8333333333333334,0.5714285714285714,0.0
YDL217C,2.65,0.8,6.6,0.0
YLL036C,1.576923077,0.16666666666666666,2.0,0.0
YLR320W,0,0,0.0,0.0
YOR181W,1.38034188,0.055384615384615386,18.375,0.0
YDR201W,2.361111111,0.17857142857142858,12.666666666666668,72.0
YLR456W,0,0,0.0,0.0
YKR099W,0,0,0.0,0.0
YLR259C,0,0,0.0,0.0
YGR268C,1.094298246,1.0,0.0,0.0
YHR027C,29.74542852,0.7451219512195122,291.2904761904762,0.0
YEL032W,16.95158103,0.8842105263157894,41.654403053087265,0.0
YDL088C,0,0,0.0,0.0
YIL069C,54.58898734,1.0,54.327777777777776,0.0
YBR202W,16.03664596,0.8842105263157894,41.654403053087265,0.0
YLR240W,0,0,0.0,0.0
YLR352W,0,0,0.0,0.0
YNR058W,0,0,0.0,0.0
YLR373C,0,0,0.0,0.0
YLR222C,0,0,0.0,0.0
YOR029W,0,0,0.0,0.0
YBR254C,8,1.0,38.6,0.0
YMR053C,0.915151515,1.0,50.0,0.0
YBR097W,0,0,0.0,0.0
YKL112W,1.69047619,0.6,5.055555555555555,0.0
YLR418C,6.812266982,0.6285714285714286,38.19761904761904,0.0
YKL002W,0,0,0.0,0.0
YOR124C,0,0,0.0,0.0
YPR029C,1.466666667,1.0,3.416666666666666,0.0
YLR048W,54.58898734,1.0,54.327777777777776,0.0
YDR292C,0,0,0.0,0.0
YGL032C,0,0,0.0,0.0
YDL161W,0,0,0.0,0.0
YLR148W,1.511111111,0.4,4.3999999999999995,0.0
YML109W,1.359848485,0.06493506493506493,37.90714285714286,0.0
YDL089W,0,0,0.0,0.0
YDR418W,78.67745419,1.0,19.066666666666666,0.0
YIL048W,0,0,0.0,0.0
YLR454W,0,0,0.0,0.0
YMR154C,0,0,0.0,0.0
YLR289W,0,0,0.0,0.0
YJR140C,0,0,0.0,0.0
YDR440W,0,0,0.0,0.0
YCR096C,2,0.07142857142857142,2.192513368983957,0.0
YGR018C,0,0,0.0,0.0
YIL142W,6.222222222,1.0,9.0,0.0
YLR133W,0,0,0.0,0.0
YGL063W,0,0,0.0,0.0
YGL006W,0,0,0.0,0.0
YAL028W,0,0,0.0,0.0
YJL080C,0,0,0.0,0.0
YBR133C,1.333333333,0,7.0,0.0
YCL024W,0,0,0.0,0.0
YLR427W,0,0,0.0,0.0
YPR102C,76.11137574,0.9285924184543051,19.066666666666666,0.0
YOL115W,1.166666667,1.0,0.0,0.0
YNL124W,0.583333333,1.0,0.6666666666666666,0.0
YJR058C,1.3,1.0,2.5,0.0
YPL209C,0.676923077,0.2,3.2857142857142856,0.0
YML051W,1.452631579,0.3333333333333333,4.666666666666666,0.0
YBL084C,8.90952381,1.0,16.795238095238098,0.0
YLR135W,0,0,0.0,0.0
YLR466W,0,0,0.0,0.0
YPL237W,0.416666667,1.0,2.1022727272727275,0.0
YER081W,0,0,0.0,0.0
YDR488C,0,0,0.0,0.0
YAL021C,10.01968954,0.7619047619047619,54.96666666666667,0.0
YMR291W,0,0,0.0,0.0
YGL221C,0,0,0.0,0.0
YKL209C,0,0,0.0,0.0
YDR169C,0,0,0.0,0.0
YNR019W,0,0,0.0,0.0
YGR191W,0,0,0.0,0.0
YER142C,0,0,0.0,0.0
YLR292C,1.833333333,1.0,6.666666666666668,0.0
YML095C,1.709303562,1.0,11.5,10.0
YOR320C,0,0,0.0,0.0
YPL246C,0.185391363,0.2,0.0,0.0
YPL174C,2.099145299,0.14285714285714285,52.66666666666667,0.0
YFL066C,0,0,0.0,0.0
YLR256W,1.2,0,0.0,0.0
YNL163C,0,0,0.0,0.0
YMR036C,0.666666667,0,0.0,0.0
YHR090C,0.5625,1.0,0.0,0.0
YKL081W,3.511111111,1.0,16.333333333333336,0.0
YKL170W,30,1.0,78.66666666666667,0.0
YNL244C,4.385996456,0.32967032967032966,54.595238095238095,0.0
YDR472W,8,1.0,34.266666666666666,12.5
YPL086C,0,0,0.0,0.0
YGL189C,54.58898734,1.0,190.34999999999982,0.0
YLR127C,7.242857143,0.6818181818181818,7.314285714285715,0.0
YDL207W,1.005128205,0.3,9.075,0.0
YBR172C,0.188034188,1.0,0.0,0.0
YGL014W,0,0,0.0,0.0
YDR188W,5.488095238,1.0,4.0,0.0
YDR484W,0,0,0.0,0.0
YKL166C,2.4,1.0,11.145454545454545,0.0
YMR159C,1,0,1.5384615384615385,0.0
YDL134C,0.666666667,0,2.0,0.0
YDR247W,0,0,0.0,0.0
YPR152C,0,0,0.0,0.0
YGL208W,3.782539683,1.0,5.885714285714286,0.0
YJR127C,0,0,0.0,0.0
YNL264C,0,0,0.0,0.0
YOR047C,0,0,0.0,0.0
YJR035W,0.666666667,0,0.0,0.0
YER095W,2.333333333,0.7,13.209523809523809,0.0
YAL056W,0.416666667,1.0,12.142857142857142,0.0
YPR019W,16.03664596,0.8842105263157894,50.983874458874446,80.0
YDR216W,1.29606676,0.3888888888888889,13.196618242438676,0.0
YPL122C,6.106684982,0.5757575757575758,25.533053221288515,0.0
YBR140C,0,0,0.0,0.0
YMR142C,77.88501592,0.9753086419753086,19.066666666666666,0.0
YIL063C,1.373611111,0.3333333333333333,15.916666666666666,0.0
YNL098C,1.571428571,0.16666666666666666,2.5555555555555554,0.0
YGR092W,9.829598506,0.6666666666666666,44.142857142857146,0.0
YOL117W,0,0,0.0,0.0
YKL129C,0.908199987,0.058823529411764705,2.0404040404040407,0.0
YJR103W,0,0,0.0,0.0
YOR195W,1.411111111,0.3333333333333333,8.25,0.0
YGL073W,0,0,0.0,0.0
YLR175W,0,0,0.0,0.0
YML092C,31.78413223,0.9444444444444444,380.1,0.0
YHR055C,0,0,0.0,0.0
YDR128W,0,0,0.0,0.0
YOL039W,78.67745419,1.0,219.91666666666666,0.0
YDL008W,7.992857143,1.0,16.795238095238098,0.0
YOR260W,2.1,0.6,3.416666666666666,0.0
YJL165C,0,0,0.0,0.0
YGR136W,0,0,0.0,0.0
YJR022W,2.326530612,0.009250693802035153,47.833333333333336,242.0
YIR004W,0,0,0.0,0.0
YPL194W,1.2,0,0.0,0.0
YIL139C,0,0,0.0,0.0
YLR144C,0.09047619,0.3333333333333333,1.6666666666666667,0.0
YDR436W,0,0,0.0,0.0
YMR240C,0.253968254,0.1,2.207792207792208,0.0
YOR051C,0,0,0.0,0.0
YML007W,0,0,0.0,0.0
YDL040C,0,0,0.0,0.0
YLR039C,0,0,0.0,0.0
YPL235W,0,0,0.0,0.0
YOR358W,1.2,0.3,2.1142857142857143,0.0
YPR184W,0,0,0.0,0.0
RRP13,0,0,0.0,0.0
YIR023W,0.375,1.0,0.4,0.0
YHR191C,0,0,0.0,0.0
YOR080W,0,0,0.0,0.0
YJL184W,0,0,0.0,0.0
YKR048C,0,0,0.0,0.0
YBR113W,0,0,0.0,0.0
YHR021C,54.58898734,1.0,54.327777777777776,0.0
YPL149W,0.666666667,0,0.0,0.0
YGR179C,0,0,0.0,0.0
YDR179C,0,0,0.0,0.0
YBR114W,0,0,0.0,0.0
YDR288W,0,0,0.0,0.0
YPR158WA,0,0,0.0,0.0
YKR062W,0.375,0.3333333333333333,1.3333333333333333,0.0
YJR033C,0.208333333,0.3333333333333333,5.843137254901961,0.0
YDR394W,32.76155834,0.946031746031746,345.94047619047626,1800.0
YGL001C,0,0,0.0,0.0
YLL014W,0,0,0.0,0.0
YNR012W,0,0,0.0,0.0
YLR117C,0,0,0.0,0.0
YOR122C,0.108465608,0.1,0.0,0.0
YPL023C,0,0,0.0,0.0
YFR039C,0,0,0.0,0.0
YNL102W,1.069323671,0.16666666666666666,2.761904761904762,0.0
YLR119W,0,0,0.0,0.0
YOR281C,0,0,0.0,0.0
YDL229W,0,0,0.0,0.0
YIL075C,31.32857538,0.8605974395448079,286.75178571428575,0.0
YNL311C,0,0,0.0,0.0
YKL205W,0.1625,0.1,5.9,0.0
YGL040C,0,0,0.0,0.0
YOR033C,0,0,0.0,0.0
YDR405W,30,1.0,78.66666666666667,0.0
YLR403W,0,0,0.0,0.0
YOL070C,0,0,0.0,0.0
YFL034CB,1,0,0.0,0.0
YPL181W,0.65952381,0.4,12.0,0.0
YDR189W,0.465172736,0.3,4.646825396825397,0.0
YAL036C,0,0,0.0,0.0
YGL135W,77.88501592,0.9753086419753086,19.066666666666666,0.0
YPR036W,12.15776144,1.0,104.00000000000001,0.0
YLR281C,0,0,0.0,0.0
YFR054C,0,0,0.0,0.0
YFR040W,0,0,0.0,0.0
YBL027W,78.67745419,1.0,19.066666666666666,0.0
YPL078C,12.19576515,1.0,54.75000000000001,0.0
YHR199C,0,0,0.0,0.0
YDR296W,0,0,0.0,0.0
YDR177W,0,0,0.0,0.0
YKL085W,0,0,0.0,0.0
YOL017W,0,0,0.0,0.0
YJR050W,0.666666667,0,0.0,0.0
YDR310C,0.642857143,1.0,2.321428571428571,0.0
YLR342W,1.055555556,0.6666666666666666,0.0,0.0
YKL161C,0,0,0.0,0.0
YOR039W,1.69047619,0.4,7.708333333333333,0.0
YHR077C,0.226190476,0.047619047619047616,0.0,0.0
YDR159W,0,0,0.0,0.0
YGR119C,3.047619048,0.1523809523809524,44.166666666666664,8.25
YLR424W,0,0,0.0,0.0
YLR108C,0,0,0.0,0.0
YBL038W,30,1.0,69.83333333333333,0.0
YJL172W,0.290909091,1.0,0.0,0.0
YLR344W,78.67745419,1.0,19.066666666666666,0.0
YER049W,0,0,0.0,0.0
YDR131C,0.666666667,0,4.0,0.0
YBL050W,0.206896552,0.007389162561576354,6.211111111111111,0.0
YLR422W,0,0,0.0,0.0
YGR101W,0,0,0.0,0.0
YDR167W,7.928104575,0.24242424242424243,76.31847626058152,0.0
YER100W,0.666666667,0,2.0,0.0
YDL097C,31.78413223,0.9444444444444444,270.84999999999997,0.0
YNR063W,0,0,0.0,0.0
YDR194C,11.36483516,1.0,35.898809523809526,0.0
YML117W,0,0,0.0,0.0
YGL178W,0.417710944,0.3333333333333333,12.214285714285715,0.0
YDL116W,5.009126672,0.31868131868131866,33.430952380952384,0.0
YLL032C,0,0,0.0,0.0
YGR058W,0,0,0.0,0.0
YLR395C,5.892857143,1.0,12.083333333333334,0.0
YOR302W,0,0,0.0,0.0
YOR213C,5.655462185,0.45054945054945056,62.60000000000001,42.0
YLR055C,8.484073378,1.0,91.93333333333332,0.0
YCR107W,0,0,0.0,0.0
YDL193W,1,0,1.4285714285714286,0.0
YBR120C,11.36483516,1.0,59.083333333333336,0.0
YGL023C,0,0,0.0,0.0
YLR005W,6.231024531,0.9722222222222222,35.092063492063495,2.0
YPL195W,1.511111111,0.4,0.0,0.0
YDR170C,0.154761905,0.16666666666666666,0.0,0.0
YKL108W,1,0,16.88888888888889,0.0
YNL309W,0.915151515,0.3,25.04,0.0
YCR052W,6.211594941,1.0,47.8,0.0
YDR088C,0,0,0.0,0.0
YGR253C,31.83544802,0.946031746031746,383.76666666666665,578.0
YLL039C,0.525974026,0.05454545454545454,4.1,0.0
YOR084W,0,0,0.0,0.0
YCL034W,0,0,0.0,0.0
YKR019C,0,0,0.0,0.0
YCR079W,0.666666667,0,1.7777777777777777,0.0
YPR177C,0,0,0.0,0.0
YOR066W,0,0,0.0,0.0
YOR064C,0,0,0.0,0.0
YDR225W,5.881843647,0.75,35.900000000000006,24.0
YDR052C,2.868741765,0.6222222222222222,11.40909090909091,0.0
YJL005W,0.238095238,0.3333333333333333,2.6944444444444446,0.0
YJL006C,0.7,1.0,2.433333333333333,0.0
YBL092W,78.67745419,1.0,291.9999999999999,0.0
YPR178W,0,0,0.0,0.0
YDR388W,2.761904762,0.023076923076923078,10.571741854636592,0.0
YJR143C,0,0,0.0,0.0
YJR065C,3.235929288,0.6666666666666666,10.889754689754689,0.0
YER044C,0,0,0.0,0.0
YMR276W,0.307988545,1.0,9.25,0.0
YOR212W,2.322594073,0.1111111111111111,9.211904761904762,0.0
YGR252W,10.10217257,0.7083333333333334,47.44293031529874,130.0
YDR362C,2.128571429,0.6,7.25,0.0
YOR312C,78.67745419,1.0,19.066666666666666,0.0
YKL211C,0,0,0.0,0.0
YDL133W,0,0,0.0,0.0
YGR056W,5.815635345,0.6545454545454545,39.84166666666667,36.0
YOR369C,54.58898734,1.0,54.327777777777776,0.0
YLR247C,0,0,0.0,0.0
YPL152W,0,0,0.0,0.0
YLR130C,0,0,0.0,0.0
YCR035C,4.672619048,1.0,16.155555555555555,20.0
YJR110W,0,0,0.0,0.0
YOR332W,12.01470588,0.8166666666666667,156.99999999999997,0.0
YGR186W,0.355555556,0.3333333333333333,4.25,0.0
YAR019C,0.666666667,0,0.0,0.0
YLR245C,0,0,0.0,0.0
YEL037C,1.173365139,0.15833333333333333,12.88452380952381,5.25
YBL008W,2.610639361,0.6,0.0,0.0
YJR138W,0,0,0.0,0.0
YAL024C,0,0,0.0,0.0
YDL092W,3.866666667,1.0,12.0,0.0
YPL042C,2.873629067,0.28205128205128205,12.402380952380952,0.0
YDL125C,0,0,0.0,0.0
YLR038C,5.892857143,1.0,10.5,0.0
YMR236W,11.65896783,0.6285714285714286,118.6111111111111,102.0
YBR116C,0,0,0.0,0.0
YKL155C,0,0,0.0,0.0
YOR229W,0.666666667,0,0.0,0.0
YKL139W,0.7,1.0,2.2666666666666666,0.0
YOL062C,2.4,1.0,2.05,0.0
YGR108W,0,0,0.0,0.0
YFR051C,6.634513199,0.8,41.32539682539682,0.0
YJL204C,0,0,0.0,0.0
YKR020W,0,0,0.0,0.0
YKL057C,3.05030525,0.5111111111111111,24.1510989010989,0.0
YHR135C,2.333333333,1.0,2.4,0.0
YHR203C,52.94792347,0.9316394434361767,317.1666666666667,0.0
YKL003C,11.74505495,1.0,35.25,0.0
YJL128C,1.391666667,0.3333333333333333,2.5,0.0
YDR264C,0.425407925,0.13333333333333333,5.125,0.0
YER159C,0,0,0.0,0.0
YLR071C,16.87342211,1.0,107.66865079365078,0.0
YNR035C,2.876190476,0.6666666666666666,8.412987012987013,0.0
YBR205W,0.094298246,0.1,0.0,0.0
YGR158C,0,0,0.0,0.0
YDR306C,0,0,0.0,0.0
YGL158W,0,0,0.0,0.0
YJR066W,0.75,0.10714285714285714,4.923809523809523,0.0
YJL115W,0.80952381,0.2,3.825,2.0
YCR084C,2.106442577,0.10714285714285714,6.420855614973262,0.0
YOR018W,0,0,0.0,0.0
YDR473C,0.073039742,1.0,3.0,0.0
YCL012W,0,0,0.0,0.0
YML077W,8,1.0,34.266666666666666,12.5
YNL039W,0.59047619,0.6666666666666666,2.288235294117647,0.0
YDL084W,0,0,0.0,0.0
YBL032W,0,0,0.0,0.0
YDR192C,1.307692308,0.052307692307692305,20.386904761904763,0.0
YKL073W,0,0,0.0,0.0
YJL149W,0,0,0.0,0.0
YDR146C,1.333333333,0,0.0,0.0
YMR004W,0,0,0.0,0.0
YHR134W,0,0,0.0,0.0
YOR098C,0.195121951,0.004878048780487805,0.0,0.0
YOL135C,16.35524029,0.8225108225108225,155.0666666666667,1100.0
YLR017W,0,0,0.0,0.0
YJR148W,0,0,0.0,0.0
YBR108W,0,0,0.0,0.0
YJL039C,0,0,0.0,0.0
YNL064C,0,0,0.0,0.0
YJL095W,1.670462388,0.2,2.0,0.0
YKL080W,12.15776144,1.0,172.5,0.0
YCR101C,0,0,0.0,0.0
YNL315C,0.121323529,1.0,2.3333333333333335,0.0
MEL1,0,0,0.0,0.0
YFR002W,1.570792933,0.24444444444444444,11.708333333333332,4.0
YOL052C,0,0,0.0,0.0
YLR115W,1.20952381,1.0,7.75,0.0
YDR180W,0,0,0.0,0.0
YCR097W,0,0,0.0,0.0
YOR351C,1,0,3.5,0.0
YDR448W,8.348521772,0.47368421052631576,59.30242812742812,80.0
YBR118W,2.330687831,0.3055555555555556,20.666666666666664,0.0
YLR216C,2.166666667,0.14285714285714285,29.999999999999996,0.0
YMR069W,0,0,0.0,0.0
YNL135C,0,0,0.0,0.0
YJR005W,1.2,0.3,2.05,0.0
YML010W,0,0,0.0,0.0
YOR026W,0.666666667,0,2.8,0.0
YGR084C,11.74505495,1.0,61.5,0.0
YGL087C,0,0,0.0,0.0
YMR088C,0,0,0.0,0.0
YNL239W,0,0,0.0,0.0
YGR203W,0,0,0.0,0.0
YIL173W,0,0,0.0,0.0
YKL013C,3.171083506,0.6190476190476191,9.122077922077922,0.0
YOL151W,0,0,0.0,0.0
YJL092W,1.2,0,0.0,0.0
YPL131W,78.96797286,1.0,165.73333333333332,0.0
YMR275C,0,0,0.0,0.0
YEL051W,10.92222222,0.6470588235294118,154.33333333333334,0.0
YOL005C,7.213182733,1.0,90.83333333333333,12.0
YLL016W,0.171428571,0.3333333333333333,0.0,0.0
YPR043W,78.67745419,1.0,19.066666666666666,0.0
YPR034W,8.295424837,0.5367647058823529,51.450000000000024,0.0
YBR181C,54.58898734,1.0,54.327777777777776,0.0
YPL178W,0,0,0.0,0.0
YPL231W,0,0,0.0,0.0
YGR130C,0.132478632,1.0,0.0,0.0
YKL072W,0,0,0.0,0.0
YPL089C,0,0,0.0,0.0
YOR232W,1.916666667,0.3333333333333333,1.3333333333333333,0.0
YOR341W,8.560667866,0.8681318681318682,25.261507936507936,0.0
YDL013W,1.333333333,0,0.0,0.0
YLR450W,0.5,0.16666666666666666,1.7142857142857142,0.0
YIR016W,0,0,0.0,0.0
YOR308C,0.111317254,1.0,0.0,0.0
YGR100W,0,0,0.0,0.0
YIL065C,0,0,0.0,0.0
YML105C,3.866666667,1.0,13.333333333333334,0.0
YDR231C,0,0,0.0,0.0
YAL001C,2.278571429,1.0,4.750000000000001,0.0
YAR007C,0.4,1.0,0.7894736842105263,0.0
YML054C,0.611111111,1.0,2.1142857142857143,0.0
YPL125W,0.097619048,0.16666666666666666,2.0238095238095237,0.0
YHR087W,0,0,0.0,0.0
YGR027C,54.58898734,1.0,54.327777777777776,0.0
YLR439W,30,1.0,50.83333333333333,0.0
YEL043W,2.254166667,0.14285714285714285,5.041666666666666,0.0
YBL004W,0,0,0.0,0.0
YLR067C,0,0,0.0,0.0
YBL071C,0,0,0.0,0.0
YMR111C,0.666666667,0,0.0,0.0
YBR268W,30,1.0,50.83333333333333,0.0
YDL133CA,78.67745419,1.0,19.066666666666666,0.0
YCL066W,0.522222222,0.2,0.0,0.0
YNR050C,0,0,0.0,0.0
YJR006W,14.95615447,1.0,121.28571428571428,80.0
YBR167C,7,1.0,10.588888888888889,0.0
YOL032W,0,0,0.0,0.0
YHR074W,0,0,0.0,0.0
YDL075W,77.88501592,0.9753086419753086,19.066666666666666,0.0
YHR188C,0,0,0.0,0.0
YDR168W,0.477777778,0.6666666666666666,2.3956043956043955,0.0
YCL036W,0,0,0.0,0.0
YCR076C,0,0,0.0,0.0
YGR290W,0,0,0.0,0.0
YMR221C,0,0,0.0,0.0
YGL048C,29.54917214,0.7402439024390244,276.29246031746027,0.0
YKL167C,30,1.0,78.66666666666667,80.0
YGL025C,16.87342211,1.0,121.99246031746033,0.0
YPL228W,0.543478261,1.0,0.0,0.0
YMR224C,1.490909091,0.3333333333333333,0.0,0.0
YJR091C,0,0,0.0,0.0
YDR141C,0,0,0.0,0.0
YMR093W,0,0,0.0,0.0
YNL221C,7,1.0,9.866666666666665,0.0
YCR066W,1.2,0,0.0,0.0
YLL021W,0.561904762,0.04395604395604396,3.2,0.0
YPL083C,1.733333333,1.0,2.2666666666666666,0.0
YAR003W,0,0,0.0,0.0
YDL127W,0,0,0.0,0.0
YIL104C,0,0,0.0,0.0
YMR183C,0,0,0.0,0.0
YDL004W,12.19576515,1.0,61.5,0.0
YOR265W,0,0,0.0,0.0
YDR156W,8.686308892,1.0,80.0,0.0
YHR035W,0,0,0.0,0.0
YDL111C,4.672619048,1.0,15.707892107892107,0.0
YGR258C,6.459090909,1.0,13.644607843137255,0.0
YKL182W,0,0,0.0,0.0
YDL190C,0,0,0.0,0.0
YOL018C,0,0,0.0,0.0
YLR026C,1.685743263,0.11029411764705882,17.36111111111111,0.0
YGR296W,0,0,0.0,0.0
YGL226CA,6.611111111,1.0,4.583333333333334,0.0
YFR031C,1.066666667,0.16666666666666666,2.5,0.0
YJL167W,0,0,0.0,0.0
YPL018W,0,0,0.0,0.0
YCR031C,54.58898734,1.0,54.327777777777776,0.0
YNL287W,5.665826331,0.42857142857142855,48.51190476190476,0.0
YJL021C,0,0,0.0,0.0
YLR155C,0,0,0.0,0.0
YJL191W,54.58898734,1.0,54.327777777777776,0.0
YIL112W,0,0,0.0,0.0
YHL020C,0,0,0.0,0.0
YGR270W,32.02698937,1.0,270.84999999999997,0.0
YKL035W,0,0,0.0,0.0
YJL194W,7.435546376,0.7428571428571429,39.74675324675325,0.0
YGL212W,0.685714286,0.6666666666666666,2.833333333333333,0.0
YGR264C,0,0,0.0,0.0
YLL033W,0,0,0.0,0.0
YMR255W,0.771794872,0.6666666666666666,12.666666666666668,0.0
YGL251C,0,0,0.0,0.0
YNL079C,0,0,0.0,0.0
YNL304W,0.16025641,0.16666666666666666,0.0,0.0
YER115C,0.136363636,1.0,20.0,0.0
YEL061C,1.333333333,0,1.3333333333333333,0.0
YPR190C,7.430581686,1.0,19.410714285714285,0.0
YGL097W,0.267979987,0.13333333333333333,0.5714285714285714,0.0
YMR233W,0,0,0.0,0.0
YNR003C,7.289556045,0.8461538461538461,44.0,12.0
YBR127C,12.01470588,0.8166666666666667,81.34826839826837,0.0
YCR012W,0,0,0.0,0.0
YBR003W,0,0,0.0,0.0
YOR264W,0,0,0.0,0.0
YAL032C,0,0,0.0,0.0
YMR092C,0,0,0.0,0.0
YKL179C,0,0,0.0,0.0
YMR263W,0.257575758,1.0,3.125,0.0
YAL005C,0.603339073,0.09090909090909091,6.248626373626374,0.0
YKR010C,0,0,0.0,0.0
YCL067C,0,0,0.0,0.0
YNL185C,30,1.0,50.83333333333333,0.0
YKL203C,0.458333333,0.3333333333333333,0.0,0.0
YKL172W,0,0,0.0,0.0
YLR318W,0.7,1.0,0.0,0.0
YHR149C,0,0,0.0,0.0
YNL034W,0,0,0.0,0.0
YOR373W,0.583333333,1.0,0.0,0.0
YIL126W,6.211594941,1.0,23.32843137254902,36.0
YML111W,0,0,0.0,0.0
YJR067C,0,0,0.0,0.0
YDR397C,0,0,0.0,0.0
YGL130W,0.543478261,1.0,0.0,0.0
YHL010C,0.666666667,0,0.0,0.0
YPL066W,0,0,0.0,0.0
YDL130W,78.67745419,1.0,19.066666666666666,0.0
YHR089C,0.583333333,0.3333333333333333,1.5,0.0
YDR500C,78.67745419,1.0,19.066666666666666,0.0
YLR090W,0,0,0.0,0.0
YOR116C,7.826684306,0.9102564102564102,22.885714285714286,0.0
YKL215C,0,0,0.0,0.0
YGR020C,11.7244281,0.8666666666666667,173.0,0.0
YPL037C,0,0,0.0,0.0
YHR112C,0,0,0.0,0.0
YHR016C,0.628822055,0.06666666666666667,2.0,0.0
YOR362C,29.85753856,0.7692307692307693,359.99047619047616,578.0
YNL131W,6.366666667,0.8055555555555556,24.516666666666662,0.0
YPR115W,0,0,0.0,0.0
YER017C,1.5,1.0,2.225,0.0
YIR009W,0,0,0.0,0.0
YJL048C,0,0,0.0,0.0
YKL011C,2,0.011695906432748537,45.0,0.0
YDR261WA,0,0,0.0,0.0
YOR123C,0,0,0.0,0.0
YFR050C,28.40974529,0.6933797909407665,357.95714285714286,578.0
YHL015W,54.58898734,1.0,201.90000000000015,0.0
YMR201C,2.559726267,0.16666666666666666,37.800000000000004,34.0
YML057W,1.326923077,1.0,5.4,0.0
YJL014W,5.488095238,1.0,7.0,0.0
YOR294W,0,0,0.0,0.0
YEL034W,0,0,0.0,0.0
YJL030W,0,0,0.0,0.0
YPL248C,3.071690034,0.11029411764705882,32.288888888888884,0.0
YGL058W,1.333333333,0,0.0,0.0
YOR259C,29.80579437,0.767948717948718,275.0402777777778,0.0
YKL090W,0,0,0.0,0.0
YIL038C,8.687570028,0.7472527472527473,69.22619047619048,0.0
YOR230W,0,0,0.0,0.0
YJL186W,0,0,0.0,0.0
YNR064C,0,0,0.0,0.0
YDL239C,0.875,0.3333333333333333,2.0,0.0
YLR319C,1.817989418,0.3,2.0,0.0
YOR254C,1.5,0.5,4.05,0.0
YBR274W,1.6,0,0.0,0.0
YBR131W,0,0,0.0,0.0
YAR002W,0.4272343,0.10714285714285714,0.0,0.0
YJR113C,0,0,0.0,0.0
YNL052W,5.892857143,1.0,12.083333333333334,0.0
YOR245C,0,0,0.0,0.0
YBL035C,1.122222222,1.0,2.761904761904762,0.0
YMR302C,0,0,0.0,0.0
YML043C,1.261904762,1.0,10.95,0.0
YJR093C,0.533333333,0.3333333333333333,1.4,0.0
YOR046C,0.9,0.6666666666666666,5.666666666666667,0.0
YLR035C,0.271428571,1.0,3.4285714285714284,0.0
YDR471W,78.67745419,1.0,19.066666666666666,0.0
YKR066C,0.5,0.16666666666666666,1.6,0.0
YBR189W,54.58898734,1.0,54.327777777777776,0.0
YJR132W,0,0,0.0,0.0
YGL223C,0.42875817,0.6666666666666666,5.6,0.0
YKL014C,0,0,0.0,0.0
YBL072C,52.08000997,0.9000584453535944,317.1666666666667,0.0
YBR080C,0,0,0.0,0.0
YBL078C,0.253968254,0.16666666666666666,2.2666666666666666,0.0
YGL030W,78.67745419,1.0,19.066666666666666,0.0
YJR094C,1,0,0.0,0.0
YDR381W,0.666666667,0,0.0,0.0
YPL254W,9.971252865,1.0,111.16666666666667,130.0
YBL034C,1,0,0.0,0.0
YOL163W,0,0,0.0,0.0
YBR020W,0,0,0.0,0.0
YLR166C,4.055735931,1.0,13.333333333333332,0.0
YAL041W,0.768589744,0.07575757575757576,2.0075757575757573,0.0
YLR428C,0,0,0.0,0.0
YNR031C,0,0,0.0,0.0
YDL129W,0,0,0.0,0.0
YGR280C,0,0,0.0,0.0
YML019W,6.611111111,1.0,8.083333333333334,2.0
YGL205W,0,0,0.0,0.0
YPL032C,0,0,0.0,0.0
YGL049C,0.805555556,0.3333333333333333,2.5,0.0
YPL051W,1.2,0,2.0,0.0
YHR160C,0,0,0.0,0.0
YDR219C,0,0,0.0,0.0
YGR184C,0.147923695,0.2,10.666666666666666,0.0
YDL123W,0.154336043,1.0,4.0,0.0
YER047C,0,0,0.0,0.0
YHL026C,0,0,0.0,0.0
YOR147W,0,0,0.0,0.0
YMR193W,30,1.0,107.5,0.0
YNL172W,8.90952381,1.0,2.4,0.0
YDR200C,0,0,0.0,0.0
YKL056C,0,0,0.0,0.0
YGR143W,0,0,0.0,0.0
YGL112C,11.34653595,0.5144927536231884,99.41623931623934,0.0
YGL037C,0.666666667,0,0.0,0.0
YHL007C,0.825498575,0.07692307692307693,14.580143540669855,0.0
YJR075W,1.333333333,0.6666666666666666,7.0,0.0
YBR264C,1.36025641,0.3333333333333333,2.6666666666666665,0.0
YGL202W,0,0,0.0,0.0
YMR232W,0,0,0.0,0.0
YPR079W,0,0,0.0,0.0
YBR010W,3.406162465,0.22058823529411764,16.004901960784313,0.0
YIR022W,0.833333333,1.0,0.0,0.0
YML046W,0.188034188,1.0,0.0,0.0
YPL050C,0,0,0.0,0.0
YAL026C,0,0,0.0,0.0
YDR009W,0.252631579,1.0,2.011111111111111,0.0
YHR005C,0.280952381,0.02197802197802198,5.0,0.0
YDL235C,0,0,0.0,0.0
YBR122C,30,1.0,78.66666666666667,0.0
YBL075C,0,0,0.0,0.0
YPL120W,0,0,0.0,0.0
YHR082C,0.666666667,0,0.0,0.0
YNL233W,0,0,0.0,0.0
YAR064W,0,0,0.0,0.0
YIL128W,1.333333333,0,2.0,0.0
YGL031C,78.67745419,1.0,19.066666666666666,0.0
YER162C,0,0,0.0,0.0
YDR356W,0.236111111,0.3333333333333333,2.1666666666666665,2.25
YGL169W,0,0,0.0,0.0
YJL047C,0,0,0.0,0.0
YDL136W,78.67745419,1.0,19.066666666666666,0.0
YER012W,32.42050669,0.9024024024024024,386.0142857142857,798.25
YDR165W,0,0,0.0,0.0
YJL146W,0,0,0.0,0.0
YOR384W,0,0,0.0,0.0
YGR014W,0,0,0.0,0.0
YDR460W,7.404761905,0.7777777777777778,75.4,10.0
YIR021W,11.36483516,1.0,61.916666666666664,0.0
YGL181W,0.796428571,0.04736842105263158,0.0,0.0
YBR198C,10.95267974,0.47333333333333333,123.71666666666665,114.0
YOR338W,0,0,0.0,0.0
YLL004W,16.03293808,0.7705627705627706,44.82269309637731,0.0
YBR288C,1.466666667,1.0,0.0,0.0
YGL103W,78.67745419,1.0,19.066666666666666,0.0
YGL229C,0,0,0.0,0.0
YNL023C,1,0,1.6,0.0
YNL331C,0,0,0.0,0.0
YHR075C,11.74505495,1.0,28.666666666666668,0.0
YDR176W,8.279306695,0.4380952380952381,59.68955386718545,0.0
YPL093W,0,0,0.0,0.0
YNR049C,0,0,0.0,0.0
YER007C,0,0,0.0,0.0
YAL003W,3.511111111,1.0,7.833333333333334,0.0
YHR197W,0.666666667,0,0.75,0.0
YJR131W,0,0,0.0,0.0
YBL067C,0,0,0.0,0.0
YMR055C,1.968253968,0.2,15.2,0.0
YOR074C,0,0,0.0,0.0
YPL146C,0,0,0.0,0.0
YDR016C,0,0,0.0,0.0
YDL173W,0,0,0.0,0.0
YHR030C,1.96031746,0.09523809523809523,4.833333333333333,0.0
YPL236C,0,0,0.0,0.0
YBR088C,3.285714286,0.16666666666666666,8.458333333333334,18.0
YJL157C,2.245813397,0.1111111111111111,3.3333333333333335,0.0
YOR155C,0,0,0.0,0.0
YDL135C,0,0,0.0,0.0
YIL062C,3.00952381,1.0,14.0,0.0
YDL202W,30,1.0,50.83333333333333,0.0
YOL126C,0,0,0.0,0.0
YDR099W,0,0,0.0,0.0
YDR324C,0,0,0.0,0.0
YDR373W,0,0,0.0,0.0
YDL191W,78.67745419,1.0,19.066666666666666,0.0
YMR214W,0,0,0.0,0.0
YDR457W,0,0,0.0,0.0
YHL008C,0,0,0.0,0.0
YCR082W,0,0,0.0,0.0
YGL076C,78.67745419,1.0,19.066666666666666,0.0
YNL229C,0.708333333,0.6666666666666666,0.0,0.0
YNL216W,0,0,0.0,0.0
YOR194C,1.154761905,0.6666666666666666,14.25,2.0
YLR016C,0.666666667,0,2.0,0.0
YNL159C,0,0,0.0,0.0
YDR092W,0.666666667,0,0.0,0.0
YER188W,0,0,0.0,0.0
YPL011C,6.629463755,0.8939393939393939,61.666666666666664,0.0
YOR185C,0,0,0.0,0.0
YBL103C,0.311111111,0.1,0.0,0.0
YLR378C,0.4,0.1,0.0,0.0
YBR299W,0,0,0.0,0.0
YDL094C,0,0,0.0,0.0
YGR267C,0,0,0.0,0.0
YMR258C,0,0,0.0,0.0
YBR211C,0,0,0.0,0.0
YNL289W,0,0,0.0,0.0
YDR322W,30,1.0,50.83333333333333,0.0
YMR250W,0,0,0.0,0.0
YKL006W,78.67745419,1.0,19.066666666666666,0.0
YJL041W,1.311126374,0.2,45.0,0.0
YMR231W,1.566666667,1.0,2.0041666666666664,0.0
YGR229C,0,0,0.0,0.0
YGR220C,30,1.0,78.66666666666667,0.0
YPL101W,0,0,0.0,0.0
YKL042W,2.277777778,0.26666666666666666,21.25,36.0
YBR057C,0,0,0.0,0.0
YIL035C,3.587301587,0.8,14.938888888888888,0.0
YJL084C,0,0,0.0,0.0
YHRS03C,0,0,0.0,0.0
YJL176C,5.982124412,0.7454545454545455,17.22222222222222,0.0
YDR110W,0,0,0.0,0.0
YBL047C,0,0,0.0,0.0
YER020W,2,0.3333333333333333,11.90952380952381,0.0
YNL154C,2.333333333,1.0,2.2666666666666666,0.0
YJL020C,2.757965147,0.07352941176470588,0.0,0.0
YCR003W,30,1.0,60.25,0.0
YIR014W,0,0,0.0,0.0
YNR052C,8.885480859,0.6761904761904762,77.0309523809524,0.0
YDR217C,1.2,0,2.4,0.0
YJR135WA,0.611111111,1.0,2.033333333333333,0.0
YGR129W,0,0,0.0,0.0
YPL203W,1.2,1.0,5.940909090909091,0.0
YFR004W,30.8668215,0.8477951635846372,274.78939393939396,0.0
YML032C,3.333333333,1.0,14.089285714285715,0.0
YOR158W,11.08571429,0.8571428571428571,61.5,0.0
YJR094WA,78.67745419,1.0,19.066666666666666,0.0
YGL201C,15.74771316,0.868421052631579,38.946069719753936,0.0
YLL057C,0,0,0.0,0.0
YBR229C,0,0,0.0,0.0
YFR014C,0,0,0.0,0.0
YKL190W,1.326923077,1.0,1.6666666666666667,0.0
YIR024C,0,0,0.0,0.0
YNL152W,0,0,0.0,0.0
YGL028C,0,0,0.0,0.0
YOR347C,0,0,0.0,0.0
YMR017W,0,0,0.0,0.0
YNL255C,0,0,0.0,0.0
YDR321W,0,0,0.0,0.0
YBR082C,0,0,0.0,0.0
YBR191W,78.67745419,1.0,19.066666666666666,0.0
YNL223W,0.325,0.3333333333333333,3.157142857142857,0.0
YJR109C,0,0,0.0,0.0
YHR166C,7.733333333,0.5769230769230769,28.4,0.0
YER168C,0,0,0.0,0.0
YMR256C,5.892857143,1.0,8.533333333333333,0.0
YDL246C,0,0,0.0,0.0
YER045C,0,0,0.0,0.0
YOR340C,8.686308892,1.0,80.0,2.0
YOR136W,0,0,0.0,0.0
YGL050W,0,0,0.0,0.0
YOR096W,53.79638082,0.9649122807017544,54.327777777777776,0.0
YLR058C,0,0,0.0,0.0
YGR021W,0,0,0.0,0.0
YOR127W,0.412179487,0.3,7.195804195804196,0.0
YBL049W,0,0,0.0,0.0
YPR137W,0,0,0.0,0.0
YCR092C,1.511111111,0.3333333333333333,0.0,0.0
YKL012W,0,0,0.0,0.0
YMR309C,3.874007937,1.0,22.694444444444443,36.0
YPR073C,0,0,0.0,0.0
YMR024W,30,1.0,50.83333333333333,0.0
YNL041C,0.169934641,1.0,4.5,0.0
YOL021C,3.75,0.5357142857142857,12.92929292929293,0.0
YBR279W,0.254012171,0.09523809523809523,8.125,0.0
YPL198W,78.67745419,1.0,19.066666666666666,0.0
YDR301W,1.20952381,1.0,6.6,0.0
YKR006C,30,1.0,107.5,80.0
YGR080W,0,0,0.0,0.0
YDR260C,0,0,0.0,0.0
YOR150W,30,1.0,60.25,0.0
YNL030W,4.255538579,1.0,4.357142857142858,0.0
YOR117W,31.22829774,0.8577524893314367,368.98095238095243,0.0
YGL019W,3.333333333,0.38095238095238093,20.5,0.0
YJL203W,0.153846154,0.01282051282051282,1.0,0.0
YBR160W,0.105263158,0.005847953216374269,0.0,0.0
YPR017C,0.666666667,0,6.333333333333333,0.0
YGL070C,7.558919052,0.7802197802197802,54.70714285714286,12.0
YJL053W,2.178571429,0.8333333333333334,4.257142857142857,0.0
YIL034C,0,0,0.0,0.0
YAL038W,0,0,0.0,0.0
YML012W,4.285714286,1.0,27.0,16.25
YPR110C,11.95265593,0.7543859649122807,53.6904761904762,0.0
YBR103W,0,0,0.0,0.0
YFR024CA,0,0,0.0,0.0
YAR060C,0,0,0.0,0.0
YKL058W,1.154761905,0.6666666666666666,16.5,2.0
YBR060C,16.03293808,0.7705627705627706,113.20129870129868,80.0
YHR186C,0.666666667,0,0.0,0.0
YLR006C,0.666666667,0,0.0,0.0
YDR283C,0,0,0.0,0.0
YDR421W,0,0,0.0,0.0
YDR211W,2.1,1.0,3.416666666666666,0.0
YMR146C,4.868055556,1.0,25.17651515151515,68.0
YMR234W,0,0,0.0,0.0
YBR068C,0,0,0.0,0.0
YLL051C,0,0,0.0,0.0
YNL011C,0,0,0.0,0.0
YOL136C,0,0,0.0,0.0
YER087CA,0.7,1.0,0.0,0.0
YJL036W,0,0,0.0,0.0
YMR205C,0,0,0.0,0.0
YHR034C,0,0,0.0,0.0
YIL042C,0,0,0.0,0.0
YGR030C,7,1.0,10.123232323232322,0.0
YOR204W,0,0,0.0,0.0
YLR457C,0,0,0.0,0.0
YKR077W,0,0,0.0,0.0
YLR109W,0.666666667,0,1.6,0.0
YIR012W,0,0,0.0,0.0
YGR077C,0,0,0.0,0.0
YEL046C,0,0,0.0,0.0
YNL260C,0,0,0.0,0.0
YGR183C,6.902777778,1.0,15.514285714285714,0.0
YOR171C,0,0,0.0,0.0
YBR223C,0,0,0.0,0.0
YJR121W,12.50773994,0.8761904761904762,43.12142857142857,0.0
YFL034W,0,0,0.0,0.0
YLR394W,0.333333333,0.06666666666666667,4.6,0.0
YOR270C,10.86993464,0.6838235294117647,66.39361471861471,0.0
YER178W,2.678571429,1.0,12.277777777777779,0.0
YLR027C,0,0,0.0,0.0
YLR443W,0,0,0.0,0.0
YGL123W,54.58898734,1.0,54.327777777777776,0.0
YOR065W,6.902777778,1.0,29.333333333333332,0.0
YPL150W,0,0,0.0,0.0
YBL089W,0,0,0.0,0.0
YAL015C,0,0,0.0,0.0
YJL124C,0,0,0.0,0.0
YER165W,1.246582081,0.0784313725490196,13.381959706959707,0.0
YNL112W,0,0,0.0,0.0
YKL193C,2.411111111,1.0,10.083333333333334,0.0
YGR284C,0,0,0.0,0.0
YMR197C,0.596825397,0.2,3.666666666666667,0.0
YBR009C,2.761904762,0.1380952380952381,13.683473389355743,0.0
YDR184C,0,0,0.0,0.0
YGL036W,0,0,0.0,0.0
YGR034W,77.88501592,0.9753086419753086,19.066666666666666,0.0
YIL074C,0,0,0.0,0.0
YDR326C,0,0,0.0,0.0
YOR363C,0,0,0.0,0.0
YKR014C,0.16025641,0.3333333333333333,0.0,0.0
YDR212W,5.166666667,0.75,7.0,0.0
YPR165W,2.101010101,0.025,10.397435897435898,0.0
YNL091W,0,0,0.0,0.0
YNL070W,5.6,0.6222222222222222,22.9,2.0
YBR146W,11.74505495,1.0,44.333333333333336,0.0
YNL204C,0,0,0.0,0.0
YNL166C,0.868589744,0.4,5.0,0.0
YHR033W,0,0,0.0,0.0
YPR119W,1.428571429,0,0.0,0.0
YLR207W,1,0.3333333333333333,2.2976190476190474,0.0
YMR314W,31.78413223,0.9444444444444444,380.1,0.0
YDL164C,0,0,0.0,0.0
YBR045C,0.211111111,0.3333333333333333,2.55,0.0
YOR329C,0,0,0.0,0.0
YPR188C,0,0,0.0,0.0
YNR027W,0,0,0.0,0.0
YDL005C,16.87342211,1.0,124.53809523809524,0.0
YJL117W,0,0,0.0,0.0
YKL068W,0.666666667,0.02564102564102564,10.857142857142858,0.0
YDR171W,0.666666667,0,0.0,0.0
YDR228C,2.057539683,0.38095238095238093,2.25,0.0
YJR042W,4.756283511,0.5333333333333333,39.17857142857143,461.5833333333333
YOL036W,0,0,0.0,0.0
YGL207W,0,0,0.0,0.0
YLL011W,0.666666667,0,0.0,0.0
YNL069C,78.67745419,1.0,19.066666666666666,0.0
YBR102C,0,0,0.0,0.0
YDL178W,0,0,0.0,0.0
YOR269W,0.277777778,0.06666666666666667,0.0,0.0
YBR260C,0,0,0.0,0.0
YDR103W,2.738461538,0.12727272727272726,7.813095238095237,0.0
YNL151C,7.430581686,1.0,46.5,12.0
YMR180C,0,0,0.0,0.0
YCR073C,0.050706033,1.0,0.0,0.0
YIR026C,0,0,0.0,0.0
YNR010W,18.17342211,1.0,128.41785714285714,1342.0
YHR025W,0,0,0.0,0.0
YLL015W,0,0,0.0,0.0
YMR200W,0,0,0.0,0.0
YIL109C,4.887955182,0.48484848484848486,9.813492063492063,0.0
YPL038W,0.277777778,1.0,0.0,0.0
YBR112C,0.633333333,0.08333333333333333,4.790909090909091,0.0
YDR095C,0,0,0.0,0.0
YGL151W,16.87342211,1.0,107.66865079365078,0.0
YLR313C,0.233333333,0.1,0.0,0.0
YMR002W,0,0,0.0,0.0
YMR219W,0,0,0.0,0.0
YNR018W,0,0,0.0,0.0
YDR298C,12.19576515,1.0,76.66666666666667,0.0
YKL101W,0,0,0.0,0.0
YHR004C,0,0,0.0,0.0
YKL152C,0,0,0.0,0.0
YER120W,0,0,0.0,0.0
YNL330C,1.106060606,0.26666666666666666,0.39999999999999997,0.0
YDR322CA,12.90112229,1.0,43.47380952380952,0.0
YJR083C,1.29047619,0.3333333333333333,0.0,0.0
YMR207C,0,0,0.0,0.0
YGL122C,1,0,1.2307692307692308,0.0
YDR523C,0,0,0.0,0.0
YDR202C,1.347222222,0.7333333333333333,50.333333333333336,0.0
YKR068C,8,1.0,25.387301587301586,24.0
YOL045W,0,0,0.0,0.0
YLR220W,0,0,0.0,0.0
YLR014C,0,0,0.0,0.0
YNL147W,0,0,0.0,0.0
YLR264W,47.23529412,0.717948717948718,223.1500000000002,0.0
YER001W,0,0,0.0,0.0
YLR314C,0.225,0.03571428571428571,0.38461538461538464,0.0
YLR056W,0,0,0.0,0.0
YER132C,0,0,0.0,0.0
YGR050C,0,0,0.0,0.0
YLL026W,1.777777778,0.047619047619047616,0.0,0.0
YBR272C,0,0,0.0,0.0
YLR143W,0,0,0.0,0.0
YMR001C,1.2,0,0.5,0.0
YPL215W,0,0,0.0,0.0
YHR070W,0,0,0.0,0.0
YOR219C,0,0,0.0,0.0
YKR021W,0,0,0.0,0.0
YJR063W,8.686308892,1.0,26.93055555555556,2.0
YNR006W,0,0,0.0,0.0
YPR008W,0,0,0.0,0.0
YPL259C,2.4,1.0,9.333333333333334,0.0
YHR165C,0.63921492,0.1111111111111111,3.3333333333333335,0.0
YDR245W,0.666666667,1.0,2.5,0.0
YBR126C,1.2,0.3,2.033333333333333,0.0
YLR007W,0,0,0.0,0.0
YIL133C,78.67745419,1.0,19.066666666666666,0.0
YNL162W,78.67745419,1.0,19.066666666666666,0.0
YLR399C,0,0,0.0,0.0
YER041W,0,0,0.0,0.0
YHR052W,0,0,0.0,0.0
YPL049C,1,0,2.0,0.0
YOL102C,0.666666667,0,0.0,0.0
YOR208W,0,0,0.0,0.0
YER013W,0,0,0.0,0.0
YLR383W,0.666666667,0,0.0,0.0
YHR183W,0.666666667,0,1.6,0.0
YDR173C,1.007936508,0.5,3.7857142857142856,0.0
YCL014W,0,0,0.0,0.0
YDR022C,0,0,0.0,0.0
YJR052W,1.333333333,0,7.25,0.0
YPR018W,2.00952381,1.0,6.699999999999999,10.0
YML024W,54.58898734,1.0,54.327777777777776,0.0
YLR210W,0,0,0.0,0.0
YOR380W,0,0,0.0,0.0
YBR123C,2.238095238,0.4666666666666667,4.023809523809524,0.0
YKR002W,0.533333333,1.0,2.2,0.0
YGR244C,0,0,0.0,0.0
YEL054C,77.88501592,0.9753086419753086,19.066666666666666,0.0
YPL063W,0.611111111,1.0,0.7142857142857143,0.0
YLR433C,2,0.03636363636363636,2.3555555555555556,0.0
YEL013W,0,0,0.0,0.0
YGR083C,3.333333333,1.0,7.666666666666666,0.0
YNL333W,0.666666667,0,0.0,0.0
YLR337C,0.33385163,0.2,0.0,0.0
YBL081W,0,0,0.0,0.0
YPL088W,0,0,0.0,0.0
YPL074W,0.666666667,0,0.0,0.0
YCL027W,0.240740741,0.010869565217391304,8.166666666666666,0.0
YPR054W,0,0,0.0,0.0
YBL023C,15.70289855,0.7154150197628458,47.53102642971065,0.0
YAR002CA,0,0,0.0,0.0
YHR102W,0,0,0.0,0.0
YCL008C,0.744155844,0.3,1.6,0.0
YJL173C,1.6,0.3333333333333333,3.8,2.0
YGR120C,0.258823529,0.1,2.5142857142857142,0.0
YOR249C,7.992857143,1.0,17.0,0.0
YPL145C,0,0,0.0,0.0
YLR176C,0,0,0.0,0.0
YBR280C,0.666666667,0,0.0,0.0
YFL022C,1,1.0,0.0,0.0
YLR438CA,2.186895811,0.03676470588235294,6.815789473684211,0.0
YNR033W,0,0,0.0,0.0
YDR419W,0,0,0.0,0.0
YPL249CA,73.51162791,0.8648426812585499,19.066666666666666,0.0
YMR109W,3.23992674,0.08095238095238096,8.285353535353536,0.0
YPL105C,0,0,0.0,0.0
YGL237C,2.4,1.0,5.6,0.0
YNR044W,0,0,0.0,0.0
YOL001W,0,0,0.0,0.0
YIL147C,1,0,0.0,0.0
YER102W,54.58898734,1.0,54.327777777777776,0.0
YDL065C,0,0,0.0,0.0
YIL131C,0,0,0.0,0.0
YNL180C,0.666666667,0,0.0,0.0
YCL017C,0,0,0.0,0.0
YDL059C,0,0,0.0,0.0
YBL105C,1.089285714,0.10606060606060606,2.378787878787879,0.0
YIR015W,7,1.0,7.870707070707071,0.0
YPL048W,3.511111111,1.0,3.5,0.0
YER107C,0.115384615,1.0,2.571428571428571,0.0
YKL143W,0,0,0.0,0.0
YLR451W,0.666666667,0,0.0,0.0
YER133W,3.066666667,0.1282051282051282,10.714285714285714,0.0
YKL061W,0,0,0.0,0.0
YFL031W,0.666666667,0,6.0,0.0
YGR221C,0,0,0.0,0.0
YHR058C,16.87342211,1.0,155.0666666666667,1100.0
YHR001WA,6.902777778,1.0,15.514285714285714,0.0
YIL004C,7.030812325,0.4380952380952381,36.37301587301587,0.0
YJL154C,2.178571429,0.8333333333333334,4.285714285714286,0.0
YPR032W,0,0,0.0,0.0
YEL023C,0,0,0.0,0.0
YAR033W,0,0,0.0,0.0
YIL076W,6.798149563,0.9777777777777777,41.32539682539682,0.0
YOR275C,1,0,2.4,0.0
YOR307C,0,0,0.0,0.0
YHR031C,0,0,0.0,0.0
YBL093C,15.95405452,0.7549407114624506,131.82380952380953,1122.0
YMR285C,0,0,0.0,0.0
YHR107C,2.666666667,0.08974358974358974,19.943722943722943,32.0
YBR049C,0,0,0.0,0.0
YKL145W,28.18604651,0.6710963455149501,291.1326949620428,0.0
YDL020C,31.8382258,0.946031746031746,350.2666666666667,0.0
YLL001W,0.666666667,0,0.0,0.0
YOR368W,1.2,0,0.75,0.0
YJR021C,0,0,0.0,0.0
YCR027C,0,0,0.0,0.0
YHL021C,0,0,0.0,0.0
YNL323W,0,0,0.0,0.0
YJR070C,0,0,0.0,0.0
YOR257W,0,0,0.0,0.0
YJL096W,30,1.0,50.83333333333333,0.0
YDL138W,0,0,0.0,0.0
YDR347W,11.74505495,1.0,28.666666666666668,0.0
YMR280C,0.666666667,0,2.2857142857142856,0.0
YPL220W,78.67745419,1.0,19.066666666666666,0.0
YNR023W,5.116157046,0.6545454545454545,17.22222222222222,0.0
YFL024C,0,0,0.0,0.0
YNL068C,0.666666667,0,0.0,0.0
YPL177C,0,0,0.0,0.0
YDR043C,0,0,0.0,0.0
YLR340W,78.96797286,1.0,165.73333333333335,0.0
YMR129W,0.35,1.0,1.1428571428571428,0.0
YDL007W,32.02698937,1.0,270.84999999999997,0.0
YPR120C,0.153846154,0.01282051282051282,1.625,0.0
YPL067C,0,0,0.0,0.0
YLR262C,1.76025641,0.03571428571428571,1.8181818181818181,0.0
YGR242W,0,0,0.0,0.0
YNL003C,0,0,0.0,0.0
YMR179W,0,0,0.0,0.0
YJL001W,31.78413223,0.9444444444444444,380.1,578.0
YGR140W,2.267857143,0.4,2.5955882352941178,0.0
YNL020C,0,0,0.0,0.0
YNL202W,0,0,0.0,0.0
YGR167W,0.9,0.6666666666666666,0.0,0.0
YLR362W,3.2,0.14102564102564102,22.842857142857138,0.0
YPL155C,1.361111111,1.0,2.5,0.0
YDR386W,1.333333333,0,0.0,0.0
YDR073W,5.188884318,0.8,17.22222222222222,0.0
YJL068C,0,0,0.0,0.0
YLR390WA,0,0,0.0,0.0
YGL013C,0.666666667,0,0.0,0.0
YOL139C,0.305555556,1.0,1.3333333333333333,0.0
YHR172W,1.090909091,0.6666666666666666,2.0404040404040407,0.0
YER025W,1.666666667,0.16666666666666666,2.1818181818181817,0.0
YJL089W,3.743589744,0.5238095238095238,17.25,0.0
YNL128W,0,0,0.0,0.0
YLR448W,78.67745419,1.0,19.066666666666666,0.0
YFR026C,0,0,0.0,0.0
YNL173C,0,0,0.0,0.0
YMR139W,0.666666667,0,0.0,0.0
YDR002W,0.205128205,0.3333333333333333,1.75,0.0
YMR189W,1.619047619,1.0,0.0,0.0
YGL121C,0.833333333,0.3333333333333333,34.0,0.0
YIL148W,78.67745419,1.0,19.066666666666666,0.0
YEL002C,6.805555556,0.8611111111111112,4.583333333333334,0.0
YEL020WA,2.027777778,0.5333333333333333,2.0,0.0
YDR468C,0,0,0.0,0.0
YNL058C,0,0,0.0,0.0
YMR008C,0,0,0.0,0.0
YKL175W,0,0,0.0,0.0
YGR116W,0,0,0.0,0.0
YHL001W,78.67745419,1.0,19.066666666666666,0.0
YJR024C,0,0,0.0,0.0
YPR025C,6.025974026,0.6363636363636364,19.21989962651727,0.0
YER090W,0,0,0.0,0.0
YGL191W,5.892857143,1.0,8.533333333333333,0.0
YLL019C,0.666666667,0,0.0,0.0
YJL008C,5.166666667,0.75,7.0,0.0
YGL165C,0,0,0.0,0.0
YPL255W,1.2,0,7.5,8.0
YMR054W,12.15776144,1.0,69.2904761904762,0.0
YLR273C,0,0,0.0,0.0
YMR284W,0,0,0.0,0.0
YLR097C,0,0,0.0,0.0
YPR154W,0.023823029,0.005263157894736842,0.0,0.0
YLR277C,1.614285714,0.5,7.035714285714286,0.0
YMR075W,0,0,0.0,0.0
YLR384C,1.622634768,0.7142857142857143,17.0,0.0
YPR080W,3.511111111,1.0,7.833333333333334,0.0
YBR101C,0,0,0.0,0.0
YER056CA,78.67745419,1.0,19.066666666666666,0.0
YNL037C,0,0,0.0,0.0
YNL099C,0,0,0.0,0.0
YBR083W,0,0,0.0,0.0
YJL166W,6.902777778,1.0,20.666666666666668,2.25
YDR455C,0,0,0.0,0.0
YGR009C,0.312260536,0.05555555555555555,5.5,0.0
YJR112W,1.652777778,0.12380952380952381,8.32777777777778,0.0
YNL271C,0.889858732,0.08791208791208792,13.307017543859649,0.0
YML100W,1.733333333,1.0,2.4,0.0
YLL009C,0,0,0.0,0.0
YMR242C,78.67745419,1.0,19.066666666666666,0.0
YFR049W,11.74505495,1.0,17.833333333333332,0.0
YOR210W,13.61083744,0.5052910052910053,106.49444444444443,0.0
YGR076C,30,1.0,107.5,0.0
YOR349W,0,0,0.0,0.0
YLR377C,0,0,0.0,0.0
YNL031C,4.255538579,1.0,4.357142857142858,0.0
YDR507C,2.506089744,0.17857142857142858,8.012066365007541,0.0
YHL031C,0.169934641,1.0,2.0,0.0
YDL103C,0,0,0.0,0.0
YJL071W,0,0,0.0,0.0
YNL007C,0,0,0.0,0.0
YML059C,0,0,0.0,0.0
YCL039W,0,0,0.0,0.0
YPL214C,0,0,0.0,0.0
YDR529C,6.902777778,1.0,20.666666666666668,4.0
YLR462W,0,0,0.0,0.0
YGL044C,2.324206349,0.8,2.083333333333333,0.0
YDL186W,0,0,0.0,0.0
YHL024W,0,0,0.0,0.0
YDR308C,16.29463423,0.7707509881422925,136.3952380952381,1100.0
YOL013C,1.083333333,0.6666666666666666,0.5833333333333334,0.0
YER157W,1.252941176,0.2222222222222222,15.335714285714287,0.0
YKL016C,12.19576515,1.0,76.66666666666667,2.0
YLR248W,0,0,0.0,0.0
YER059W,0.666666667,0,33.0,0.0
YOL063C,0,0,0.0,0.0
YMR150C,0,0,0.0,0.0
YCR054C,0,0,0.0,0.0
YAL009W,0,0,0.0,0.0
YOR293W,54.58898734,1.0,54.327777777777776,0.0
YPR135W,0,0,0.0,0.0
YGR091W,0,0,0.0,0.0
YDL099W,0.666666667,0,0.0,0.0
YDL159W,1.564102564,0.5333333333333333,7.271428571428571,0.0
YIL068C,4.055735931,1.0,3.0416666666666665,0.0
YFR032CA,78.67745419,1.0,19.066666666666666,0.0
YBR091C,2.65,0.8,6.3999999999999995,0.0
YER144C,0,0,0.0,0.0
YCR008W,0,0,0.0,0.0
YIL033C,1.2,0.3,4.113636363636363,0.0
YGR241C,0,0,0.0,0.0
YGL175C,0,0,0.0,0.0
YLR249W,0,0,0.0,0.0
YMR005W,0,0,0.0,0.0
YDR142C,2.963203463,1.0,5.0,0.0
YOR299W,0,0,0.0,0.0
YAR066W,0,0,0.0,0.0
YGR181W,0.611111111,1.0,0.8333333333333334,0.0
YDR019C,1.619047619,1.0,0.0,0.0
YHR152W,1.666666667,0,19.5,0.0
YLR430W,0,0,0.0,0.0
YGL198W,3.230769231,0.18181818181818182,0.0,0.0
YGL253W,0,0,0.0,0.0
YNL088W,0,0,0.0,0.0
YHR193C,0,0,0.0,0.0
YAR020C,0,0,0.0,0.0
YOR290C,6.03916541,0.6515151515151515,17.22222222222222,0.0
YKR023W,0,0,0.0,0.0
YDL160C,8.711226927,1.0,42.726190476190474,0.0
YLR288C,1.636363636,0,13.333333333333334,0.0
YNL286W,0,0,0.0,0.0
YDR012W,78.67745419,1.0,19.066666666666666,0.0
YNL199C,0,0,0.0,0.0
YML085C,0.25,0.03571428571428571,2.8,0.0
YNL157W,0,0,0.0,0.0
YGL161C,0,0,0.0,0.0
YGL004C,0,0,0.0,0.0
YHR120W,0,0,0.0,0.0
YBR023C,0,0,0.0,0.0
YLR126C,0,0,0.0,0.0
SSR1,0,0,0.0,0.0
YFR036W,7.992857143,1.0,16.795238095238098,0.0
YBL018C,7,1.0,7.870707070707071,0.0
YIL138C,0.666666667,0,5.428571428571429,0.0
YDR498C,0.305555556,1.0,2.6944444444444446,0.0
YHR013C,0,0,0.0,0.0
YDR218C,0.666666667,0,0.8571428571428571,0.0
YJL044C,0,0,0.0,0.0
YJL133W,11.36483516,1.0,81.16666666666667,0.0
YOL140W,0,0,0.0,0.0
YLR328W,0,0,0.0,0.0
YLR417W,0,0,0.0,0.0
YNL201C,0,0,0.0,0.0
YJL187C,1.333333333,0,1.4545454545454546,0.0
YPL126W,0.666666667,0,2.3333333333333335,0.0
YER066W,0,0,0.0,0.0
YOR319W,1,0,5.5,2.0
YPR133WA,6.533333333,1.0,19.938095238095237,0.0
YDR379W,0,0,0.0,0.0
YPL204W,2.333333333,0.5,2.2666666666666666,0.0
YCL016C,0,0,0.0,0.0
YIR034C,0,0,0.0,0.0
YNL196C,0,0,0.0,0.0
YLR163C,0,0,0.0,0.0
YBR251W,11.08571429,0.8571428571428571,35.25,0.0
YPL138C,0,0,0.0,0.0
YLR070C,0,0,0.0,0.0
YCL062W,0,0,0.0,0.0
YKL074C,0.51965812,0.08333333333333333,0.0,0.0
YNL243W,2.350189577,0.25,8.45083863504916,0.0
YAR027W,0,0,0.0,0.0
YBL041W,30.96896863,0.8506401137980085,436.4000000000001,578.0
YPR105C,0.169934641,1.0,2.0,0.0
YOR090C,0,0,0.0,0.0
YFL033C,1,0,0.0,0.0
YGL155W,0,0,0.0,0.0
YOR276W,1.5,1.0,6.0,0.0
YPR086W,0.784316561,0.09090909090909091,16.572222222222223,0.0
YPL249C,0,0,0.0,0.0
YKL214C,0.666666667,0,0.0,0.0
YLR116W,0.451282051,0.038461538461538464,0.0,0.0
YGR218W,2.062851782,0.010869565217391304,2.321428571428571,0.0
YCL029C,0.361111111,0.3333333333333333,0.5,0.0
YER008C,3.579545455,0.5357142857142857,3.0416666666666665,0.0
YHR187W,0,0,0.0,0.0
YGR097W,0.666666667,0,0.0,0.0
YCL051W,0,0,0.0,0.0
YML016C,1.766666667,0.047619047619047616,2.0,0.0
YDR138W,1.186335404,1.0,0.0,0.0
YOR157C,31.12257492,0.8549075391180654,393.59999999999997,595.0
YER082C,0,0,0.0,0.0
YNL082W,0.311111111,1.0,0.0,0.0
YDL232W,6.611111111,1.0,4.583333333333334,0.0
YGL008C,1.833333333,1.0,0.0,0.0
YNL250W,2.945386558,0.25,3.9333333333333336,0.0
YLL041C,2.5,0.8333333333333334,3.7857142857142856,0.0
YIR032C,0,0,0.0,0.0
YER101C,0,0,0.0,0.0
YGR166W,8,1.0,21.974603174603175,0.0
YFR003C,0,0,0.0,0.0
YDR132C,0,0,0.0,0.0
YHR174W,0,0,0.0,0.0
YDR462W,30,1.0,50.83333333333333,0.0
YFL018C,2.571428571,0.42857142857142855,2.638888888888889,0.0
YGL240W,7.992857143,1.0,16.795238095238098,0.0
YKL103C,0,0,0.0,0.0
YDR452W,0,0,0.0,0.0
YLR442C,2.397610559,0.2857142857142857,6.259103641456583,10.0
YDR135C,0,0,0.0,0.0
YKL045W,1.420289855,0.5,1.2857142857142856,0.0
YDR085C,0,0,0.0,0.0
YFR024C,1.605682475,0.09941520467836257,2.3555555555555556,0.0
YJL004C,0.094298246,0.16666666666666666,0.0,0.0
YEL027W,12.15776144,1.0,61.35194805194806,0.0
YJL035C,0,0,0.0,0.0
YIL079C,1,0,0.0,0.0
YFL010WA,0,0,0.0,0.0
YLR147C,0.103741497,0.015151515151515152,0.8571428571428571,0.0
YHR171W,1.2,0,2.6666666666666665,0.0
YPR175W,14.95615447,1.0,33.85051834130782,0.0
YOR261C,32.02698937,1.0,674.6666666666666,0.0
YPL010W,6.798149563,0.9777777777777777,62.0,17.333333333333336
YML095CA,0,0,0.0,0.0
YGL016W,0.400621118,0.09523809523809523,8.0,0.0
YGL162W,0,0,0.0,0.0
YDR074W,1.733333333,1.0,2.033333333333333,0.0
YLR186W,0,0,0.0,0.0
YOR089C,1,0,0.0,0.0
YKL178C,0,0,0.0,0.0
YOR106W,1.256704981,0.16666666666666666,11.233333333333333,0.0
YER167W,0,0,0.0,0.0
YDR319C,0,0,0.0,0.0
YNL025C,2.099429982,0.3888888888888889,13.57142857142857,0.0
YLR078C,5.517857143,0.2761904761904762,53.08333333333333,0.0
YIL052C,78.67745419,1.0,19.066666666666666,0.0
YLR096W,0.666666667,0,0.0,0.0
YOR178C,2.211111111,0.3055555555555556,11.061904761904762,0.0
YNL282W,7,1.0,11.444444444444445,0.0
YMR066W,0,0,0.0,0.0
YER096W,0,0,0.0,0.0
YML065W,14.91666667,0.6485507246376812,113.41298701298699,80.0
YBR176W,0,0,0.0,0.0
YIR006C,0.276190476,0.09523809523809523,0.0,0.0
YOL006C,1.2,0,0.0,0.0
YDR328C,3.833333333,0.1038961038961039,33.40158942364824,0.0
YGL090W,1,0,6.0,0.0
YMR059W,2.4,1.0,6.666666666666667,0.0
YBR283C,0,0,0.0,0.0
YPR056W,4.936868687,1.0,39.28571428571429,2.0
YDR313C,0,0,0.0,0.0
YBL088C,0,0,0.0,0.0
YER027C,2.582539683,1.0,8.85,0.0
YHR128W,0,0,0.0,0.0
YDR032C,0,0,0.0,0.0
YMR273C,0.138095238,0.16666666666666666,2.0090909090909093,0.0
YDL147W,31.29914724,0.8933933933933934,506.91666666666663,0.0
YOR151C,7.741444357,0.7912087912087912,49.666666666666664,0.0
YDL016C,0,0,0.0,0.0
YDR392W,8.591094135,0.7714285714285715,50.591141168772744,0.0
YGL163C,3.333333333,1.0,21.101190476190474,2.0
YKL006CA,0,0,0.0,0.0
YGR172C,0,0,0.0,0.0
YOR247W,0,0,0.0,0.0
YGL179C,0,0,0.0,0.0
YNL284C,30,1.0,78.66666666666667,0.0
YNL113W,13.10154086,0.7052631578947368,69.91666666666669,0.0
YLL060C,0.666666667,0,0.0,0.0
YHR062C,7,1.0,10.58888888888889,0.0
YNL276C,0,0,0.0,0.0
YHR010W,78.67745419,1.0,19.066666666666666,0.0
YOR075W,0.561111111,0.3333333333333333,4.5,0.0
YER150W,0,0,0.0,0.0
YGR223C,0,0,0.0,0.0
YDR143C,0,0,0.0,0.0
YIL045W,0,0,0.0,0.0
YHR072WA,0.5,0.16666666666666666,2.1666666666666665,0.0
YDL081C,78.67745419,1.0,177.56666666666655,0.0
YLR353W,0,0,0.0,0.0
YMR198W,1.433333333,0.3333333333333333,6.666666666666666,0.0
YML055W,0.833333333,1.0,0.0,0.0
YMR168C,2.035714286,0.5,0.0,0.0
YAL044C,1.619047619,1.0,0.0,0.0
YDR069C,32.02698937,1.0,272.252380952381,0.0
YKR031C,0,0,0.0,0.0
YDR520C,0,0,0.0,0.0
YLR436C,0,0,0.0,0.0
YGR005C,0.355555556,0.3333333333333333,0.25,0.0
YBR119W,0,0,0.0,0.0
YKR034W,1.375,1.0,3.5,2.0
YML001W,0.16025641,0.16666666666666666,0.0,0.0
YPR020W,12.19576515,1.0,54.550000000000004,2.0
YPL179W,0,0,0.0,0.0
YDL189W,0,0,0.0,0.0
YNL021W,0,0,0.0,0.0
YPR193C,0,0,0.0,0.0
YDR123C,0,0,0.0,0.0
YDL001W,0,0,0.0,0.0
YDL030W,1.838345865,0.015151515151515152,2.5,0.0
YGL187C,5.25,0.75,9.6,0.0
YGR098C,0,0,0.0,0.0
YOR174W,18.17342211,1.0,145.31666666666666,1342.0
YKL171W,0,0,0.0,0.0
YMR127C,2.714285714,0.8333333333333334,16.40833333333333,24.0
YGR239C,0,0,0.0,0.0
YPR168W,16.87342211,1.0,139.63333333333335,1100.0
YGL200C,4.178571429,0.75,17.0,16.25
YIL108W,0,0,0.0,0.0
YML081CA,12.19576515,1.0,43.47380952380952,0.0
YIL084C,0,0,0.0,0.0
YDL035C,0,0,0.0,0.0
YHR061C,3.768722944,0.24242424242424243,54.153571428571425,0.0
YFL028C,10.61881419,0.9102564102564102,50.84761904761905,0.0
YIL129C,0,0,0.0,0.0
YDL072C,0,0,0.0,0.0
YJL002C,6.805555556,0.8611111111111112,9.916666666666666,2.0
YOR244W,0.5625,1.0,0.0,0.0
YLR208W,4.945238095,0.4696969696969697,15.636904761904761,2.8333333333333335
YHR028C,0,0,0.0,0.0
YJL168C,0,0,0.0,0.0
YPL256C,2,0.05555555555555555,14.571428571428573,0.0
YNL257C,0,0,0.0,0.0
YJR134C,0,0,0.0,0.0
YGL233W,3.075757576,0.3090909090909091,3.0416666666666665,0.0
YPL269W,0,0,0.0,0.0
YMR238W,0.138095238,1.0,3.5,0.0
YPR077C,0,0,0.0,0.0
YPL096W,0,0,0.0,0.0
YJR010W,0,0,0.0,0.0
YPR015C,0,0,0.0,0.0
YER054C,3.866666667,0.42857142857142855,28.25,0.0
YOL043C,0,0,0.0,0.0
YFL038C,1.882478632,0.09523809523809523,4.0,0.0
YOR298CA,0,0,0.0,0.0
YHR194W,0,0,0.0,0.0
YNL116W,0,0,0.0,0.0
YIL149C,0,0,0.0,0.0
YNL161W,0,0,0.0,0.0
YNL126W,1.090909091,0.6666666666666666,1.2222222222222223,0.0
YBR171W,1.833333333,1.0,4.633333333333334,0.0
YDR178W,1.5,1.0,0.0,0.0
YML103C,0.508823529,0.3333333333333333,2.017857142857143,0.0
YMR061W,2.224206349,0.5333333333333333,2.083333333333333,0.0
YDL064W,1.720512821,0.3333333333333333,5.843137254901961,0.0
YMR043W,2.655555556,0.23809523809523808,7.333333333333334,0.0
YOL031C,0,0,0.0,0.0
YMR033W,8.295424837,0.5367647058823529,46.248366013071895,0.0
YIL095W,1.18452381,1.0,0.0,0.0
YBR282W,30,1.0,107.5,80.0
YHR114W,0.216680875,0.014705882352941176,0.0,0.0
YPL242C,0.078703704,0.01818181818181818,3.482456140350877,0.0
YBR017C,0,0,0.0,0.0
YAL013W,0,0,0.0,0.0
YDR335W,4.188503113,0.21904761904761905,20.7262765012765,0.0
YMR143W,54.58898734,1.0,54.327777777777776,0.0
YAL030W,0,0,0.0,0.0
YDR318W,0,0,0.0,0.0
YOR371C,0.416666667,0.3333333333333333,12.1,0.0
YBR137W,0,0,0.0,0.0
YDL150W,0,0,0.0,0.0
YMR023C,10.2,0.7428571428571429,35.898809523809526,0.0
YAL004W,0,0,0.0,0.0
YGL011C,32.02698937,1.0,433.0000000000001,0.0
YBR156C,0.81025641,0.6666666666666666,1.0,0.0
YDL140C,6.093514751,0.2964426877470356,53.0,0.0
YGR134W,0,0,0.0,0.0
YOR201C,0,0,0.0,0.0
YDR030C,0,0,0.0,0.0
YEL056W,0,0,0.0,0.0
YDL061C,54.58898734,1.0,230.0,0.0
YHR133C,0,0,0.0,0.0
YDR101C,0,0,0.0,0.0
YLR441C,54.58898734,1.0,244.0,0.0
YKL196C,0.766760037,0.3,5.6,0.0
YOR057W,0,0,0.0,0.0
YML026C,54.58898734,1.0,54.327777777777776,0.0
YPL045W,1.566666667,1.0,2.0041666666666664,0.0
YNL288W,0,0,0.0,0.0
YGL043W,0,0,0.0,0.0
YMR277W,0,0,0.0,0.0
YOL054W,0,0,0.0,0.0
YMR225C,30,1.0,50.83333333333333,0.0
YDR389W,0,0,0.0,0.0
YBR073W,0,0,0.0,0.0
YHR069C,4.196428571,0.7142857142857143,15.062626262626262,0.0
YJL199C,0,0,0.0,0.0
YIR018W,0.666666667,0,0.0,0.0
YKL180W,78.67745419,1.0,19.066666666666666,0.0
YLR100W,0,0,0.0,0.0
YIL130W,0,0,0.0,0.0
YOR160W,0.244669964,0.09523809523809523,1.1428571428571428,0.0
YLR079W,0.132575758,1.0,5.0,0.0
YBR155W,0.566666667,0.3333333333333333,2.6,0.0
YBL016W,1.584737485,0.38095238095238093,8.071428571428571,0.0
YLR102C,7.992857143,1.0,26.666666666666668,0.0
YIL029C,0,0,0.0,0.0
YLR064W,0,0,0.0,0.0
YLR185W,78.67745419,1.0,19.066666666666666,0.0
YNL312W,1.6,0.3333333333333333,2.056140350877193,0.0
YGL075C,0,0,0.0,0.0
YNL056W,0,0,0.0,0.0
YNL175C,0,0,0.0,0.0
YGR059W,0,0,0.0,0.0
YOR234C,78.67745419,1.0,19.066666666666666,0.0
YJR017C,0,0,0.0,0.0
YER086W,0,0,0.0,0.0
YBR278W,14.95615447,1.0,85.22857142857144,0.0
YLR223C,0,0,0.0,0.0
YLR274W,16.00560789,0.9649122807017544,66.50396445659604,80.0
YCR059C,0,0,0.0,0.0
YOL087C,0,0,0.0,0.0
YDL220C,1.2,0,5.333333333333333,0.0
YPL271W,12.19576515,1.0,61.5,0.0
YDL083C,54.58898734,1.0,54.327777777777776,0.0
YML102W,0.666666667,0,1.25,0.0
YER113C,0,0,0.0,0.0
YPL085W,4.178571429,0.75,7.75,0.0
YOR224C,14.01295384,0.5441595441595442,121.66666666666667,0.0
YNL262W,15.44746377,0.7476190476190476,36.61242310321258,0.0
YAR018C,1.333333333,0,0.0,0.0
YGL068W,0,0,0.0,0.0
YOR284W,2.248913952,0.3333333333333333,0.0,0.0
YPL003W,0,0,0.0,0.0
YMR137C,0,0,0.0,0.0
YGR078C,2.6,1.0,5.166666666666667,0.0
YCR086W,0.367099567,0.3,6.428571428571429,0.0
YMR293C,0,0,0.0,0.0
YFL008W,2.222222222,0.13071895424836602,11.475,0.0
YOR297C,1.2,1.0,2.875,0.0
YOR093C,0,0,0.0,0.0
YGR085C,78.67745419,1.0,219.91666666666666,0.0
YOR011W,0,0,0.0,0.0
YLR075W,77.88501592,0.9753086419753086,19.066666666666666,0.0
YGR123C,0,0,0.0,0.0
YML063W,54.58898734,1.0,54.327777777777776,0.0
YOR115C,8,1.0,21.974603174603175,0.0
YHR111W,0,0,0.0,0.0
YOR027W,0.976190476,0.26666666666666666,7.2857142857142865,0.0
YDR160W,0,0,0.0,0.0
YPL187W,0.476190476,0.5,0.0,0.0
YPL161C,0.8,0.05714285714285714,32.666666666666664,0.0
YIL160C,0,0,0.0,0.0
YBR024W,0.666666667,0,0.0,0.0
YBL037W,1.3,0.5,1.6,0.0
YJL102W,0,0,0.0,0.0
YDR447C,54.58898734,1.0,54.327777777777776,0.0
YOR346W,0,0,0.0,0.0
YOR036W,0,0,0.0,0.0
YLR254C,0,0,0.0,0.0
YDR207C,0.30952381,0.06666666666666667,0.0,0.0
YKR057W,54.58898734,1.0,54.327777777777776,0.0
YDR382W,77.88501592,0.9753086419753086,177.56666666666658,0.0
YDR253C,0.277777778,1.0,0.0,0.0
YOR156C,0.143589744,0.06666666666666667,5.843137254901961,0.0
YJL136C,54.58898734,1.0,54.327777777777776,0.0
YER147C,0,0,0.0,0.0
YNL307C,1.333333333,0,0.0,0.0
