1.631840884,1,117.5,0
10.2789916,0.311942959,85.5,0
1.333333333,0,0,0
0,0,0,0
10.39615385,1,35.89880952,0
0,0,0,0
77.88653417,1,19.06666667,0
0,0,0,0
0,0,0,0
0,0,0,0
0.799675325,0.19047619,2.05,0
0,0,0,0
0,0,0,0
0,0,0,0
0,0,0,0
0,0,0,0
0.666666667,0,0,0
0,0,0,0
0,0,0,0
0,0,0,0
0,0,0,0
4.276832151,0.583333333,8.916666667,0
0,0,0,0
0,0,0,0
0,0,0,0
10.946625,0.758064516,207.1027778,0
4.345743146,0.857142857,17.61669409,0
1,0,0,0
0,0,0,0
1.333333333,0.266666667,3.866666667,0
0,0,0,0
1.470217633,0.692307692,34.61507937,0
2.176906427,0.156862745,25.47619048,0
4.2,0.583333333,4,0
0,0,0,0
0,0,0,0
0,0,0,0
0,0,0,0
0,0,0,0
0.252631579,1,6.166666667,0
0,0,0,0
1,0,2.181818182,0
1.05,0.138888889,3.4,0
0,0,0,0
0,0,0,0
0,0,0,0
0,0,0,0
0.666666667,0,6,0
0,0,0,0
0,0,0,0
0,0,0,0
6.43476874,0.487179487,32.93789683,0
1.04781746,0.5,7.119047619,0
0,0,0,0
1.428571429,0,13.33333333,0
2.005134344,0.191176471,18.48921079,8
0,0,0,0
1.428571429,0,0,0
0,0,0,0
0.23030303,1,7.333333333,0
0.083333333,0.1,0,0
26.84170817,0.68989547,638.3333333,0
0,0,0,0
0.291666667,0.066666667,0.5,0
0,0,0,0
1.566027024,0.179487179,25.7794955,0
41.94445121,0.389324437,993.1868354,0
0.062745098,0.1,1.285714286,0
38.34594651,0.685314685,897.0238095,3574
0,0,0,0
0,0,0,0
30.292388,0.704402516,567.3,318
4.494871795,0.247368421,56.10515873,0
0.394047619,0.666666667,1,0
0,0,0,0
77.39887985,0.975308642,19.06666667,0
0,0,0,0
0,0,0,0
0,0,0,0
0,0,0,0
5.578164805,0.383399209,106.125,176.5
1.857142857,0.015151515,0,0
7.246875265,0.549019608,77.58730159,50
0.1375,1,0,0
0,0,0,0
0,0,0,0
52.34629,0.931639443,54.32777778,0
0.742735043,0.266666667,9,0
0,0,0,0
0,0,0,0
0,0,0,0
0,0,0,0
0,0,0,0
39.69542803,0.544303797,1079.207143,4714.5
1.333333333,0,0,0
0,0,0,0
0,0,0,0
0,0,0,0
1.333333333,0,1.111111111,0
0,0,0,0
0.583333333,0.333333333,1.666666667,0
0.117690058,0.333333333,2.9,0
0,0,0,0
1.549242424,0.166666667,0,0
0,0,0,0
77.88653417,1,19.06666667,0
0.955555556,1,5.333333333,0
0,0,0,0
0,0,0,0
0,0,0,0
1.508241758,0.476190476,20.5,0
0.526881205,0.666666667,6.75,0
0,0,0,0
41.00427335,0.780337942,1669,0
0,0,0,0
0,0,0,0
0,0,0,0
1.636363636,0,0,0
8.903164556,0.764705882,148.7309524,0
0,0,0,0
1.090909091,0.25,5.916666667,0
0,0,0,0
0,0,0,0
0,0,0,0
0.880722154,0.052631579,4.666666667,0
0,0,0,0
0.666666667,0,0,0
1.567466044,0.133333333,81,0
0,0,0,0
0.374647092,0.095238095,0.857142857,0
0.423881674,0.3,0,0
0,0,0,0
0.183589744,0.2,2.102272727,0
0.666666667,0,0,0
0.510722044,0.392857143,23,0
0.192512077,0.666666667,0,0
0,0,0,0
12.2889923,0.670289855,83.58333333,132
0,0,0,0
0.412855669,0.133333333,4.047979798,0
1.5,0,5.5,0
0,0,0,0
0,0,0,0
3.158001181,0.289473684,48.08127706,0
0.576923077,0.066666667,4.909090909,0
1.858629776,0.038461538,4.5,0
0,0,0,0
0,0,0,0
0,0,0,0
0,0,0,0
0,0,0,0
1.2,0,8.857142857,0
1.984132711,0.088888889,28.6,2
0.075887393,0.1,0,0
1.443682796,0.333333333,13.03333333,0
0,0,0,0
0,0,0,0
35.9787275,0.790909091,355.1147436,0
2.39498404,0.085057471,15.26626984,0
1.2,0,8,0
0,0,0,0
0,0,0,0
0,0,0,0
1.733333333,0.047619048,2.566666667,0
0,0,0,0
0,0,0,0
0.154747475,0.666666667,35,0
0,0,0,0
0,0,0,0
5.297619048,0.484848485,4.583333333,0
4.086111111,0.678571429,7.166666667,0
0,0,0,0
0,0,0,0
0,0,0,0
5.508851196,0.692307692,28.46840659,0
0,0,0,0
0,0,0,0
1.927219305,0.013071895,27.5218254,0
29.47554804,0.806543385,181.6666667,210
1.808749101,0.138888889,32.83333333,0
0,0,0,0
1.032094943,0.571428571,10.25,2
0.126811594,0.035714286,0,0
52.9963305,0.965538847,54.32777778,0
0,0,0,0
0,0,0,0
0,0,0,0
0.820717862,0.619047619,12.1,0
0,0,0,0
15.68820901,0.443812233,183.6376984,0
53.01720448,0.96679198,203.15,0
0.243478261,1,1.666666667,0
0,0,0,0
35.29085349,0.725423729,742.0928211,1759.25
3.017748479,0.141304348,60.39285714,6
0,0,0,0
2.400383142,0.022792023,26.04404762,164
0.476190476,0.333333333,3.75,0
0,0,0,0
0,0,0,0
0,0,0,0
77.41751696,0.975617284,21.1,0
0,0,0,0
0,0,0,0
0,0,0,0
0.225490196,0.142857143,3.6,0
0,0,0,0
1.428571429,0,2.933333333,0
1,0,0,0
0,0,0,0
53.4615242,1,54.32777778,0
0,0,0,0
0.261235955,0.166666667,2,0
0,0,0,0
0,0,0,0
0,0,0,0
0,0,0,0
0,0,0,0
0,0,0,0
0,0,0,0
53.01720448,0.96679198,474.5,0
0,0,0,0
0,0,0,0
0.114492754,0.166666667,2.083333333,0
0.411773731,0.032608696,32.2,0
0,0,0,0
0,0,0,0
0,0,0,0
0,0,0,0
0,0,0,0
0,0,0,0
0.496746032,0.3,6.463636364,0
0,0,0,0
0,0,0,0
4.164276228,0.205533597,42.40620915,0
0.114906832,0.166666667,0,0
0,0,0,0
0.912346374,0.4,13.66666667,0
0,0,0,0
0,0,0,0
1.282894737,0.25,20.22380952,0
0,0,0,0
0,0,0,0
1.2,0,0,0
0.158823529,1,1,0
0,0,0,0
0,0,0,0
0,0,0,0
0,0,0,0
38.75868125,0.61573499,791.5928571,0
0,0,0,0
0,0,0,0
52.34629,0.931639443,317.1666667,0
0,0,0,0
10.62377508,0.673684211,88,0
0,0,0,0
4.076388189,0.352380952,25.70595238,0
0,0,0,0
0,0,0,0
2.986842105,0.00689038,195.2305556,0
2.986692429,0.1,16.21817043,0
1.619047619,0.166666667,4.926984127,2
0,0,0,0
0,0,0,0
0,0,0,0
0,0,0,0
0,0,0,0
1.119210526,0.007516779,97.525,10.25
7.37549959,0.696969697,56.45,0
0,0,0,0
0.642857143,1,0,0
1.460526316,0.7,27.33333333,0
0,0,0,0
0,0,0,0
0,0,0,0
29.1347561,0.748717949,249,210
0.666666667,0,0,0
0,0,0,0
0.396464646,0.333333333,2.266666667,0
0.233333333,0.166666667,2.321428571,0
0,0,0,0
0,0,0,0
0,0,0,0
2.059006211,0.045454545,0,0
0,0,0,0
0,0,0,0
0,0,0,0
0,0,0,0
0,0,0,0
0.357142857,0.011764706,22,0
0,0,0,0
0.083776596,0.333333333,2.142857143,0
0,0,0,0
5.576027722,0.933333333,49.33333333,17.33333333
0.666666667,0,0,0
1.431105851,0.082251082,19.65021245,0
0,0,0,0
0,0,0,0
0,0,0,0
0,0,0,0
1.4,0.5,0,0
0,0,0,0
0.036111111,0.166666667,6,0
1.75,0.066666667,2.5,0
0,0,0,0
0.333333333,0.071428571,4.117857143,0
0,0,0,0
0.201388889,0.333333333,1,0
0,0,0,0
0.260526316,0.166666667,2.333333333,0
0,0,0,0
53.4615242,1,54.32777778,0
0,0,0,0
2.97849741,0.307692308,19.72222222,0
0,0,0,0
0,0,0,0
0.669047619,0.666666667,0,0
21.93773268,0.480442177,355.1690476,0
2.712284958,0.2,123.6666667,0
0,0,0,0
0,0,0,0
0.333333333,0.166666667,0.428571429,0
0,0,0,0
0,0,0,0
0,0,0,0
1.873280886,0.254545455,13.58874459,0
0,0,0,0
0,0,0,0
53.4615242,1,54.32777778,0
52.41525551,0.932849365,54.32777778,0
0,0,0,0
0,0,0,0
0,0,0,0
0.025904203,0.166666667,2.3,0
0.347619048,0.133333333,1.5,0
0.163919988,0.4,5.716666667,0
0,0,0,0
0,0,0,0
3.863320136,0.424242424,19.83290043,0
0,0,0,0
0,0,0,0
0,0,0,0
0,0,0,0
16.61897522,0.729064039,134,0
1.2,0,1.333333333,0
0,0,0,0
7.966344113,0.456140351,28.66666667,0
3.619229323,0.378787879,7.761591479,0
0.224789916,0.095238095,2.583333333,0
0,0,0,0
0,0,0,0
0.083776596,0.333333333,0,0
3.563909774,0.125,32.09985847,0
0,0,0,0
0.114906832,1,0,0
0,0,0,0
0,0,0,0
6.229482798,0.470588235,73,90
0,0,0,0
7.546718077,0.56043956,67.30119048,0
0.45,1,0,0
0,0,0,0
0,0,0,0
0,0,0,0
27.04012357,0.606763285,445.5666667,0
38.68858436,0.676587302,424.9718226,0
3.998997284,0.381818182,31.12380952,12
0,0,0,0
1.2,0,0.285714286,0
0,0,0,0
0,0,0,0
22.12422824,0.414377557,693.8333333,0
0,0,0,0
0,0,0,0
1.2,0,3.333333333,0
5.455002249,0.291666667,221,0
15.16034445,0.723320158,52.56555024,0
1.672706267,0.244444444,8.007142857,0
26.32286247,0.763265306,650.997619,0
1.555555556,0,0,0
0,0,0,0
0,0,0,0
0,0,0,0
1.166666667,0.5,7,0
0.95,0.333333333,0.909090909,0
9.921428571,0.742857143,35.89880952,0
0,0,0,0
0.5,0.166666667,2.033333333,0
0.255555556,0.1,0,0
0.370299117,0.107142857,18.78181818,0
17.54332541,0.698005698,96.16666667,0
0.325,0.166666667,2.816666667,0
6.261111111,1,11.33333333,0
0,0,0,0
0,0,0,0
0,0,0,0
12.84720475,0.831578947,42.16666667,0
0,0,0,0
0,0,0,0
0,0,0,0
47.68154829,0.438001638,2252.083333,0
5.987315563,0.173541963,93.94772384,56
0.044758065,0.166666667,0,0
1.051587302,0.238095238,10,0
1.45,0.136363636,4.25,0
0.205357143,0.1,0,0
0,0,0,0
0,0,0,0
0,0,0,0
0,0,0,0
0,0,0,0
0,0,0,0
0,0,0,0
0,0,0,0
35.56755829,0.593350384,910.5166667,1318
0,0,0,0
0,0,0,0
4.547517446,0.618181818,22.60714286,10.11111111
0,0,0,0
0,0,0,0
20.29836688,0.962962963,153.6666667,0
0,0,0,0
0,0,0,0
0,0,0,0
0.141414141,0.3,2,0
0,0,0,0
53.4615242,1,54.32777778,0
0.666666667,0,0,0
0.089285714,0.001265823,2.2,0
2.805340446,0.071428571,82.9,10.25
0,0,0,0
14.40402034,0.868421053,38.94606972,0
1.763892815,0.142857143,0,0
0,0,0,0
0.640909091,0.3,2.984615385,0
0,0,0,0
0,0,0,0
0,0,0,0
0,0,0,0
0,0,0,0
38.02299696,0.831215971,531.2576646,0
0.416666667,1,2.266666667,0
0,0,0,0
0.150507737,0.071428571,2.428571429,0
0,0,0,0
0,0,0,0
1.383333333,0.666666667,3.742857143,0
1.542857143,0.011099692,74.75,0
0,0,0,0
6.59312479,0.666666667,92.28571429,12
1,0,0,0
0,0,0,0
0,0,0,0
0,0,0,0
2.384615385,0.105072464,33.66666667,0
0,0,0,0
2.270735294,0.023715415,27.90909091,0
40.23615835,0.456999522,2332.166667,5036
0.211111111,0.066666667,0,0
5.536363636,0.777777778,18.5,0
39.40863448,0.671634615,845.9333333,0
1,0,34,0
0.285714286,0.047619048,2,0
1.043478261,1,2.023809524,0
5.103436424,0.419047619,46.83928571,10.11111111
0,0,0,0
0,0,0,0
0,0,0,0
0,0,0,0
13.4800737,0.810526316,33.85051834,0
2.299898296,0.14379085,33.84694906,0
0,0,0,0
0.284482759,0.166666667,2.60952381,0
1.273109244,0.333333333,14.58333333,0
10.24598383,0.876190476,84.35,0
0,0,0,0
0.340909091,0.333333333,0,0
0.81871345,0.138888889,9.75,0
0,0,0,0
5.633585859,1,19.93809524,0
3.619598997,0.533333333,4.041353383,0
0,0,0,0
19.12815834,0.84729064,82.66666667,0
0.659722222,0.238095238,4.083333333,0
1.561111111,0.666666667,7.75,0
0,0,0,0
0,0,0,0
0,0,0,0
0,0,0,0
10.1528372,0.775,48.28333333,0
0,0,0,0
0,0,0,0
0,0,0,0
0.100732601,0.333333333,0,0
0,0,0,0
0,0,0,0
1.5,0,7,0
0.765151515,0.3,16.6,0
1,0,6.571428571,0
0.45,0.166666667,2.225,0
0,0,0,0
0,0,0,0
76.7161072,0.952122855,19.06666667,0
7.358486521,0.594771242,160.5,24
0,0,0,0
0.321962759,0.071428571,1.5,0
0,0,0,0
0,0,0,0
1.2,0.3,0,0
0,0,0,0
0,0,0,0
6.304305678,0.49122807,126.25,0
1.78322374,0.383333333,32.18214286,0
1,0,0,0
0.476190476,0.333333333,0,0
0,0,0,0
2.655555556,0.066666667,25.19642857,0
0,0,0,0
0.496581498,0.072727273,2.240384615,0
1.436588629,0.179487179,30.84102564,0
0,0,0,0
0,0,0,0
0.232323232,1,0,0
0,0,0,0
0,0,0,0
1.333333333,0,0,0
1.415204678,0.166666667,7,0
0,0,0,0
0.666666667,0.333333333,5,0
0,0,0,0
15.51805196,0.792207792,183.5714286,102
0,0,0,0
0.30952381,0.166666667,2,0
0,0,0,0
77.88653417,1,19.06666667,0
0,0,0,0
9.01505927,0.792022792,205,0
0,0,0,0
1.777777778,0.104575163,8.35,0
5.411716134,0.578347578,161.0714286,0
1.606119078,0.095238095,21.42857143,0
1.333333333,0,11.33333333,0
0.08125,0.333333333,0,0
0,0,0,0
2.082358489,0.054945055,8.3,0
3.62521645,0.488888889,23.42857143,0
0,0,0,0
1.625646998,0.5,14.14285714,0.222222222
0,0,0,0
0,0,0,0
0,0,0,0
0,0,0,0
0.886363636,0.166666667,2.306220096,0
1.401923077,0.333333333,8,0
0,0,0,0
1.2,0.3,0,0
0,0,0,0
0,0,0,0
0,0,0,0
0.206349206,0.2,0,0
0,0,0,0
38.77629892,0.436185133,1050.994048,0
0.580357143,0.2,0,0
0,0,0,0
0,0,0,0
1,0,0,0
0,0,0,0
0,0,0,0
3.813032809,0.472727273,17.22222222,0
0,0,0,0
2.122942159,0.444444444,20.91428571,0
0,0,0,0
7.435842589,0.313846154,90.3297619,0
0,0,0,0
0,0,0,0
0,0,0,0
0,0,0,0
0,0,0,0
29.62622525,0.760784314,289.5289988,0
0,0,0,0
0.20952381,0.095238095,12.5,0
0.261627907,0.166666667,0,0
0,0,0,0
0,0,0,0
0,0,0,0
0,0,0,0
2.684013172,0.106349206,64.31708896,0
0,0,0,0
0.043055556,0.066666667,0,0
0.943071968,0.714285714,35.66666667,36
0,0,0,0
9.032029636,0.16031458,1728,0
0.407189542,0.088888889,1.8,0
0,0,0,0
0,0,0,0
0,0,0,0
0.157575758,0.333333333,0,0
1.2,0,6,0
1.356041313,0.166666667,17,0
0,0,0,0
0,0,0,0
0,0,0,0
0,0,0,0
0,0,0,0
0.890297955,0.106060606,22.25,0
0,0,0,0
7.428571429,0.371428571,35.89880952,0
0,0,0,0
0,0,0,0
0,0,0,0
2.971428571,0.8,9.8,2
0,0,0,0
6.025,0.964285714,4.583333333,0
0,0,0,0
0,0,0,0
0.222222222,0.027777778,2,0
0,0,0,0
6.332748049,0.666666667,126.6666667,0
0.114512472,0.027777778,0,0
0,0,0,0
0,0,0,0
1,0,1.142857143,0
0,0,0,0
0.263021189,0.036363636,10,0
0,0,0,0
0,0,0,0
0,0,0,0
0,0,0,0
0,0,0,0
3.634160757,0.057040998,41.06871345,0
2.205624355,0.154411765,48.89285714,0
4.921212121,0.509090909,16.40952381,0
0.370117322,0.033333333,2.95,0
0.180555556,0.1,3.714285714,0
0,0,0,0
0,0,0,0
44.37209998,0.663828212,860.8272755,0
0,0,0,0
0,0,0,0
1.348571429,0.4,2.056140351,0
0,0,0,0
0,0,0,0
0,0,0,0
0,0,0,0
7.09853113,0.395256917,80.11584167,0
2.431248919,0.463157895,134.0178571,0
0,0,0,0
0,0,0,0
27.7553584,0.881381381,529.8333333,0
0,0,0,0
1.429166667,0.166666667,0,0
1.642857143,0.1,6.181818182,2
0,0,0,0
0,0,0,0
0,0,0,0
77.88653417,1,19.06666667,0
0,0,0,0
7.267705017,0.993464052,141.9333333,2.25
0,0,0,0
0,0,0,0
2.910714286,0.014925373,106.8923077,0
0,0,0,0
15.51805196,0.792207792,52.56555024,0
0,0,0,0
2.282222222,0.238095238,32.4,24
0,0,0,0
7.243865816,0.419047619,123.25,22
0,0,0,0
0,0,0,0
0.832226399,0.058479532,16.44285714,45.5
0,0,0,0
0,0,0,0
0,0,0,0
0,0,0,0
0.173160173,0.333333333,2.125,0
0,0,0,0
77.88653417,1,19.06666667,0
1.492424242,0.163636364,5.335714286,0
0,0,0,0
0,0,0,0
1.179871949,0.098901099,5.333333333,0
2.156371903,0.038095238,2.595588235,0
0,0,0,0
0,0,0,0
0,0,0,0
0,0,0,0
0,0,0,0
0,0,0,0
0,0,0,0
0,0,0,0
0,0,0,0
6.611224346,0.495073892,166.8666667,2
1.222882673,0.163636364,13.33333333,0
0,0,0,0
0,0,0,0
0.95,0.333333333,2.009090909,0
37.40487225,0.819116757,787.6047619,4094.5
0,0,0,0
0,0,0,0
0,0,0,0
1,0.2,2.266666667,0
0,0,0,0
1.2,0,15.6,0
6.054112554,0.152688172,46.17348188,0
0.752320601,0.466666667,42.5,0
0.696969697,0.5,6.5,0
0,0,0,0
0,0,0,0
2.061616162,0.236363636,6.15,0
0,0,0,0
77.88653417,1,19.06666667,0
1,0,0,0
7.252017046,0.655172414,161.7027778,0
0.935714286,1,2,0
0,0,0,0
0,0,0,0
0.5,0.166666667,0,0
0,0,0,0
0,0,0,0
1.428571429,0,0,0
0,0,0,0
0.408205128,0.666666667,4.964285714,0
0,0,0,0
15.14171215,0.76284585,62.16666667,0
0,0,0,0
0,0,0,0
1.194157663,0.7,2,0
0,0,0,0
77.85524914,0.975925926,19.06666667,0
1.048332873,0.333333333,7.181818182,0
2.615384615,0.109090909,18,0
0,0,0,0
0,0,0,0
0,0,0,0
0,0,0,0
0.222222222,0.027777778,0.555555556,0
53.4615242,1,54.32777778,0
0.106334842,0.1,3.333333333,0
0,0,0,0
9.963235294,0.758333333,61.35194805,0
0.08954229,1,6.666666667,0
0.032894737,0.027777778,15,0
22.52174437,0.78219697,146.8333333,150
0,0,0,0
1.2,0,6.666666667,0
5.614141414,0.777777778,17.6,0
0,0,0,0
0.833371448,0.523809524,0,0
0,0,0,0
0,0,0,0
0.350649351,0.111111111,5.476190476,0
0,0,0,0
0,0,0,0
1.75,0.107142857,42.33333333,0
0,0,0,0
0.105263158,0.005847953,10,0
0,0,0,0
77.88653417,1,19.06666667,0
2.443032213,0.208791209,22.9047619,0
5.614141414,0.777777778,20.66666667,2.25
0.472222222,0.095238095,4.380952381,2
0,0,0,0
77.88653417,1,19.06666667,0
0,0,0,0
2.837086656,0.428571429,8.153634085,0
37.64977961,0.826981246,908.4333333,0
1.635714286,0.285714286,2.05,0
0,0,0,0
0,0,0,0
0,0,0,0
42.43188022,0.660406886,1041.111905,0
0.666666667,0,0,0
0,0,0,0
0,0,0,0
0,0,0,0
75.92755983,0.929473994,21.23333333,0
10.26428571,0.857142857,78.08333333,0
2.39047619,0.178571429,7.386904762,0
1.055555556,0.5,2.017857143,0
1.055555556,1,2.017857143,0
0,0,0,0
0.866441348,0.523809524,14,0
5.672210228,0.321052632,62.82380952,0
1.416666667,0.136363636,5.885714286,0
0,0,0,0
0,0,0,0
0.702506266,0.3,1.7,0
5.222556391,0.43956044,27.30016278,0
0,0,0,0
0,0,0,0
0,0,0,0
2.4,1,0,0
0,0,0,0
0,0,0,0
0,0,0,0
5.26984127,0.722222222,2.083333333,0
0,0,0,0
0,0,0,0
0,0,0,0
0,0,0,0
0,0,0,0
0,0,0,0
0,0,0,0
0,0,0,0
1,0,4.857142857,0
0,0,0,0
29.70731707,0.742682927,182,0
9.921428571,0.742857143,35.89880952,0
0.091208791,0.1,4.333333333,0
0,0,0,0
0,0,0,0
0.031130268,1,2.25,0
0.115131579,0.1,0,0
0,0,0,0
20.29200017,0.617021277,326.9997336,0
0,0,0,0
0,0,0,0
2.431818182,0.266666667,21.91111111,0
26.43447152,0.910984848,67.08333333,0
0.666666667,0,0,0
6.499677447,1,28.66666667,0
0,0,0,0
0,0,0,0
1,0.2,6.333333333,0
0,0,0,0
0,0,0,0
0.033342595,1,0.75,0
0,0,0,0
0,0,0,0
0,0,0,0
0,0,0,0
0.666666667,0,0,0
2.40530303,0.6,5.3,0
0.083333333,0.333333333,0,0
0,0,0,0
0,0,0,0
0,0,0,0
1,0,0,0
0,0,0,0
0,0,0,0
0.068627451,1,0,0
0.696969697,1,4.1,0
0,0,0,0
0.45,0.166666667,1.6,0
1.416666667,0.091503268,13.89722222,0
1.369079268,0.158333333,16.45201465,0
0,0,0,0
0,0,0,0
2.140909091,0.19047619,2.07239819,0
0,0,0,0
0,0,0,0
0,0,0,0
0.368347339,0.095238095,0,0
2.265296443,0.111111111,29.425,0
0,0,0,0
0,0,0,0
0,0,0,0
0,0,0,0
0.5,1,0,0
0,0,0,0
0,0,0,0
0,0,0,0
0,0,0,0
0,0,0,0
1.833333333,0.022222222,0,0
0,0,0,0
0,0,0,0
10.30371148,1,61.35194805,0
0,0,0,0
0,0,0,0
2.75,0.333333333,11.11428571,0
27.95345851,0.888888889,366.6666667,0
0,0,0,0
1.166666667,1,5.75,0
53.4615242,1,54.32777778,0
0,0,0,0
0,0,0,0
0,0,0,0
0.153846154,0.166666667,0.6,0
0,0,0,0
0,0,0,0
0,0,0,0
0,0,0,0
52.96183749,0.964912281,145.8833333,0
0,0,0,0
0,0,0,0
0.12470015,0.055555556,2.114285714,0
2.950474602,0.177865613,26.27399267,0
0,0,0,0
0,0,0,0
0,0,0,0
0,0,0,0
1.595321587,0.2,37.25,0
0.027441077,0.035714286,2.166666667,0
0,0,0,0
39.26634348,0.401782178,2528,0
0,0,0,0
0.754166667,0.5,10.77142857,0
1.771861472,0.2,32.86666667,0
0,0,0,0
30.83880742,0.876876877,249,0
0.5,0.166666667,0,0
5.233246118,1,25.26150794,0
5.303030303,0.622222222,22.9,0
0.064860427,0.066666667,0,0
0,0,0,0
8.571428571,0.452631579,37.89880952,0
0.119298246,0.047619048,2.033333333,0
0,0,0,0
0,0,0,0
3.944300361,0.084656085,73.26666667,0
0,0,0,0
0,0,0,0
0.166666667,0.066666667,0,0
0,0,0,0
0.341953368,0.095238095,0,0
52.41525551,0.932849365,54.32777778,0
0,0,0,0
17.08829896,0.648148148,96.16666667,0
0,0,0,0
0,0,0,0
0.448484848,0.266666667,4.6,0
0,0,0,0
0,0,0,0
0,0,0,0
0,0,0,0
0,0,0,0
0.772870124,0.833333333,37,0
0,0,0,0
1.626372998,0.285714286,18.5,0
3.889606049,0.069804336,119.9853175,0
34.32653306,0.80293501,378.4519536,0
0.258823529,1,4,0
0.097575758,1,3.633333333,0
1.271428571,0.4,4.979166667,0
1.522126424,0.236363636,19.05,0
0,0,0,0
1.022910096,0.285714286,7.223809524,0
0,0,0,0
5.332119098,0.231729055,245.75,140.5
0,0,0,0
0.402331002,0.142857143,3.786064426,0
53.4615242,1,54.32777778,0
0,0,0,0
0,0,0,0
1.722641373,0.485714286,33.27442002,0
0,0,0,0
0.502506266,0.133333333,7.25,0
0,0,0,0
0,0,0,0
0,0,0,0
0.901818182,0.476190476,10.66666667,0
0,0,0,0
0.083776596,0.022222222,7.5,0
0,0,0,0
2,1,0,0
8.965721552,0.604761905,201.9285714,0
38.89259507,0.711538462,627.3984904,0
0.285353535,0.2,2.07239819,0
0,0,0,0
2.135858586,0.305555556,19,0
0.033615819,0.1,5,0
0,0,0,0
1.204795205,1,0,0
77.88653417,1,19.06666667,0
24.87152493,0.75168691,306.5464286,0
2.916149068,0.136363636,73.23333333,0
0,0,0,0
0,0,0,0
0.183333333,1,0,0
5.262401479,0.551282051,35.6,36
28.36078799,0.346374829,859.85,0
1.137808777,0.164835165,6.23987679,0
0,0,0,0
77.44567292,0.976234568,19.06666667,0
2.109803922,0.107142857,2.5,0
3.188397129,0.25,50,0
1.333333333,0,5,0
1.99476186,0.022058824,6.507872245,0
1.378091398,0.166666667,65,0
0,0,0,0
0,0,0,0
30.1313651,0.907539118,294.2755952,0
7.059565528,0.505263158,148.1059524,36
1.648255814,0.066666667,4.222222222,0
0,0,0,0
38.32139955,0.552280702,2808,3912.5
0,0,0,0
0,0,0,0
0,0,0,0
0.952380952,0.2,5.083333333,0
0.236111111,0.1,1.555555556,0
0,0,0,0
0,0,0,0
0,0,0,0
1.666666667,0,19,0
0,0,0,0
0,0,0,0
1.566666667,1,0,0
0.45,0.166666667,0,0
0.333359869,1,2.225,0
26.32422287,0.539591837,532.9666667,0
1,0,0,0
1.105598933,0.285714286,0,0
0.583333333,0.333333333,2.266666667,0
0,0,0,0
1.65530303,0.066666667,13.44444444,0
0,0,0,0
0,0,0,0
0.215909091,0.166666667,0,0
0,0,0,0
2.588235294,0.066666667,27.08333333,18
0.284513806,0.2,9.333333333,0
0.416666667,0.166666667,0,0
0.02270798,0.166666667,1.428571429,0
4.275214172,0.454545455,17.30889724,0
0,0,0,0
3.95862264,0.137096774,82.23342491,0
0.064565757,0.2,4,0
4.283333333,1,4,0
0.283272283,0.142857143,20.5,0
0,0,0,0
53.4615242,1,54.32777778,0
0,0,0,0
10.48140862,1,61.5,0
0,0,0,0
77.42342065,0.975617284,19.06666667,0
1.2,0,4.857142857,0
0,0,0,0
2.5,0.007326007,83.79761905,0
0.2,0.333333333,1,0
0,0,0,0
1.2,0.266666667,2.017857143,0
0,0,0,0
5.1,0.75,8.533333333,0
0.666666667,0,0,0
0.5,0.333333333,0.833333333,0
0,0,0,0
0.166666667,0.027777778,0.166666667,0
0,0,0,0
0,0,0,0
0,0,0,0
24.04886406,0.935483871,50.16666667,0
0,0,0,0
0,0,0,0
0,0,0,0
0,0,0,0
2.525642445,0.363636364,4.357142857,0
5.833979801,0.561253561,330,0
0,0,0,0
0,0,0,0
0,0,0,0
1.659136788,0.142857143,31.5,0
0,0,0,0
0,0,0,0
0.25,0.1,0.571428571,0
0,0,0,0
0.673276942,0.333333333,8.666666667,13.25
0,0,0,0
0,0,0,0
1,0,4.666666667,0
2.676336518,0.145454545,6.653711485,0
1.428571429,0,3.866666667,0.5
0,0,0,0
0,0,0,0
0.91214651,0.75,12.43333333,0
4.782224583,0.274853801,44.94761905,0
0,0,0,0
0,0,0,0
0.709752601,0.6,40,0
0,0,0,0
0,0,0,0
1,0,5.2,0
0,0,0,0
2.78021312,0.227272727,11.72857143,0
0,0,0,0
1.366301843,0.055913978,76.3,0
77.39887985,0.975308642,19.06666667,0
1.5,0,2.727272727,0
0,0,0,0
0.042307692,0.166666667,2.5,2
0,0,0,0
0,0,0,0
40.39883599,0.807650273,1146.566667,1926.25
0.14354067,0.066666667,2.761904762,0
0,0,0,0
0,0,0,0
0,0,0,0
2.152973838,0.088888889,22.40692641,0
0,0,0,0
10.3414787,0.868131868,107.3333333,0
29.68383957,0.795102041,291.8434066,0
0,0,0,0
0.666666667,0,0.666666667,0
0,0,0,0
0,0,0,0
0,0,0,0
76.69773562,0.95182174,123.8,0
0.666666667,0,0.615384615,0
0.069642857,0.333333333,2,0
0,0,0,0
15.65040536,0.416666667,237.7277778,168
0.53488491,0.027667984,5.901515152,0
1.428571429,0,14,2
1.428571429,0,5.428571429,2
0,0,0,0
0,0,0,0
0,0,0,0
8.651963354,0.42687747,112.1071429,0
0.277777778,0.066666667,3.4,0
0,0,0,0
0.628787879,0.107142857,0.928571429,0
0.785714286,0.333333333,2.307692308,0
2.058956916,0.083333333,0,0
0,0,0,0
0,0,0,0
2.971428571,0.8,12.83333333,2
0,0,0,0
0,0,0,0
0,0,0,0
29.93407001,0.791463415,761.3333333,0
0,0,0,0
0,0,0,0
0,0,0,0
0,0,0,0
2.100928661,0.127272727,28,0
1.261183261,0.333333333,10.24444444,0
0.763666817,0.034920635,24.37073453,0
0,0,0,0
4.836868091,0.575757576,35.09166667,36
0,0,0,0
0.983333333,1,3.767676768,0
0,0,0,0
2.222222222,0.266666667,5.623809524,0
9.313796369,0.297979798,257.1781746,394.5
0,0,0,0
1,0,0,0
0,0,0,0
0,0,0,0
1,0,2,0
0,0,0,0
0,0,0,0
0,0,0,0
0.45,0.166666667,2.25,0
53.4615242,1,54.32777778,0
0,0,0,0
0,0,0,0
0,0,0,0
0,0,0,0
0.676279013,0.285714286,14.5,0
0,0,0,0
1.696428571,0.1,25.25,0
0,0,0,0
0,0,0,0
0,0,0,0
22.21698457,0.765217391,473.2571429,290
0.083333333,0.035714286,0,0
0,0,0,0
0.935714286,0.5,4.8,0
0,0,0,0
0.121428571,0.1,0,0
0,0,0,0
0,0,0,0
0,0,0,0
0,0,0,0
0,0,0,0
0,0,0,0
0,0,0,0
0,0,0,0
13.23731273,0.544334975,82.08888889,0
0,0,0,0
0,0,0,0
0,0,0,0
0,0,0,0
5.94076087,0.433333333,55.31428571,0
0,0,0,0
0,0,0,0
1.457004107,0.181818182,6.777777778,0
0.333333333,0.166666667,2.761904762,0
0.1875,0.333333333,1.25,0
1.452631579,0.166666667,2.033333333,0
6.210087121,0.752380952,149.3333333,36
1.625,0.01463964,125.7427961,0
2,0.00952381,0,0
0,0,0,0
43.4630941,0.537072503,1327.269048,5299
27.6974042,0.70361991,296.4644994,0
0,0,0,0
0,0,0,0
0,0,0,0
0,0,0,0
0,0,0,0
0,0,0,0
0,0,0,0
0.226190476,0.047619048,0,0
0,0,0,0
0,0,0,0
7.01360273,0.588235294,84.37474747,54
0,0,0,0
0,0,0,0
0,0,0,0
0,0,0,0
0,0,0,0
0.512005373,0.151515152,32.33333333,0
29.85240675,0.887301587,179.3333333,0
0,0,0,0
0.320512821,0.2,8.5,0
30.10236761,0.865047233,310.1684524,0
0.083333333,0.166666667,0,0
0,0,0,0
2.034246856,0.138888889,4.862573099,0
0,0,0,0
0.451388889,0.133333333,3.333333333,5.25
1.329554656,0.333333333,2.148484848,0
0.416666667,0.166666667,3.266666667,0
0.379304029,0.333333333,5.768181818,0
0,0,0,0
0,0,0,0
0,0,0,0
4.205316742,0.424242424,9.916666667,0
0,0,0,0
0,0,0,0
0,0,0,0
0,0,0,0
0.354136604,0.133333333,0.5,0
0,0,0,0
5.166666667,0.527272727,34.83333333,2
41.87208561,0.696517413,650.8821262,0
0,0,0,0
0.5,0.166666667,0,0
1.183333333,1,0,0
0,0,0,0
0,0,0,0
0.6550754,0.666666667,38.33333333,2
0,0,0,0
0,0,0,0
6.066666667,0.777777778,7.870707071,0
1.894736842,0.007352941,2.426315789,0
0.542929293,0.333333333,0,0
4.329916634,0.308333333,11.94206349,0
0,0,0,0
5.278807129,0.450549451,22.26998133,0
1.5,0,0,0
2.126190476,0.533333333,4.675,0
0,0,0,0
0.065217391,0.1,0,0
0.277777778,0.166666667,2.333333333,2
1.357894737,0.25,12.27777778,0
0,0,0,0
5.880360569,0.40719697,112.0841492,0
0,0,0,0
0,0,0,0
2.26686009,0.031578947,0,0
0,0,0,0
0,0,0,0
0,0,0,0
1.647222222,0.066666667,4.714285714,0
0,0,0,0
0,0,0,0
0,0,0,0
0,0,0,0
6.995413277,0.452631579,82.38095238,0
0.097916667,0.166666667,0,0
0,0,0,0
40.97412753,0.718881119,1392.25,0
0,0,0,0
4.112489286,0.666666667,59,0
0,0,0,0
0.667607424,0.952380952,12.5,0
0,0,0,0
0,0,0,0
0,0,0,0
0,0,0,0
1.230275444,0.095588235,36.80727273,0
0.535714286,0.333333333,4.057142857,0
0,0,0,0
0,0,0,0
53.4615242,1,54.32777778,0
1.428571429,0,5.076923077,0
41.85308956,0.719583899,933.9309524,4479
0,0,0,0
0.15,0.015151515,2.240384615,0
19.11534884,0.257142857,441.8880952,0
0,0,0,0
0,0,0,0
0,0,0,0
1.380238095,1,5.514285714,0
0,0,0,0
2.771464646,0.25,8.333333333,0
0,0,0,0
0,0,0,0
0,0,0,0
2.070117322,0.5,12.21428571,0
0.333333333,0.333333333,0,0
0.391208791,0.5,4,0
0,0,0,0
0.30952381,1,0,0
0,0,0,0
0,0,0,0
4.245770751,0.147368421,12.00649351,0
0,0,0,0
0,0,0,0
0,0,0,0
0,0,0,0
0,0,0,0
0,0,0,0
1,0,0,0
0.45,0.166666667,3,0
14.68417367,0.584045584,59.83333333,0
1.636363636,0,8,0
0,0,0,0
0,0,0,0
0.524647922,0.03030303,106,0
1.520833333,0.108333333,7.885714286,0
0,0,0,0
0.261627907,0.333333333,0,0
0,0,0,0
0,0,0,0
0,0,0,0
0,0,0,0
0.021428571,0.166666667,0,0
1.846153846,0.018181818,5.333333333,0
51.6598688,0.901811806,61.44206349,0
0,0,0,0
0,0,0,0
0,0,0,0
0,0,0,0
0,0,0,0
0,0,0,0
1.2,0,0,0
0.5,0.166666667,0,0
0,0,0,0
0,0,0,0
77.88653417,1,19.06666667,0
0.292156863,0.5,2.083333333,0
0,0,0,0
3.842156863,0.363636364,6.023809524,0
2.366341991,0.666666667,87,0
1.133333333,0.3,1.2,0
0,0,0,0
29.3035086,0.929429429,406.8,578
0,0,0,0
0,0,0,0
24.9630458,0.917647059,318.5174603,0
1,0,0,0
3.074189332,0.133333333,49.33333333,0
1.584818776,0.111111111,24.16666667,0
1.843589744,0.071428571,12.925,0
0.666666667,0,0,0
37.9554381,0.469493844,556.8426684,0
0.417082626,0.266666667,7,0
0,0,0,0
0,0,0,0
0,0,0,0
0,0,0,0
1.353340124,0.236363636,3.666666667,0
0,0,0,0
0,0,0,0
2.931913928,0.583333333,14.66666667,0
0.254309566,0.333333333,12.48888889,0
7.465991903,1,24.6,0
0,0,0,0
1.051485105,0.125,23.5218254,0
0,0,0,0
0,0,0,0
0,0,0,0
3.347034172,0.761904762,3.041666667,0
0,0,0,0
52.34629,0.931639443,54.32777778,0
34.83466581,0.791055206,599.1547619,0
0,0,0,0
1.836666667,0.095238095,6.461538462,0
0,0,0,0
0.022795699,0.047619048,2.5,0
0,0,0,0
0.305742036,0.072727273,6.392765568,0
0.666666667,0,0,0
0,0,0,0
0,0,0,0
0.5,0.166666667,0.6,0
77.88653417,1,19.06666667,0
10.65523817,0.95320197,569.6666667,0
0,0,0,0
0,0,0,0
77.88653417,1,19.06666667,0
0,0,0,0
0.026472431,0.005847953,0,0
0,0,0,0
0.666666667,0,0.615384615,0
0,0,0,0
0.666666667,0,0,0
5.929581324,0.554187192,107.3595238,0
1,0,6,0
0.333333333,0.333333333,2.75,0
0,0,0,0
1.119327731,0.285714286,2,0
0.9,0.333333333,3.95,0
0,0,0,0
0,0,0,0
0,0,0,0
0,0,0,0
0,0,0,0
0.215909091,1,0.3,0
0.138095238,0.1,7.5,0
0.648286866,0.424242424,42,0
30.36441197,0.830725462,165.4166667,0
0,0,0,0
0,0,0,0
0,0,0,0
0,0,0,0
0,0,0,0
2.378571429,1,12.5,0
2.086956522,0.014285714,0,0
1.791666667,0.133333333,26,2
0.413131313,0.2,3.666666667,0
4.406016714,0.100806452,57.11746032,0
0,0,0,0
0,0,0,0
0,0,0,0
0.214285714,0.066666667,0,0
0,0,0,0
0,0,0,0
0,0,0,0
0.027210884,0.1,0,0
77.88653417,1,19.06666667,0
53.4615242,1,54.32777778,0
0.55618011,0.333333333,51.25,0
0,0,0,0
0,0,0,0
0,0,0,0
0,0,0,0
0.45,1,0.625,0
77.88653417,1,19.06666667,0
0,0,0,0
0,0,0,0
0,0,0,0
0,0,0,0
25.07404837,0.698780488,490.0833333,0
52.41525551,0.932849365,54.32777778,0
9.745098039,0.676470588,61.35194805,0
0,0,0,0
4.666666667,0.424242424,19.54285714,2
0,0,0,0
0,0,0,0
0.352644928,0.026143791,2.666666667,0
0,0,0,0
76.6971684,0.95182174,19.06666667,0
0,0,0,0
0.408532644,0.038461538,2.166666667,0
0,0,0,0
5.367096805,0.730769231,23.14990565,0
77.88653417,1,19.06666667,0
0,0,0,0
8.483766234,0.478947368,63.66666667,2
1,0,1.666666667,0
0,0,0,0
0,0,0,0
0,0,0,0
0,0,0,0
0,0,0,0
0.811599512,0.138888889,7.2,0
25.21373447,0.702439024,534.8333333,0
0,0,0,0
1.82880117,0.133333333,14.5,0
0.202020202,0.333333333,2.666666667,0
0,0,0,0
0.042857143,0.166666667,10.5,0
0.333333333,0.066666667,2,0
17.26694767,0.862068966,371.1666667,0
0,0,0,0
0,0,0,0
0,0,0,0
0,0,0,0
0,0,0,0
30.20426968,0.470266041,1562.333333,0
0.169312169,0.107142857,3.625,0
0,0,0,0
0,0,0,0
1.340522876,0.666666667,5.961988304,0
0,0,0,0
0,0,0,0
1.428571429,0,2.444444444,0
0,0,0,0
2.495075758,0.076923077,27.8,2
0,0,0,0
10.48140862,1,43.47380952,0
0,0,0,0
0,0,0,0
0,0,0,0
0,0,0,0
1,0,2.153846154,2
0,0,0,0
0.380409357,0.083333333,6.619047619,0
2,0.833333333,3.785714286,0
0,0,0,0
0,0,0,0
0.366666667,0.1,0,0
0,0,0,0
23.9878554,0.879032258,78.33333333,80
0.666666667,0,0,0
0,0,0,0
5.536363636,0.777777778,42.5,0
0,0,0,0
0,0,0,0
0,0,0,0
52.96183749,0.964912281,54.32777778,0
0,0,0,0
0,0,0,0
0,0,0,0
8.066220914,0.67251462,91,0
0,0,0,0
0,0,0,0
0,0,0,0
3.835714286,0.311111111,16.97575758,2
0,0,0,0
0.238529307,0.010084034,3.947619048,0
3.359298246,0.274725275,13.45263158,4
13.85518316,0.208516242,337.3,0
0,0,0,0
0.173809524,0.166666667,2.083333333,0
0.507936508,0.095238095,4.714285714,0
1.2,0,9.8,0
0,0,0,0
0,0,0,0
0,0,0,0
0,0,0,0
5.176932616,0.551282051,65.83333333,44
0,0,0,0
0,0,0,0
0.473067633,0.4,6.333333333,0
0.059607293,0.035714286,0,0
0,0,0,0
0,0,0,0
77.88653417,1,19.06666667,0
0.291666667,0.066666667,0.357142857,0
0,0,0,0
2.921430345,0.892857143,29.65,0
1,0,7.6,0
2.215119048,0.054945055,25.43333333,168
52.34629,0.931639443,54.32777778,0
0,0,0,0
0,0,0,0
0,0,0,0
0,0,0,0
0,0,0,0
6.544322607,0.582417582,52.98571429,0
3.178171502,0.104575163,31.3469697,8
0,0,0,0
52.34629,0.931639443,103.7722222,0
0,0,0,0
0,0,0,0
0.611558308,0.5,8.372027972,0
2.44246816,0.058333333,32.96428571,0
0.242857143,1,0,0
0,0,0,0
0,0,0,0
35.14843997,0.538812785,672.2797536,0
0.023421325,0.333333333,0,0
0,0,0,0
0.666666667,0,0,0
0,0,0,0
0,0,0,0
0.295454545,1,0,0
0,0,0,0
1.333333333,0,0,0
0,0,0,0
0.590909091,0.066666667,4.5,0
0.333333333,0.333333333,1.5,0
1.725,0.066666667,8,0
0,0,0,0
0,0,0,0
37.10357891,0.596760443,1495.333333,0
0,0,0,0
31.8831475,0.441415125,817.2892857,0
0,0,0,0
0,0,0,0
0,0,0,0
0,0,0,0
0,0,0,0
1.5,0,18.2,0
0,0,0,0
3.490288342,0.377777778,4.269545455,0
2.931585958,0.222222222,14.05,0
0,0,0,0
0,0,0,0
0.5,0.071428571,0,0
0.039115646,0.1,0,0
0.171428571,0.1,1.727272727,0
1.653571429,0.1,9.857142857,0
0,0,0,0
0,0,0,0
0,0,0,0
0,0,0,0
0,0,0,0
0.166112957,0.047619048,0,0
0,0,0,0
8.828021265,0.380487805,224.1080087,0
1.408333333,0.333333333,4.5,0
0,0,0,0
0,0,0,0
0,0,0,0
1.333333333,0,3.333333333,0
0.261904762,0.3,5.571428571,2
0.655862105,0.08974359,8.479166667,0
0,0,0,0
0,0,0,0
0,0,0,0
0,0,0,0
0,0,0,0
0,0,0,0
21.57471607,0.413273002,505.8333333,0
1.701923077,0.066666667,2.5,0
0,0,0,0
3.109626414,0.358974359,19.91428571,6
0,0,0,0
0,0,0,0
0,0,0,0
0,0,0,0
4.078087045,0.371794872,9.813492063,0
0.190909091,1,2.416666667,0
0,0,0,0
0,0,0,0
0,0,0,0
0,0,0,0
0,0,0,0
0,0,0,0
0.342857143,0.333333333,2.004166667,0
0,0,0,0
0,0,0,0
0,0,0,0
0.416666667,0.333333333,0,0
2.402983579,0.098901099,7.4,0
42.51599114,0.671629779,735.4036269,0
23.7068002,0.831746032,262.0607143,0
0,0,0,0
0,0,0,0
0,0,0,0
1.539096208,0.179487179,24.00394737,0
1.988997114,0.6,51,0
0,0,0,0
0.181818182,0.018181818,2,0
0.317647059,0.2,4.688636364,0
0.35,0.166666667,0,0
0,0,0,0
0,0,0,0
0,0,0,0
0,0,0,0
0,0,0,0
0.267824074,0.666666667,0,0
0,0,0,0
0,0,0,0
10.39615385,1,45.15952381,0
0,0,0,0
0,0,0,0
0,0,0,0
0,0,0,0
1.333333333,0,5.8,0
0.682513114,0.127272727,31.83333333,0
0,0,0,0
0,0,0,0
0,0,0,0
8.683766234,0.437229437,62.15,0
0.131578947,0.333333333,0,0
0.558303624,0.238095238,4.778594771,0
0,0,0,0
0,0,0,0
0,0,0,0
0.348809524,0.333333333,1,0
0,0,0,0
0,0,0,0
0.087301587,0.333333333,2.128571429,0
1.2,0,2.8,2
0,0,0,0
0,0,0,0
0,0,0,0
53.4615242,1,54.32777778,0
0,0,0,0
3.290131579,0.142857143,40.17857143,0
11.58963805,0.40719697,66.23134921,0
0,0,0,0
6.090788876,1,66.26884227,0
0.201923077,0.066666667,0,0
0,0,0,0
0,0,0,0
22.53522495,0.615686275,417.1464286,274
44.50386973,0.648033126,240.6,0
4.50969697,0.333333333,21.08095238,0
0,0,0,0
0,0,0,0
0,0,0,0
0,0,0,0
0.165652842,0.021978022,0,0
3.266053391,0.714285714,14.88571429,0
13.4504203,1,33.85051834,0
1.361111111,1,8,0
0.04754441,0.166666667,0,0
24.04886406,0.935483871,50.16666667,0
0,0,0,0
0,0,0,0
1.755110793,0.258333333,28.20952381,0
0,0,0,0
0,0,0,0
0.646404838,0.214285714,8.916666667,0
0.285714286,0.047619048,2.05,0
0.138333333,0.1,6,0
5.846843615,0.397058824,68.95238095,0
1.777777778,0.047619048,8.5,0
0,0,0,0
0.463480392,0.3,5.333333333,0
9.421428571,0.65,44.23452381,0
0,0,0,0
1.331111111,0.333333333,0,0
0,0,0,0
0.666666667,0,0,0
0.666666667,0,0,0
0,0,0,0
0,0,0,0
0,0,0,0
1.005555556,0.5,4.25,0
0,0,0,0
0,0,0,0
0.236805556,0.044444444,0,0
0,0,0,0
0.35,1,0,0
0,0,0,0
0,0,0,0
0,0,0,0
0,0,0,0
0.559109312,0.088888889,9.751515152,0
0,0,0,0
0,0,0,0
0.131578947,0.166666667,6,0
0.666666667,0,0,0
0,0,0,0
0,0,0,0
0,0,0,0
0,0,0,0
0,0,0,0
1.291666667,1,6,0
1.121212121,0.155555556,5.94047619,0
2.220651362,0.009090909,22.57962038,0
0,0,0,0
0,0,0,0
0.579795396,0.9,15.14285714,12
23.97998925,0.669512195,283.5107143,210
1.333333333,0.266666667,4.7,0
7.905672981,0.445632799,210.4985459,0
0.6,0.2,2.651515152,0
1.326582461,1,35.33333333,0
0.666666667,0,2,0
0,0,0,0
0.40676745,0.285714286,3.850877193,0
25.57367188,0.664451827,469.2833333,0
0.330855998,0.666666667,2.5,0
0.677127602,0.040935673,8.476190476,45.5
0.485714286,0.095238095,0.5,0
0,0,0,0
0,0,0,0
3.18030303,0.091503268,27.27087912,0
0,0,0,0
1.901960784,0.018831295,65.86623377,0
0,0,0,0
0,0,0,0
0,0,0,0
0,0,0,0
0,0,0,0
0,0,0,0
26.8112006,0.62020202,416.4,578
0,0,0,0
0,0,0,0
1.963100686,0.00952381,32.33333333,50
0,0,0,0
2.734704185,0.416666667,38.1,0
14.03842184,0.596341463,358.6630952,572
0,0,0,0
0,0,0,0
0.259259259,0.333333333,2.017857143,0
0.346282373,0.333333333,4.587301587,0
24.61884912,0.816816817,436.8333333,0
0,0,0,0
1.525,0.333333333,11.5,0
1.2,0,0,0
0,0,0,0
0,0,0,0
3.671933403,0.523809524,90.75,0
0.234482759,0.1,5.25,0
0.397389643,0.5,0,0
0,0,0,0
0.777777778,0.111111111,8.666666667,0
0,0,0,0
0,0,0,0
0,0,0,0
35.26563203,0.542857143,590.6670996,0
0,0,0,0
0,0,0,0
12.74827533,0.880952381,48.02579365,0
5.649903604,0.463235294,52.2781746,0
1.428571429,0,10.5,0
77.88653417,1,19.06666667,0
1.096780952,0.105263158,18.1929124,0
0,0,0,0
35.66892079,0.785087719,623.9178571,0
0,0,0,0
0,0,0,0
8.755203225,0.681318681,102.4166667,0
0.299319172,0.107142857,0,0
1.791666667,0.022222222,0,0
0.033342595,0.027777778,1.5,0
0,0,0,0
4.183093743,0.8,34.72619048,0
1.494162826,0.1,2.033333333,0
0,0,0,0
0,0,0,0
0,0,0,0
1,0,1.428571429,0
0.034482759,0.035714286,0,0
0,0,0,0
1.145614035,0.666666667,16.25,0
0,0,0,0
0,0,0,0
1.771428571,0.035714286,0,0
1.6,0,9.333333333,0
0,0,0,0
10.14455992,0.432258065,80.1734127,0
0,0,0,0
1.625,0.166666667,15.6,0
0.888888889,0.2,1.75,0
0,0,0,0
0,0,0,0
0,0,0,0
0,0,0,0
5.421428571,1,15.66666667,0
0,0,0,0
0,0,0,0
1.727272727,0.466666667,6.2,0
0,0,0,0
1.458095447,0.257575758,14.7,0
29.12788442,0.740998839,469.4166667,0
28.46137814,0.702104097,363.125,0
0,0,0,0
2.573491594,0.071123755,36.75336404,0
2.532738095,0.833333333,22.2,0
0,0,0,0
0,0,0,0
2.55372807,1,29.5,0
77.88653417,1,19.06666667,0
0,0,0,0
0.266481485,0.19047619,4.583333333,0
0,0,0,0
2.1861314,0.024615385,25,0
2.133438335,0.101449275,35.75,0
11.52465348,0.815053763,365.3333333,0
0,0,0,0
0.632334011,0.266666667,0,0
0,0,0,0
0.361111111,1,2.230769231,0
0.202380952,0.066666667,2.75,0
0,0,0,0
0,0,0,0
0.889461698,0.022222222,18.41812865,0
0.039115646,0.1,0,0
77.88653417,1,19.06666667,0
0,0,0,0
0,0,0,0
0,0,0,0
0,0,0,0
0,0,0,0
0,0,0,0
2.515151515,0.042105263,5.333333333,0
0,0,0,0
0,0,0,0
1.555555556,0,11.6,0
0.144444444,0.027777778,3.666666667,0
0,0,0,0
3.23349738,0.428571429,28.16363636,64
15.98500261,0.766714083,345.0928571,0
0,0,0,0
0,0,0,0
0,0,0,0
0,0,0,0
0,0,0,0
0,0,0,0
0.030555556,0.333333333,2.166666667,0
2.353968254,0.19047619,2.05,0
0.146464646,0.333333333,0,0
0,0,0,0
0,0,0,0
0.25,0.133333333,4.4,0
0,0,0,0
0.14160628,0.036363636,2.666666667,0
0.740402622,0.111111111,3.142857143,0
77.42197822,0.975617284,19.06666667,0
2.741749723,0.091666667,17.85714286,0
0.218758989,0.133333333,17.51785714,4
0,0,0,0
0,0,0,0
0,0,0,0
1.886557839,0.096551724,42.36204482,0
0,0,0,0
0.346282373,0.055555556,3,0
0,0,0,0
0,0,0,0
0,0,0,0
2.124747475,0.333333333,8.35,0
0,0,0,0
0,0,0,0
0,0,0,0
1.086363636,0.666666667,1.666666667,0
0,0,0,0
0,0,0,0
0,0,0,0
1.75,0.066666667,7.083333333,0
0,0,0,0
0,0,0,0
0.169355454,0.036363636,4.35,0
0,0,0,0
52.96183749,0.964912281,54.32777778,0
0,0,0,0
1.056150365,0.044334975,16.30862193,0
1.437336912,0.41025641,27.07142857,0
0,0,0,0
0.162337662,0.333333333,0,0
0,0,0,0
0,0,0,0
1.428571429,0,8.666666667,0
0,0,0,0
0,0,0,0
0,0,0,0
0,0,0,0
0,0,0,0
27.38729628,0.926919519,438.4925796,0
0,0,0,0
0.216666667,0.1,0,0
0,0,0,0
1.085714286,0.3,4.466666667,2
0,0,0,0
0.604166667,0.178571429,1.9,0
0,0,0,0
0,0,0,0
7.607017544,0.576923077,40.2,0
0,0,0,0
0,0,0,0
0.327587519,0.107142857,2.05,0
0.726698156,0.090909091,37.25,0
0.254761905,1,4,0
0.666666667,0,22,0
1.428571429,0,5.4,0
0,0,0,0
0,0,0,0
13.14097811,0.623188406,50.08333333,0
0.17884015,0.266666667,16,0
0,0,0,0
0,0,0,0
0,0,0,0
0,0,0,0
0,0,0,0
0,0,0,0
1.333333333,0,4.75,0
0.253968254,0.333333333,0,0
0,0,0,0
0,0,0,0
0,0,0,0
0,0,0,0
0,0,0,0
0,0,0,0
6.330781164,0.591666667,36.52473082,90
6.025,0.964285714,16,2
2.909320464,0.153333333,51.19047619,8.25
0,0,0,0
0,0,0,0
0.073109244,0.012820513,4.564102564,0
1.2,0,2.333333333,0
1.846153846,0,25,0
0,0,0,0
0,0,0,0
0.027619048,0.333333333,2,0
0,0,0,0
0,0,0,0
0.271428571,1,0,0
0.5,0.166666667,2.5,0
0.3,0.333333333,2.247474747,0
0,0,0,0
75.86082701,0.928592418,19.06666667,0
9.919328103,0.324358974,146.5887363,0
0,0,0,0
4.363636364,0.147368421,33.68023741,44
1.931818182,0.133333333,0,0
0,0,0,0
1,0,0,0
0,0,0,0
41.89836348,0.525154171,104.9423465,0
0,0,0,0
0,0,0,0
0,0,0,0
0,0,0,0
1.666666667,0.333333333,0.571428571,0
2.007142857,0.380952381,6.6,0
0,0,0,0
1.380650769,0.542857143,14.59166667,0
0,0,0,0
26.6293048,0.733333333,320.1769841,0
0,0,0,0
0,0,0,0
0,0,0,0
2.92348074,0.090909091,50.20833333,0
2.66729798,0.098901099,22.33333333,212
0,0,0,0
0,0,0,0
0,0,0,0
0,0,0,0
0,0,0,0
0,0,0,0
1.883397808,0.025641026,149,0
25.26230547,0.698717949,251.9577381,0
0,0,0,0
0,0,0,0
0,0,0,0
0,0,0,0
0,0,0,0
0,0,0,0
16.0976567,0.889473684,41.65440305,0
0,0,0,0
0,0,0,0
0.284482759,0.333333333,15.14285714,2
53.4615242,1,54.32777778,0
14.77947489,0.889473684,41.65440305,0
0,0,0,0
0,0,0,0
0,0,0,0
1.428571429,0.238095238,7.2,0
0.125,0.004032258,10.33333333,0
0,0,0,0
37.5083179,0.528648649,503.3669386,0
0,0,0,0
1,0,0,0
0,0,0,0
0.568627451,0.5,50,0
0,0,0,0
0,0,0,0
0.258823529,0.1,2.083333333,0
0,0,0,0
0.5,0.071428571,5.2,0
0,0,0,0
0.484737485,0.6,5.055555556,0
53.4615242,1,54.32777778,0
0.134353741,0.004645761,17,0
5.994568518,0.708333333,75.13214286,0
0.955555556,0.3,3.416666667,0
0,0,0,0
0,0,0,0
0,0,0,0
0,0,0,0
0,0,0,0
1.671428571,0.285714286,6.133333333,0
2.25625,0.07816092,77.65119048,0
0,0,0,0
1.757575758,0.047619048,10,2
77.42342065,0.975617284,19.06666667,0
0,0,0,0
0,0,0,0
0.056221889,0.333333333,0,0
0,0,0,0
0,0,0,0
0.109803922,0.066666667,0,0
0,0,0,0
0,0,0,0
0,0,0,0
0,0,0,0
0,0,0,0
1.894569288,0.071428571,0,0
0,0,0,0
0.033615819,1,0.714285714,0
5.6,0.75,12.5,0
0,0,0,0
0,0,0,0
0,0,0,0
0,0,0,0
0,0,0,0
0,0,0,0
0,0,0,0
0,0,0,0
0,0,0,0
0,0,0,0
0,0,0,0
0,0,0,0
0,0,0,0
0.015992415,1,2.166666667,0
0,0,0,0
0,0,0,0
1.5,0,9,0
1.566738817,0.733333333,10.66666667,0
0.666666667,0,6,0
0,0,0,0
75.93149169,0.929473994,24.13333333,0
0,0,0,0
0.260720721,0.133333333,2.833333333,2
1.581349206,0.1,0.454545455,0
1.107142857,0.19047619,0,0
0.610526316,0.3,5,0
0,0,0,0
0,0,0,0
1.452631579,0.333333333,4.666666667,0
0,0,0,0
8.68265857,1,16.7952381,0
0,0,0,0
14.43743857,0.852380952,56.25,0
0.027619048,0.066666667,2,0
0,0,0,0
7.5603927,0.356125356,110.3373377,0
1.356618362,0.538461538,51.81666667,0
0.147368421,0.001567749,12,0
1,0,0,0
3.47614654,0.454545455,33.69761905,0
0.666666667,0,5.6,0
1,0,38,0
0,0,0,0
0,0,0,0
0,0,0,0
0,0,0,0
0,0,0,0
0,0,0,0
1.019047619,0.5,6.666666667,0
1.786397813,0.133333333,16.2,10
0,0,0,0
0,0,0,0
0.666666667,0,0,0
0,0,0,0
0,0,0,0
0.5,0.166666667,1.2,0
0.093306288,0.333333333,3,0
0.225490196,0.107142857,0,0
0,0,0,0
25.66224945,0.886363636,94,0
2.175490196,0.047619048,74.66666667,0
1.2,0,0,0
2.362745098,0.254545455,24.66666667,0
0,0,0,0
0.134482759,1,0,0
0,0,0,0
0,0,0,0
0,0,0,0
0.666666667,0,0,0
0,0,0,0
0,0,0,0
0,0,0,0
6.444301925,0.328063241,108.3452381,0
1.200865801,0.666666667,8,5
0,0,0,0
1.7,0.5,1.875,0
50.83303264,0.871186441,191.75,0
7.015991903,0.681818182,17.77619048,0
0.331746032,0.2,12.08333333,0
0.166666667,1,0,0
3.5,0.318181818,4,0
0,0,0,0
0.829083461,0.3,9.075,0
0,0,0,0
0.051470588,0.066666667,0.714285714,0
0,0,0,0
0.666666667,0,2.181818182,0
1.907258065,0.025641026,16.61538462,34
3.7002849,0.309090909,62,0
0.096969697,0.1,0.5,0
0,0,0,0
0,0,0,0
0,0,0,0
23.52171611,0.973484848,269.6353175,0
0,0,0,0
0,0,0,0
0.666666667,0,0,0
0,0,0,0
0,0,0,0
37.72627571,0.582942097,693.865368,0
0,0,0,0
0.200993661,0.007130125,22.125,0
0.666666667,0,0,0
0.342857143,1,12.14285714,0
1.141667996,0.083333333,20.5547619,0
14.77947489,0.889473684,51.02554113,80
0,0,0,0
0,0,0,0
0.815943059,0.181818182,7.9768728,0
5.133587465,0.590909091,27.310831,0
0,0,0,0
0.503968254,0.5,2.694444444,0
77.39887985,0.975308642,19.06666667,0
0,0,0,0
0,0,0,0
1.527643785,0.333333333,18.66666667,0
2.18452381,0.266666667,5.573412698,0
0,0,0,0
7.559839817,0.411764706,40.80119048,0
0,0,0,0
2.520604749,0.168421053,7.705627706,0
1.2,0,5.6,0
0,0,0,0
0,0,0,0
1.535353535,0.166666667,9.5,0
0,0,0,0
0,0,0,0
34.3469322,0.433053221,623.385298,0
0,0,0,0
23.38934181,0.435016835,431.6333333,0
0,0,0,0
0,0,0,0
0,0,0,0
0,0,0,0
0,0,0,0
0,0,0,0
39.33664257,0.765732417,1704.666667,0
1,0,0,0
77.39887985,0.975308642,219.9166667,0
7.465991903,1,16.7952381,0
3.693477157,0.380952381,38.51890332,0
0,0,0,0
0,0,0,0
0,0,0,0
0.263157895,0.071428571,13.5,0
0,0,0,0
4.151265664,0.041742287,142.5833333,358
0,0,0,0
1.2,0,0,0
0,0,0,0
0,0,0,0
0.066731141,0.333333333,1.666666667,0
0,0,0,0
0,0,0,0
0,0,0,0
0,0,0,0
24.55783432,0.598989899,328.5635642,0
0.75,1,4.25,0
0.342831541,0.194444444,15.125,0
0,0,0,0
0,0,0,0
0,0,0,0
0.863650075,0.4,7.76984127,0
5.496691195,0.062003968,212.597619,1180
0.132478632,0.333333333,1.166666667,0
0,0,0,0
0,0,0,0
0,0,0,0
0,0,0,0
1.156088501,0.192307692,11.1010101,0
0.056221889,0.066666667,0,0
0,0,0,0
0.325,1,0.4,0
0,0,0,0
0,0,0,0
0,0,0,0
0,0,0,0
0.731192853,0.063157895,16.59345238,0
0,0,0,0
53.4615242,1,54.32777778,0
0,0,0,0
0.124389052,0.666666667,4.2,0
1.329166667,0.333333333,4.335897436,10
0.483216783,0.2,2.166666667,0
0,0,0,0
0,0,0,0
0,0,0,0
2.149350649,0.311111111,17.8,2
0,0,0,0
0,0,0,0
1,0,0,0
0,0,0,0
0.247988939,0.666666667,1.333333333,0
0,0,0,0
0.188405797,0.333333333,0,0
0,0,0,0
0,0,0,0
0.196969697,0.333333333,5.843137255,0
0,0,0,0
28.92881918,0.629951691,410.8940476,2070
0,0,0,0
0,0,0,0
1.7625,0.022222222,0,0
0,0,0,0
0.584586466,0.054945055,2.017857143,0
0.088932806,0.333333333,0,0
0,0,0,0
0.199145299,0.133333333,2.029605263,0
0,0,0,0
0,0,0,0
3.901165244,0.351648352,19.67142857,0
0,0,0,0
0,0,0,0
0,0,0,0
0,0,0,0
0.261235955,0.166666667,2.5,0
0.259259259,0.166666667,0.875,0
0.082633053,0.166666667,13,0
0,0,0,0
0,0,0,0
29.0813363,0.836707152,301.0488095,0
1,0,0,0
0,0,0,0
1.22270798,0.333333333,16,0
0.126923077,0.066666667,5.9,0
0.154761905,0.333333333,0,0
11.04590767,0.735177866,46.33333333,0
30.75486765,0.910204082,423.0792957,0
1,0,4.5,0
0.435746606,0.2,3.875,0
1.5,0,0,0
0.329004329,0.095238095,2.5,0
2.422334683,0.303030303,19.17810245,0
2.510267877,0.115384615,50.13333333,0
0.114512472,1,0,0
75.92975017,0.929767852,19.06666667,0
10.30371148,1,104,0
0,0,0,0
0.02270798,0.333333333,1.111111111,0
0,0,0,0
0,0,0,0
77.39887985,0.975308642,19.06666667,0
2.4,1,0,0
9.731240981,0.62745098,60.15,0
0,0,0,0
0,0,0,0
0.666666667,0,4,0
16.20165068,0.904615385,77.21111111,0
0,0,0,0
0,0,0,0
0,0,0,0
0,0,0,0
1.321933622,0.151515152,6.523809524,0
0,0,0,0
0,0,0,0
0.45,0.333333333,2,0
2.21067415,0.166666667,6.875,2
9.943774655,0.701754386,73,6
0.478571429,0.095238095,0,0
0.476190476,1,2.321428571,0
0,0,0,0
0,0,0,0
1.083857165,0.205128205,15.75,0
0,0,0,0
0,0,0,0
0.205357143,0.047619048,0,0
0,0,0,0
0,0,0,0
2.77073002,0.078272605,81.33333333,8.25
1.051840728,0.10952381,22.12222222,0
0,0,0,0
0,0,0,0
1.400207039,0.333333333,91,0
0,0,0,0
0,0,0,0
30.36441197,0.830725462,165.4166667,0
0,0,0,0
0.243478261,0.333333333,0,0
77.39887985,0.975308642,19.06666667,0
0,0,0,0
0,0,0,0
0,0,0,0
0,0,0,0
0,0,0,0
0,0,0,0
0,0,0,0
1,0,10,0
1.277777778,0.036507937,23.33333333,4.5
0,0,0,0
0.013245614,1,10,0
5.49661451,0.171428571,74.12439782,0
0,0,0,0
1.2,0,2,0
29.30644664,0.719822813,325.1608709,0
9.998621554,0.752380952,37.98214286,0
2,1,0,0
0,0,0,0
0,0,0,0
0.305878332,0.333333333,12.21428571,0
0,0,0,0
0,0,0,0
3.737331002,0.073563218,38.65119048,0
0,0,0,0
0,0,0,0
0,0,0,0
0,0,0,0
1.555555556,0,12.57142857,0
5.1,0.75,12.08333333,0
0,0,0,0
0,0,0,0
0,0,0,0
0.20734127,0.021978022,0,0
0,0,0,0
4.699449676,0.35,66.2,58.5
0,0,0,0
0.4004329,0.333333333,2.5,0
0,0,0,0
10.26428571,0.857142857,59.08333333,0
1.428571429,0,1.428571429,0
0,0,0,0
0,0,0,0
0,0,0,0
0,0,0,0
0,0,0,0
0,0,0,0
0,0,0,0
5.769036227,0.494505495,51.17142857,2
0,0,0,0
0.126984127,0.002048131,8.2,0
0,0,0,0
1.147619048,0.266666667,0,0
0,0,0,0
0.231140389,0.138888889,0,0
1,0,16.88888889,0
0,0,0,0
0.678772379,0.266666667,33.41121212,0
24.74830174,0.821321321,558.1666667,176
4.709794184,0.487179487,51.46666667,0
0,0,0,0
18.82273995,0.899470899,62.83333333,0
21.49682987,0.788235294,334.5,162
0,0,0,0
0,0,0,0
0,0,0,0
28.22713697,0.816464238,385.9333333,578
0,0,0,0
0.52173913,0.023715415,6.183333333,0
0,0,0,0
0,0,0,0
0,0,0,0
0,0,0,0
0.062745098,1,2.25,0
0,0,0,0
1,0,1.777777778,0
0,0,0,0
0,0,0,0
0,0,0,0
0,0,0,0
4.592567827,0.285714286,50.73333333,56
2.427588933,0.424242424,11.40909091,0
1.350834446,0.164835165,14.01325758,0
0,0,0,0
0,0,0,0
0,0,0,0
76.67334537,0.951520626,292,0
0,0,0,0
23.0748704,0.605758583,253.690873,0
0,0,0,0
0,0,0,0
3.735032162,0.043434343,38.51119465,0
0,0,0,0
3.545313428,0.418181818,17.56854257,0
0,0,0,0
0.493034019,0.6,22.25,0
0,0,0,0
2.276068376,0.072727273,11.3452381,0
1.893478261,0.071428571,2.421052632,0
0.333333333,0.066666667,1.2,0
2.336507937,0.476190476,9.25,0
0,0,0,0
77.88653417,1,19.06666667,0
0,0,0,0
0,0,0,0
0.4,0.333333333,2.933333333,0
0,0,0,0
4.63855224,0.560606061,42.46666667,52.5
0,0,0,0
0,0,0,0
53.4615242,1,54.32777778,0
0,0,0,0
0,0,0,0
0,0,0,0
0,0,0,0
0,0,0,0
0,0,0,0
0,0,0,0
0,0,0,0
6.622952602,0.522058824,59.0984127,130.5
1,0,0,0
9.93669729,0.640522876,157,0
0,0,0,0
0,0,0,0
0,0,0,0
0,0,0,0
0,0,0,0
0,0,0,0
5.637489449,0.824175824,76.38690476,0
0.252631579,0.333333333,18.25,0
0,0,0,0
0.666666667,0,0,0
0,0,0,0
1.94624596,0.147186147,27.83928571,5.25
0,0,0,0
2.633366633,0.6,0,0
0.048371648,0.333333333,1.125,0
0,0,0,0
0,0,0,0
0,0,0,0
0.222222222,1,2.3,2
0,0,0,0
4.912698413,0.31372549,27.05238095,0
2.378571429,1,7.666666667,0
0.015992415,1,3.75,0
0,0,0,0
0,0,0,0
5.1,0.75,10.5,0
6.715558339,0.355072464,114.4444444,44
0,0,0,0
0,0,0,0
0,0,0,0
0,0,0,0
0,0,0,0
1.384920635,0.166666667,0,0
0,0,0,0
1.467857143,0.333333333,0,0
0,0,0,0
0.375,1,0,0
0.168478261,0.333333333,7.7,0
0,0,0,0
0,0,0,0
4.423868873,0.461538462,36.27579365,0
0,0,0,0
0,0,0,0
31.30362551,0.582693292,692.4452381,0
0,0,0,0
1.327188381,0.205128205,15.83470696,0
1.428571429,0,5,0
0,0,0,0
52.41525551,0.932849365,317.1666667,0
12.84720475,0.831578947,52.83333333,0
0,0,0,0
0,0,0,0
1.606349206,0.1,2.5,0
0,0,0,0
0.330769231,0.044444444,5.125,0
0.211111111,0.333333333,0.333333333,0
0,0,0,0
0,0,0,0
0,0,0,0
0,0,0,0
6.775884958,0.497076023,75.2973138,0
0,0,0,0
3.176767677,0.535714286,12.34935065,0
0,0,0,0
0.083333333,0.022222222,0,0
6.233259017,0.444444444,57.26904762,132.5
1,0,8,0
0,0,0,0
0,0,0,0
0,0,0,0
0,0,0,0
0,0,0,0
0.736111111,0.107142857,4.923809524,0
0,0,0,0
0,0,0,0
0.744047619,0.2,3.825,2
1.651416122,0.047619048,3.058823529,0
0,0,0,0
0,0,0,0
23.37598452,0.631823461,783.5,0
0.515131579,0.2,6,0
0,0,0,0
1.777056277,0.4,9.833333333,5
0.459649123,0.133333333,2.288235294,0
0.327231666,0.111111111,7,0
0.069166667,0.166666667,6.666666667,2.25
0,0,0,0
0,0,0,0
0,0,0,0
1.480937749,0.055913978,32.65357143,0
0,0,0,0
0,0,0,0
0,0,0,0
0,0,0,0
1.5,0,0,0
0,0,0,0
0,0,0,0
0,0,0,0
0.897081413,0.022067364,25.47344322,0
0.290557662,0.142857143,16,2
0,0,0,0
0,0,0,0
0.071428571,0.333333333,0.666666667,0
0,0,0,0
0.083776596,0.166666667,0,0
0.101149425,0.066666667,5.75,0
0,0,0,0
0,0,0,0
0.071794872,0.018181818,0.588235294,0
2.259469697,0.214285714,9.555555556,0
45.54961651,0.39910045,2386.083333,5512.5
10.17990196,0.866666667,172.5,0
0,0,0,0
0,0,0,0
0,0,0,0
0,0,0,0
0,0,0,0
0.1125,1,2.333333333,0
0,0,0,0
0,0,0,0
2.292872869,0.238095238,29.625,4
0.666666667,0,0,0
6.091270505,0.485294118,101,36
0.285714286,0.166666667,2.355555556,0
0,0,0,0
1.613383838,0.285714286,13,0
0.143589744,0.012820513,0.533333333,0
2.35,0.111111111,35.2,0
1.2,0,7.5,0
0,0,0,0
0,0,0,0
0,0,0,0
0,0,0,0
0,0,0,0
0,0,0,0
0.75,0.107142857,0,0
6.310303912,0.516339869,106.95,0
0.783549784,0.111111111,19.98412698,0
1.2,0,4.8,0
0,0,0,0
16.24286988,0.616402116,128,0
0,0,0,0
0,0,0,0
0,0,0,0
0,0,0,0
0,0,0,0
0,0,0,0
0,0,0,0
0,0,0,0
0,0,0,0
0,0,0,0
0,0,0,0
0,0,0,0
0,0,0,0
0.260526316,0.166666667,2.333333333,0
0,0,0,0
0,0,0,0
0,0,0,0
0,0,0,0
0.38407994,0.060606061,11.75,0
3.770454545,0.583333333,13.87662338,0
0.081626137,0.004926108,4,0
1.555555556,0,0,0
76.96338007,0.951520626,167.7333333,0
0,0,0,0
0,0,0,0
0,0,0,0
10.02082427,0.647058824,154.3333333,0
0.633333333,0.2,0,0
0,0,0,0
9.060027301,0.860294118,213.5833333,36
77.88653417,1,19.06666667,0
6.555870015,0.455882353,49.67222222,0
0.155555556,0.333333333,0,0
40.69884389,0.635758998,689.097089,0
53.4615242,1,54.32777778,0
0,0,0,0
0,0,0,0
0.284482759,0.166666667,22,2
3.186299393,0.820512821,54.16666667,0
0,0,0,0
0.104166667,0.333333333,0,0
0,0,0,0
0,0,0,0
0,0,0,0
0,0,0,0
0,0,0,0
0,0,0,0
0,0,0,0
2.12234127,0.060606061,24.41666667,0
36.45859743,0.488607595,652.009818,0
0,0,0,0
1.671062908,0.071428571,0,0
0,0,0,0
0,0,0,0
0,0,0,0
0,0,0,0
2.58360095,0.514285714,101.0218254,0
0,0,0,0
0.342857143,0.166666667,2.05,0
0,0,0,0
0.5,0.166666667,1.714285714,0
0,0,0,0
0,0,0,0
0,0,0,0
0,0,0,0
2.285714286,0.380952381,11.33333333,0
0,0,0,0
0,0,0,0
2.565079365,1,6.316666667,0
0,0,0,0
3.534375634,0.153333333,30.00484735,10
0.102610723,0.133333333,4.152380952,0
34.13515169,0.803633823,409.798113,0
53.4615242,1,54.32777778,0
0,0,0,0
8.684341828,0.763157895,17.75,0
0,0,0,0
2.241022195,0.133333333,6.875,0
0.611111111,1,2.114285714,0
0,0,0,0
2.203683122,0.666666667,27.125,0
41.10100107,0.374195624,897.6972083,0
0,0,0,0
0,0,0,0
0.0495338,0.333333333,2,0
0,0,0,0
0,0,0,0
0,0,0,0
24.04886406,0.935483871,50.16666667,0
0.666666667,0,0,0
77.88653417,1,19.06666667,0
0,0,0,0
0.502902622,0.107142857,0,0
13.4504203,0.894736842,121.2857143,80
0,0,0,0
0,0,0,0
6.066666667,0.777777778,10.58888889,0
0,0,0,0
0,0,0,0
0.416666667,0.166666667,0,0
0.666666667,0,0,0
76.74437813,0.952725083,19.06666667,0
1.2,0,5.333333333,0
0,0,0,0
0,0,0,0
0,0,0,0
0,0,0,0
0,0,0,0
0.425,0.666666667,2.395604396,0
0,0,0,0
0,0,0,0
0,0,0,0
0,0,0,0
0,0,0,0
0,0,0,0
27.31615801,0.584219858,326.2759921,0
0,0,0,0
31.40863533,0.859174964,185.3333333,210
1.077221451,0.464285714,26.57142857,0
0,0,0,0
0,0,0,0
0,0,0,0
0.519230769,1,0,0
0,0,0,0
0,0,0,0
0,0,0,0
0,0,0,0
0,0,0,0
0,0,0,0
1.477777778,0.333333333,2.355555556,0
0.231292517,0.000789394,27.08665224,0
0,0,0,0
0,0,0,0
0,0,0,0
0,0,0,0
0,0,0,0
0,0,0,0
34.28490836,0.647457627,781.6,898
5.6,0.622222222,9.866666667,0
1.428571429,0,1.333333333,0
0.57575188,0.047619048,6.438095238,0
1.133333333,0.5,2.266666667,0
0.3,0.166666667,3.222222222,0
0,0,0,0
1.730699856,0.321428571,28,0
0,0,0,0
0,0,0,0
0,0,0,0
0,0,0,0
10.48140862,1,61.5,0
0,0,0,0
0,0,0,0
0,0,0,0
0,0,0,0
5.233246118,0.857142857,80,0
0,0,0,0
0,0,0,0
0,0,0,0
1.590957507,0.909090909,28.78333333,0
6.395543138,0.769230769,31.41669442,0
0,0,0,0
5.300877193,1,13.64460784,0
0,0,0,0
0,0,0,0
0.666666667,0,0,0
1.423465423,0.181818182,8.714141414,0
2.977103014,0.175438596,26.20952381,4.5
0,0,0,0
6.025,0.964285714,4.583333333,0
0,0,0,0
18.35706731,0.967980296,232.0166667,0
0,0,0,0
1.2,0,0,0
0.984848485,0.194444444,2.5,0
15.8138033,0.742753623,74.83333333,0
0,0,0,0
0,0,0,0
53.4615242,1,54.32777778,0
4.83192956,0.323529412,48.36904762,0
52.96183749,0.964912281,54.32777778,0
0.173809524,0.166666667,2.083333333,0
0,0,0,0
0,0,0,0
0.4,0.1,1.1,0
27.97898404,0.994957983,270.5166667,0
0,0,0,0
36.01636784,0.844805195,1519.333333,0
0,0,0,0
0,0,0,0
0.666666667,0,0,0
0,0,0,0
7.732149783,0.356923077,67.26103896,0
0,0,0,0
0.883333333,0.052287582,12.11111111,0
0,0,0,0
0.153609831,0.166666667,2,0
0,0,0,0
0,0,0,0
0.570010635,0.142857143,19,0
0,0,0,0
0,0,0,0
0,0,0,0
0,0,0,0
0,0,0,0
0,0,0,0
1.5,0,2.5,0
0.083333333,0.166666667,20,0
0.192512077,0.333333333,0,0
0,0,0,0
12.26885966,0.796536797,44.48412698,0
0,0,0,0
0.513700642,0.142857143,3.666666667,0
0,0,0,0
0,0,0,0
0,0,0,0
11.82292262,0.502645503,145.5,132
0,0,0,0
0,0,0,0
0,0,0,0
10.33212213,0.720588235,81.3482684,0
0.708333333,0.142857143,8.4,0
0,0,0,0
0,0,0,0
0.553295097,0.075757576,14.08333333,0
28.47299159,0.758367347,440.5619048,162
0,0,0,0
0,0,0,0
0.223387723,0.133333333,2.029605263,0
0,0,0,0
0,0,0,0
0.894720497,0.194444444,6.625,0
0.56554307,0.109090909,6.248626374,0
0,0,0,0
31.2304878,0.802564103,148.0277778,0
0,0,0,0
0,0,0,0
0,0,0,0
0,0,0,0
0,0,0,0
0.361111111,0.166666667,2.230769231,0
1.168966372,0.345454545,29.53333333,0
0,0,0,0
0.291666667,0.333333333,0,0
0,0,0,0
38.22388149,0.768852459,609.5318765,0
0,0,0,0
0.416666667,1,0,0
41.26394103,0.632039574,1094.683333,0
0,0,0,0
0,0,0,0
0.144444444,0.333333333,3.166666667,0
0.034482759,1,0,0
0,0,0,0
0.224039265,0.133333333,2.266666667,0
0,0,0,0
5.144015446,0.359477124,32.15098039,44
0,0,0,0
0,0,0,0
0,0,0,0
0.024540801,0.333333333,0,0
0,0,0,0
5.53160915,0.696666667,187.8666667,162
0,0,0,0
0,0,0,0
0,0,0,0
0,0,0,0
1.025817932,0.6,7.93452381,0
0.519230769,1,0,0
0.666666667,0,0,0
0,0,0,0
68.68641889,0.754897277,19.06666667,0
11.43121495,0.666666667,482.25,638
77.44567292,0.976234568,19.06666667,0
0,0,0,0
0,0,0,0
0.073333333,0.166666667,0,0
12.13592234,0.531746032,68.98055556,0
0,0,0,0
9.536670107,0.614379085,181.5,0
0,0,0,0
0,0,0,0
0,0,0,0
0.930011107,0.056277056,7.8,0
27.92616772,0.646464646,395.952381,595
0,0,0,0
5.493939394,0.644444444,24.51666667,0
0,0,0,0
1.6,0.333333333,2.225,0
2.544342406,0.109848485,69.5,0
0,0,0,0
2,0.007905138,55,0
2,0.333333333,0,0
0,0,0,0
0,0,0,0
0,0,0,0
0.482074752,0.111111111,0,0
28.28374602,0.635748792,416.1166667,612.25
52.34629,0.931639443,201.9,0
0,0,0,0
2.103988117,0.111111111,32.2,34
0,0,0,0
0,0,0,0
0,0,0,0
1.382539683,0.333333333,3.6,0
0,0,0,0
0.181818182,0.1,0,0
4.283333333,0.75,7,0
0,0,0,0
0,0,0,0
0.119298246,0.1,1.5,0
0,0,0,0
0,0,0,0
0.2,0.022222222,2.428571429,0
0,0,0,0
3.345267195,0.147058824,41.01388889,0
0,0,0,0
1.555555556,0,0,0
28.46572354,0.655555556,325.5944444,0
0,0,0,0
0,0,0,0
0,0,0,0
1.873132191,0.444444444,25.38214286,0
0.666666667,0,1.25,0
0,0,0,0
0.425462752,0.464285714,10.19047619,0
0,0,0,0
0,0,0,0
0,0,0,0
0,0,0,0
0,0,0,0
0.671428571,0.021848739,26.26346154,0
0,0,0,0
1.328571429,0.4,6.083333333,0
2.045833333,0.19047619,4.408333333,0
0,0,0,0
1.714285714,0,0,0
0,0,0,0
0,0,0,0
0,0,0,0
0,0,0,0
0,0,0,0
0,0,0,0
24.7635221,0.909243697,821.5,0
0,0,0,0
0.182631579,0.066666667,0,0
6.301995475,0.641666667,23.66666667,0
0.928937729,0.285714286,52,0
0,0,0,0
5.421428571,1,12.08333333,0
0,0,0,0
3.530538579,0.857142857,19.67142857,0
0.4,1,2.166666667,0
0.952631579,0.5,10.95,0
0,0,0,0
5.41378528,0.516483516,46.5,36
0,0,0,0
0.653968254,0.2,5.666666667,0
0.145833333,0.066666667,3.428571429,0
0,0,0,0
77.88653417,1,19.06666667,0
0,0,0,0
53.4615242,1,54.32777778,0
0.45,0.166666667,1.6,0
0,0,0,0
0,0,0,0
0.846558704,0.6,13.25,0
0,0,0,0
0,0,0,0
43.25094845,0.576234568,794.3869242,0
50.08330587,0.843169399,322.5,0
0,0,0,0
0,0,0,0
0,0,0,0
0.094444444,0.333333333,2.05,0
0,0,0,0
76.7161072,0.952122855,19.06666667,0
0.496825397,0.095238095,4.274242424,0
0,0,0,0
0,0,0,0
0,0,0,0
0,0,0,0
1.64781746,0.333333333,0,0
1.670707071,0.035714286,2.297619048,0
0,0,0,0
1.2,0,0,0
1,0,0,0
0,0,0,0
0,0,0,0
0,0,0,0
3.9,0.444444444,23.66666667,0
0.861319967,0.052287582,20.34848485,0
18.31690204,0.870967742,202.2115079,0
0,0,0,0
0,0,0,0
0,0,0,0
0,0,0,0
0,0,0,0
0,0,0,0
0,0,0,0
0,0,0,0
0,0,0,0
0,0,0,0
0,0,0,0
0.475540493,0.039215686,6.176190476,0
0,0,0,0
1.2,0,0,0
0,0,0,0
4.7,0.75,7.083333333,2
0.476190476,0.333333333,2.880952381,0
0,0,0,0
0,0,0,0
37.98730696,0.832425892,1045.683333,0
0,0,0,0
0,0,0,0
0,0,0,0
2.941417502,0.274509804,46.43580031,0
0.521428571,0.666666667,4.333333333,0
1.5,0,4.25,0
0,0,0,0
0,0,0,0
0.136426979,0.142857143,10.66666667,0
0.147076023,0.5,4,0
0,0,0,0
0.148255814,0.047619048,0,0
0,0,0,0
0,0,0,0
0,0,0,0
0,0,0,0
30.33231707,0.779487179,266.5,0
0,0,0,0
0,0,0,0
8.68265857,1,16.7952381,0
0,0,0,0
1.2,0,1.5,0
0,0,0,0
0,0,0,0
0,0,0,0
0,0,0,0
0,0,0,0
0.190909091,1,2.523809524,0
0,0,0,0
0.4,0.166666667,2,0
0,0,0,0
8.659463459,0.286987522,128.1764874,0
1.356041313,0.166666667,4.888888889,0
1.017431399,0.102564103,15.35287081,0
1.166666667,0.5,8,0
0,0,0,0
0,0,0,0
0,0,0,0
1.525845411,0.333333333,16,0
0,0,0,0
0,0,0,0
0,0,0,0
0,0,0,0
0,0,0,0
0,0,0,0
0,0,0,0
0,0,0,0
3.093202751,0.227941176,16.00490196,0
0.366666667,0.333333333,0,0
0.404761905,0.333333333,5.017948718,0
24.63744985,0.602020202,470.8833333,0
0,0,0,0
0,0,0,0
0,0,0,0
0,0,0,0
0.252631579,0.333333333,2.011111111,0
0,0,0,0
0.266666667,0.019047619,5,0
0,0,0,0
0,0,0,0
0,0,0,0
0,0,0,0
29.19400157,0.79943101,179,0
0,0,0,0
0,0,0,0
0,0,0,0
0,0,0,0
0.666666667,0,0,0
0,0,0,0
0,0,0,0
0,0,0,0
2.055411255,0.083333333,13.5,18
0,0,0,0
38.15133317,0.577625571,1034,732
0,0,0,0
0,0,0,0
77.88653417,1,19.06666667,0
4.255974688,0.803030303,76.31190476,0
13.07593394,0.81512605,354.6547619,0
0.326397813,0.142857143,5.6,0
0.114906832,0.333333333,0,0
0,0,0,0
0.918478261,0.142857143,5.570707071,2.25
0,0,0,0
77.88653417,1,19.06666667,0
30.71152599,0.753774681,451.4380952,798.25
0,0,0,0
0,0,0,0
0,0,0,0
0,0,0,0
0,0,0,0
0,0,0,0
0,0,0,0
0,0,0,0
19.79232035,0.815384615,223.0553086,0
0,0,0,0
7.260108136,0.651515152,92,20
10.26428571,0.857142857,61.91666667,0
0.4,0.1,3,0
0.62511284,0.015503876,2.114285714,0
0,0,0,0
7.104150333,0.301587302,124.25,62
0,0,0,0
15.16034445,0.723320158,52.56555024,0
0.702380952,0.333333333,1.25,0
77.88653417,1,19.06666667,0
0,0,0,0
0,0,0,0
0.097575758,0.018181818,3.333333333,0
0,0,0,0
0,0,0,0
1.333333333,0,4,2
0,0,0,0
0,0,0,0
6.499677447,0.857142857,28.66666667,0
1.496037473,0.2,2.5,0
0.692873728,0.058823529,2.60952381,0
0,0,0,0
39.02161118,0.41774055,1187.970238,5016
2.520454545,0.392857143,9.1,0
0,0,0,0
0,0,0,0
0,0,0,0
0,0,0,0
0,0,0,0
42.09581837,0.750992063,875.547619,4560.5
0,0,0,0
0,0,0,0
0,0,0,0
0,0,0,0
2.047081105,0.083333333,24.2,0
0,0,0,0
0.019158836,1,2.013888889,0
0,0,0,0
0,0,0,0
0,0,0,0
1.002192982,0.166666667,7.285714286,22.5
0,0,0,0
2.17575188,0.029411765,14.4984127,0
0,0,0,0
0,0,0,0
3.485294118,0.153846154,10.04166667,50
2.542779748,0.155555556,25.74025974,0
0,0,0,0
0,0,0,0
0,0,0,0
0,0,0,0
0,0,0,0
3.266053391,1,19,0
23.8160928,0.823863636,50.16666667,0
1.2,0,0,0
0.666666667,0,4.571428571,0
37.78951386,0.68852459,901.2,0
0.105263158,0.005847953,1.466666667,0
0,0,0,0
4.385756887,0.672727273,41.76666667,0
0,0,0,0
0,0,0,0
77.88653417,1,19.06666667,0
0,0,0,0
0,0,0,0
0,0,0,0
0,0,0,0
0,0,0,0
0,0,0,0
0,0,0,0
0,0,0,0
0.042857143,0.066666667,10.5,0
77.88653417,1,19.06666667,0
0,0,0,0
0.541666667,0.133333333,0,0
2.225797302,0.711111111,16.75,0
0.305332168,0.071428571,0,0
0,0,0,0
0.713187837,0.266666667,14.25,2
1,0,4.5,0
1,0,0,0
1,0,3,0
0,0,0,0
6.803911157,0.654411765,129.25,0
0.267832168,0.2,8.166666667,0
0.271428571,0.1,0,0
0.333333333,0.066666667,0,0
0,0,0,0
0,0,0,0
0,0,0,0
0,0,0,0
0,0,0,0
0,0,0,0
0,0,0,0
1.451279408,0.1,0,0
0,0,0,0
0,0,0,0
0,0,0,0
0,0,0,0
0,0,0,0
0,0,0,0
0,0,0,0
0,0,0,0
0,0,0,0
0,0,0,0
2.147539769,0.551470588,55.65674603,0
0,0,0,0
0,0,0,0
0,0,0,0
0,0,0,0
29.82476568,0.848348348,134.6111111,0
0,0,0,0
0,0,0,0
0,0,0,0
0,0,0,0
0,0,0,0
77.88653417,1,19.06666667,0
0,0,0,0
1.998131868,0.269230769,91,0
0.735714286,0.666666667,3.491346154,0
0,0,0,0
29.82402317,0.848348348,189.3333333,0
0,0,0,0
0.366666667,1,0,0
0.604040404,0.083333333,2.766666667,0
0,0,0,0
0,0,0,0
0,0,0,0
0,0,0,0
0,0,0,0
0.4,0.1,2.166666667,0
0.341299642,0.005541347,25.61547619,6
0,0,0,0
0,0,0,0
0,0,0,0
2.06257764,0.333333333,22.5,36
0,0,0,0
0,0,0,0
0,0,0,0
0.410714286,0.095238095,3.8,0
9.341493323,0.283333333,173.2948413,0
0,0,0,0
0,0,0,0
0,0,0,0
0,0,0,0
0,0,0,0
3.592220575,0.346153846,23.36507937,0
2,0.2,12.90952381,0
0,0,0,0
0.089127396,0.03030303,3.166666667,0
1.833333333,0.022222222,0,0
0,0,0,0
0,0,0,0
0,0,0,0
2.813019922,0.088235294,2,0
0,0,0,0
3.894035724,0.763636364,21.50823898,52.5
0,0,0,0
0,0,0,0
23.95813825,0.877016129,59.08333333,0
0,0,0,0
0,0,0,0
5.18946642,0.326797386,65.45952381,0
1.2,0,2.4,0
0,0,0,0
0,0,0,0
0,0,0,0
0.444444444,1,2.033333333,0
0.770707071,0.5,2.017857143,0
0.145833333,0.1,2.225,0
0.361111111,0.166666667,2.433333333,0
0,0,0,0
28.74156134,0.705426357,306.5483225,0
0.345833333,1,1,0
0.500849575,0.266666667,0,0
4.731244019,0.213235294,45.61298701,0
0,0,0,0
0,0,0,0
14.95816145,0.46969697,152.5,0
77.88653417,1,19.06666667,0
0,0,0,0
0,0,0,0
13.1881175,0.566666667,43.87940305,0
0,0,0,0
0,0,0,0
0.666666667,0,0,0
0,0,0,0
0,0,0,0
0,0,0,0
0,0,0,0
1.2,0,3.777777778,0
0,0,0,0
0,0,0,0
0,0,0,0
3.103794144,0.764705882,55.06428571,0
0,0,0,0
0,0,0,0
0,0,0,0
0,0,0,0
0,0,0,0
0,0,0,0
0,0,0,0
0,0,0,0
1.378091398,0.166666667,35.5,0
0,0,0,0
0,0,0,0
0.666666667,0,0,0
0,0,0,0
0,0,0,0
77.88653417,1,19.06666667,0
0.291666667,0.333333333,3.157142857,0
0,0,0,0
0,0,0,0
1.569365722,0.25,6.642857143,0
0,0,0,0
0,0,0,0
6.615248596,0.338235294,49.6,0
0,0,0,0
5.421428571,1,8.533333333,0
12.97419827,0.612318841,74,10
0,0,0,0
0.378503372,0.038095238,6.625,0
2.256270659,0.4,9.9,0
0,0,0,0
13.45475956,0.72826087,162.6666667,132
0,0,0,0
1.763636364,1,13.5,0
0.67406015,0.054945055,7.066666667,0
0,0,0,0
52.34629,0.931639443,54.32777778,0
0,0,0,0
2,1,0,0
0,0,0,0
0,0,0,0
0,0,0,0
0,0,0,0
0,0,0,0
0.376756371,0.083333333,7.195804196,0
1.258956916,0.333333333,51,0
0,0,0,0
40.05892511,0.669463869,848.0166667,0
0,0,0,0
0,0,0,0
0,0,0,0
0,0,0,0
6.022694236,0.666666667,8.788721805,0
24.44360365,0.739541161,286.6353175,0
24.40899749,0.494535519,698.352381,2264
0,0,0,0
30.73170732,0.768292683,140.8611111,0
0,0,0,0
22.17143157,0.473684211,370.0437368,0
0.846558704,0.133333333,16,0
0,0,0,0
6.166837548,0.901098901,40.75,80
0.789275234,0.285714286,8.125,0
77.88653417,1,19.06666667,0
5.840557528,0.742424242,50.6,0
0,0,0,0
30.53658537,0.763414634,270,210
1,0,4,0
0,0,0,0
0,0,0,0
0,0,0,0
30.36441197,0.830725462,154.0833333,0
0,0,0,0
0,0,0,0
0,0,0,0
0,0,0,0
6.111801648,0.337121212,111.8621579,0
28.77600132,0.662626263,432.852381,0
0,0,0,0
0,0,0,0
35.48381048,0.816883117,636.2133283,0
4.957688528,0.27,95.39285714,0
20.09812799,0.407239819,598.1666667,274
0,0,0,0
0.869565217,0.039525692,14.35487013,0
3.548387097,0.05817028,147.1285714,36
1.375,0.238095238,4.257142857,0
0,0,0,0
1,0,8.333333333,0
0,0,0,0
0.082043344,0.005847953,0.5,0
0,0,0,0
0,0,0,0
0,0,0,0
0,0,0,0
0,0,0,0
0,0,0,0
0,0,0,0
3.899087024,0.611111111,29.75,26.25
11.46081534,0.318488529,112.6166667,0
0,0,0,0
0,0,0,0
0.666666667,0,0,0
0,0,0,0
0,0,0,0
0.713187837,0.4,16.5,2
28.92805322,0.770612245,491.3666667,0
15.16034445,0.723320158,125.3441558,102
0,0,0,0
0,0,0,0
0,0,0,0
0,0,0,0
0,0,0,0
1.333333333,0,0,0
0.666666667,0,0,0
0.1125,1,2.240384615,0
33.92193508,0.8546471,666.4674603,3686.5
0,0,0,0
0.816666667,0.333333333,3,0
3.169928856,0.688888889,23.64195527,0
7.010847346,0.580882353,76.78336941,214.5
0,0,0,0
0,0,0,0
0,0,0,0
0,0,0,0
0.642857143,1,0,0
0,0,0,0
0,0,0,0
0,0,0,0
0,0,0,0
0,0,0,0
0,0,0,0
0,0,0,0
0,0,0,0
0,0,0,0
0,0,0,0
0,0,0,0
0,0,0,0
40.59915839,0.764464926,1014.35,0
0,0,0,0
0.5,0.333333333,0,0
0,0,0,0
0,0,0,0
1.355984069,0.104761905,10.89285714,0
0,0,0,0
0,0,0,0
0,0,0,0
0,0,0,0
0,0,0,0
0.047065338,0.166666667,0,0
6.261111111,1,10.12323232,0
0,0,0,0
0,0,0,0
0,0,0,0
0,0,0,0
0.303581594,0.2,7.666666667,0
0.110144928,1,74,0
0.666666667,0,1.6,0
0,0,0,0
0,0,0,0
38.51090476,0.50255947,630.2335914,0
0,0,0,0
0,0,0,0
0,0,0,0
0,0,0,0
1.721387521,0.2,17,0
0,0,0,0
0,0,0,0
43.37019275,0.529804865,947.4704545,4156.5
5.711363636,1,15.51428571,0
0,0,0,0
0,0,0,0
1.2,0,2,0
0,0,0,0
0,0,0,0
0,0,0,0
0,0,0,0
0.666666667,0,4.4,0
0,0,0,0
10.38376623,0.60130719,47.97857143,0
0,0,0,0
0.465277778,0.133333333,6.4,0
10.06125117,0.698529412,68.79361472,0
1.207894737,0.155555556,12.27777778,0
2.545454545,0.138888889,17.53333333,0
0,0,0,0
0,0,0,0
0,0,0,0
0.271086618,0.4,8.961904762,0
53.4615242,1,54.32777778,0
0,0,0,0
0,0,0,0
0,0,0,0
0,0,0,0
5.614141414,0.777777778,29.33333333,0
0.666666667,0,2,0
0,0,0,0
0,0,0,0
0,0,0,0
0,0,0,0
0,0,0,0
0,0,0,0
0.387061152,0.015015015,23.82142857,4
1.194048196,0.093567251,14.58195971,0
8.177274777,0.636781609,124.4428655,0
0,0,0,0
0.523475152,0.428571429,2.225,0
0,0,0,0
0,0,0,0
0,0,0,0
0,0,0,0
0.273255814,0.666666667,3.583333333,0
0,0,0,0
1.685143288,0.8,26.85714286,0
0,0,0,0
0,0,0,0
0,0,0,0
0,0,0,0
0,0,0,0
0,0,0,0
0,0,0,0
0,0,0,0
0,0,0,0
2.998065677,0.294871795,24.25,1
2.442586787,0.096866097,13.68347339,0
0,0,0,0
0,0,0,0
77.39887985,0.975308642,19.06666667,0
0,0,0,0
1.428571429,0,0,0
0,0,0,0
0,0,0,0
0,0,0,0
0,0,0,0
6.277014905,0.813852814,75.62301587,0
0,0,0,0
0,0,0,0
0,0,0,0
4.2,0.583333333,7,0
23.74882548,0.873754153,712,0
1.620382757,0.266666667,13.82142857,0
2.130952381,0.026143791,5.230769231,0
0,0,0,0
0,0,0,0
0,0,0,0
0,0,0,0
4.666666667,0.424242424,22.9,2
17.2311561,0.653439153,100.5,0
0,0,0,0
0,0,0,0
1.445310245,0.476190476,22.6,0
0,0,0,0
0,0,0,0
1.767816092,0.012820513,0,0
0,0,0,0
1,0.333333333,2.297619048,0
0,0,0,0
28.28624417,0.653535354,441.7,0
0,0,0,0
0,0,0,0
0.8,0.2,5.3,0
1,0,5.166666667,0
0,0,0,0
0,0,0,0
0.066917293,0.066666667,2.395604396,0
0.273255814,0.2,3.95,0
0.022795699,0.166666667,0,0
0,0,0,0
0,0,0,0
0,0,0,0
0,0,0,0
0,0,0,0
0,0,0,0
0,0,0,0
0.046653144,0.333333333,10.125,0
0,0,0,0
0.234482759,0.1,4.416666667,0
2.08634001,0.085227273,60.02857143,5
0,0,0,0
0.482444113,0.535714286,47.5,0
0,0,0,0
1,0,0,0
0,0,0,0
3.718348899,0.393939394,39.92857143,250
4.155527708,0.257309942,33.39404762,0
0,0,0,0
0,0,0,0
33.91466306,0.822021116,356.1141636,0
77.88653417,1,19.06666667,0
0.549200653,0.145454545,12.64830918,0
0,0,0,0
2.132952175,0.305555556,7.166666667,0
0.201923077,0.035714286,0,0
0.072890026,0.066666667,0.75,0
0,0,0,0
2.53003663,0.109090909,8.721428571,0
11.3549988,0.941520468,108.9166667,132
0.05,0.333333333,0,0
0,0,0,0
0,0,0,0
1.246653144,0.333333333,14.375,2
0,0,0,0
0,0,0,0
1,0,9.5,0
0,0,0,0
0,0,0,0
0,0,0,0
0,0,0,0
0,0,0,0
0,0,0,0
0.978042802,0.714285714,11,0
0.666666667,0,1.2,0
0.138888889,0.333333333,2.321428571,0
4.440536437,0.41025641,9.813492063,0
0,0,0,0
0.184150327,0.071428571,1.181818182,0
0,0,0,0
0,0,0,0
0.046653144,1,10.1,0
0,0,0,0
0,0,0,0
0,0,0,0
0,0,0,0
0.166112957,1,0,0
0,0,0,0
0,0,0,0
0,0,0,0
0,0,0,0
0,0,0,0
0,0,0,0
0,0,0,0
0,0,0,0
0,0,0,0
0,0,0,0
10.54114888,0.885714286,78.66666667,0
0,0,0,0
0.094684385,0.095238095,2.222222222,0
0,0,0,0
0,0,0,0
2.000441919,0.266666667,9.9,0
0,0,0,0
0,0,0,0
0,0,0,0
0,0,0,0
0,0,0,0
0,0,0,0
0,0,0,0
0,0,0,0
0,0,0,0
11.72069434,1,43.47380952,0
2.98788986,0.25,10.95194805,12
1.666731141,0.035714286,0,0
0.152116402,1,2.023809524,0
0,0,0,0
0,0,0,0
0,0,0,0
9.716287925,0.701612903,140.1693973,0
0,0,0,0
0,0,0,0
0,0,0,0
0,0,0,0
0,0,0,0
0,0,0,0
2.251914215,0.109090909,13.34353147,0
0,0,0,0
0,0,0,0
0,0,0,0
0,0,0,0
7.732225882,0.541538462,135.1944444,34
1.151766534,0.733333333,50.33333333,0
0.252631579,0.1,22,0
2.128571429,0.6,4.733333333,4
0,0,0,0
0,0,0,0
0,0,0,0
0,0,0,0
0,0,0,0
1.02750757,0.244444444,4.904761905,0
1.428571429,0,3.75,0
0,0,0,0
1.348571429,1,2.056140351,0
43.59307608,0.595509893,269,0
0.190909091,0.047619048,2.5,0
0,0,0,0
2.63008658,0.287878788,22.52027972,12
0,0,0,0
0,0,0,0
0.027619048,0.1,2,0
0.342857143,0.1,2.5,0
0,0,0,0
0,0,0,0
47.73529412,0.353594771,1351.525247,0
0,0,0,0
0.833333333,0.666666667,0,0
0,0,0,0
1.818181818,0.027777778,0,0
0,0,0,0
0,0,0,0
20.07324992,0.647342995,444.8428571,408
1.206778309,0.177777778,8.6,0
0.033224401,0.166666667,2.166666667,0
1.708333333,0.047619048,2.083333333,0
0,0,0,0
0,0,0,0
0,0,0,0
0,0,0,0
0,0,0,0
0,0,0,0
9.199679487,0.274603175,49.91468254,80
49.30882353,0.365250545,1327.630675,0
0,0,0,0
0,0,0,0
0,0,0,0
0,0,0,0
0,0,0,0
0,0,0,0
0,0,0,0
0,0,0,0
2.222222222,0.5,10.66666667,0
27.65190442,0.744489796,345.9597763,0
0,0,0,0
0,0,0,0
0,0,0,0
0,0,0,0
77.88653417,1,19.06666667,0
23.04690296,0.53746531,324.3527778,0
1.519303245,0.073593074,11.73333333,0
1.30952381,0.266666667,6.116666667,0
77.88653417,1,19.06666667,0
0.175595238,1,0,0
0,0,0,0
0,0,0,0
0,0,0,0
0,0,0,0
0,0,0,0
0,0,0,0
0,0,0,0
0.093478261,0.027777778,2,0
44.39773956,0.512002043,1177.095238,0
1.437899951,0.355555556,66,2
2.761904762,0.155555556,21.39880952,0
1,0,2,0
0,0,0,0
0,0,0,0
0,0,0,0
1.575081234,0.454545455,45.66666667,6
0.666666667,0,0,0
1.333333333,0,5.2,0
0.153846154,0.047619048,2.007575758,0
0,0,0,0
0.788888889,0.5,3.785714286,0
0.076785714,0.166666667,4.6,0
0.591545894,0.238095238,10.5,0
0,0,0,0
1.2,0,5.5,0
53.4615242,1,54.32777778,0
2.375,0.266666667,13.8,10
0,0,0,0
0,0,0,0
0,0,0,0
0,0,0,0
0.168478261,0.166666667,12.83333333,0
0,0,0,0
1.333333333,0,6.571428571,0
0,0,0,0
2.579365079,0.523809524,5.623809524,0
5.120712667,0.551282051,29.11785714,36
0,0,0,0
76.69773562,0.95182174,19.06666667,0
0,0,0,0
0.611111111,1,0.714285714,0
2.083776596,0.045454545,0,0
0,0,0,0
0,0,0,0
5.333965866,0.690909091,64.33333333,0
0,0,0,0
0,0,0,0
3.188397129,0.25,14.3,0
0,0,0,0
0,0,0,0
0,0,0,0
2.40596648,0.318681319,24.72222222,0
0.027619048,0.333333333,2,0
0,0,0,0
1.2,0,0,0
0.666666667,0,0,0
0.215555556,0.01,8.166666667,0
0,0,0,0
1.333333333,0,0,0
0,0,0,0
14.20331547,0.606666667,47.53102643,0
0,0,0,0
0,0,0,0
0,0,0,0
2.76,0.25,11.4,10
0.585990338,0.3,1.6,0
1.495118916,0.099415205,41.9,0
7.465991903,1,33.33333333,0
0,0,0,0
0,0,0,0
0,0,0,0
0.666666667,0,0,0
0,0,0,0
0.4,0.1,0,0
5.176495354,0.210826211,75.16426483,0
0,0,0,0
0,0,0,0
0,0,0,0
0,0,0,0
0,0,0,0
0,0,0,0
0,0,0,0
0,0,0,0
0,0,0,0
0,0,0,0
73.39527376,0.865116279,19.06666667,0
0,0,0,0
5.409964133,0.135632184,36.82431457,0
0.262776506,0.133333333,2.009090909,0
1.428571429,0,10,2
0,0,0,0
0,0,0,0
0,0,0,0
1,0,0,0
51.65876664,0.901811806,62.18383838,0
0.289962582,0.043956044,4.8,0
0,0,0,0
1.2,0,0.4,2
0,0,0,0
34.63520106,0.772727273,616.4964286,738
0.195488722,0.1,0,0
0,0,0,0
1,0,0,0
1.2,0,0.75,0
1.02047619,0.087912088,5.712121212,0
1.747727273,1,0.9,0
6.261111111,1,7.870707071,0
0,0,0,0
0,0,0,0
0.052082626,0.133333333,4.857142857,0
0,0,0,0
14.59029286,0.524312896,165.3655678,0
0,0,0,0
0,0,0,0
1,0,0,0
0,0,0,0
3.687567504,0.062195122,21.28134921,0
0,0,0,0
0.303802864,0.083333333,7,0
0.666666667,0,6,0
0,0,0,0
0.134584756,0.142857143,13.6,0
0,0,0,0
5.711363636,1,15.51428571,0
0,0,0,0
6.401879699,0.338235294,34.24801587,0
1.603571429,0.5,4.285714286,0
0,0,0,0
0,0,0,0
1,0,0,0
0,0,0,0
5.339298661,0.551282051,39.20039683,0
0,0,0,0
0,0,0,0
1.576190476,0.166666667,8.4,0
0,0,0,0
0.127903144,0.133333333,10.14285714,0
0,0,0,0
0.734984214,0.272727273,17.625,0
0,0,0,0
4.256493506,0.163398693,45.91073926,110
0,0,0,0
0,0,0,0
1.472736414,0.288888889,28.55,0
28.04929842,0.628985507,327.4320997,0
0,0,0,0
28.08176181,0.942857143,351.7666667,0
0,0,0,0
0.788888889,0.5,0,0
0,0,0,0
0,0,0,0
1,0,7.333333333,0
1,0,0,0
0.042342342,0.166666667,2,0
1.428571429,0,3,0
0,0,0,0
0,0,0,0
0,0,0,0
0,0,0,0
0,0,0,0
0.666666667,0,0,0
0,0,0,0
23.60308032,0.77540107,50.16666667,0
0,0,0,0
0.09610984,0.166666667,3.5,1
0,0,0,0
0,0,0,0
15.2465375,0.721014493,57.33333333,0
0,0,0,0
77.88653417,1,19.06666667,0
0,0,0,0
0,0,0,0
0.305975971,0.3,9.111111111,0
0,0,0,0
0,0,0,0
0,0,0,0
1,0,4.571428571,0
0,0,0,0
0,0,0,0
0.666666667,0,0,0
0,0,0,0
0,0,0,0
78.62456488,1,165.7333333,0
0.702298851,0.5,6.571428571,0
0,0,0,0
29.98068248,0.792682927,325.1608709,0
0,0,0,0
0,0,0,0
0,0,0,0
0,0,0,0
0.097575758,0.166666667,0,0
0,0,0,0
0.353623188,0.028571429,76,0
0,0,0,0
0,0,0,0
0,0,0,0
0,0,0,0
2.297101449,0.090909091,9.818181818,0
2,1,0,0
0,0,0,0
0,0,0,0
0,0,0,0
0,0,0,0
0,0,0,0
0.623444742,0.111111111,13.66666667,2
0,0,0,0
0,0,0,0
28.60182541,0.681818182,446.2666667,578
0,0,0,0
2.17027417,0.4,2.595588235,0
0,0,0,0
2.603571429,0.08974359,22.57371795,0
3.223903885,0.320512821,17.22222222,0
1.443478261,0.333333333,2.5,0
1.587962963,0.047619048,2.694444444,0
0.666666667,0,4.5,0
0.55952381,0.333333333,0,0
0,0,0,0
0,0,0,0
0,0,0,0
3.990641139,0.184946237,144.825,0
0.128401361,0.166666667,0,0
1.154761905,0.266666667,5.313131313,0
47.58679265,0.455475225,953.3265901,0
0.666666667,0,0,0
0.042293233,0.166666667,2.009090909,0
0,0,0,0
0,0,0,0
0,0,0,0
6.202765948,0.466666667,48.88744589,0
77.39887985,0.975308642,19.06666667,0
0.666666667,0,1.5,0
0,0,0,0
2.717171717,0.333333333,14.75,0
0,0,0,0
0,0,0,0
0.478686636,0.2,5,0
1.438596491,1,0,0
1.814484127,0.133333333,6.666666667,0
0.685714286,0.2,34,0
77.88653417,1,19.06666667,0
0,0,0,0
0,0,0,0
0,0,0,0
0,0,0,0
6.164285714,0.711111111,4.583333333,0
0,0,0,0
0,0,0,0
1.884920635,0.533333333,2,0
1.562354312,0.2,14.25,0
0,0,0,0
0,0,0,0
0,0,0,0
0,0,0,0
0,0,0,0
0.118875086,0.333333333,0,0
77.39887985,0.975308642,19.06666667,0
0.666666667,0,5.2,0
0,0,0,0
0,0,0,0
5.334758772,0.40952381,27.35171569,0
0,0,0,0
0.4,0.333333333,4,0
0,0,0,0
0,0,0,0
5.421428571,1,8.533333333,0
1,0,0,0
0,0,0,0
0,0,0,0
4.165151515,0.511111111,10,0
0,0,0,0
2.027324902,0.051282051,43.5,18
0,0,0,0
9.963235294,0.758333333,69.29047619,0
0,0,0,0
0,0,0,0
0,0,0,0
0,0,0,0
0,0,0,0
6.137489761,0.383597884,103.3928571,36
0.023823029,0.005263158,0,0
0,0,0,0
1.532887585,0.377777778,17.85714286,0
2.50530303,0.9,5.3,0
1.943358797,0.527777778,17.25,0
0,0,0,0
0,0,0,0
0,0,0,0
77.88653417,1,19.06666667,0
0.614906832,0.107142857,4.354761905,0
40.30925454,0.801639344,835.647619,0
1.333333333,0,18,0
0,0,0,0
0,0,0,0
0,0,0,0
0.666666667,0,0,0
0,0,0,0
5.303030303,0.622222222,20.66666667,2.25
2.856537538,0.34502924,93.5,0
0,0,0,0
0.294589372,0.045454545,7.166666667,0
0,0,0,0
1.539645046,0.125,10.3515873,0
0.236111111,0.166666667,3.5,0
0,0,0,0
0,0,0,0
1.026111111,0.104761905,13.30701754,0
50.81295956,0.400959646,1900.590476,0
0.790909091,1,2.4,0
0,0,0,0
0,0,0,0
0,0,0,0
77.39887985,0.975308642,19.06666667,0
6.233851116,0.376190476,19.91666667,0
0,0,0,0
30.83880742,0.876876877,249,0
14.32914218,0.482954545,123.8277778,0
0,0,0,0
0,0,0,0
0,0,0,0
1.451279408,0.1,12.33333333,0
0,0,0,0
2.27835777,1,4.357142857,0
4.31780303,0.318181818,21.61669409,0
0,0,0,0
0,0,0,0
0.129554656,1,2,0
0,0,0,0
0,0,0,0
5.303030303,0.622222222,20.66666667,4
0.666666667,0,6.666666667,0
1,0,8.5,0
0,0,0,0
0,0,0,0
3.357142857,0.124338624,29.11547619,0
0,0,0,0
0.183333333,0.166666667,2,0
5.247789143,0.415204678,105.2261905,20
1,0.666666667,0.583333333,0
10.54114888,0.885714286,78.66666667,2
1.887911663,0.205128205,27.46587302,0
0,0,0,0
0,0,0,0
0,0,0,0
0,0,0,0
0.666666667,0,0,0
0,0,0,0
1.6,0,38.5,0
0,0,0,0
0,0,0,0
0,0,0,0
0,0,0,0
53.4615242,1,54.32777778,0
0,0,0,0
25.87425253,0.751282051,808,236
0,0,0,0
0,0,0,0
1,0,4,0
0,0,0,0
0.712287712,0.266666667,2.114285714,0
4.086111111,0.678571429,5.583333333,0
0.1806751,0.6,2.694444444,0
0,0,0,0
77.88653417,1,19.06666667,0
2.007142857,0.380952381,6.4,0
0,0,0,0
0.666666667,0,1.818181818,0
0,0,0,0
0,0,0,0
0,0,0,0
0,0,0,0
0,0,0,0
0,0,0,0
0.244930202,0.055555556,2.658333333,0
0,0,0,0
0.064541294,0.133333333,0,0
1.22270798,0.333333333,3.666666667,0
6.516479263,0.401515152,235.4333333,0
1.438596491,1,0,0
0.444444444,0.333333333,0.833333333,0
0,0,0,0
0,0,0,0
0.065151515,0.166666667,2,0
0,0,0,0
1.841593098,0.021978022,28.5,0
3.333613445,0.357142857,16.41666667,0
0,0,0,0
0,0,0,0
5.162407572,0.185714286,65.94488048,0
0,0,0,0
0,0,0,0
0,0,0,0
0,0,0,0
0,0,0,0
0,0,0,0
0,0,0,0
0,0,0,0
2.943408367,0.320512821,10.20714286,0
0,0,0,0
0,0,0,0
3.902159369,0.490909091,17.22222222,0
0,0,0,0
0,0,0,0
0,0,0,0
0,0,0,0
0,0,0,0
4.608695652,0.209486166,38.76785714,0
0,0,0,0
0,0,0,0
1.356248824,0.380952381,4.33002962,0
2.19532504,0.00294039,90.66666667,0
77.42145436,0.975617284,19.06666667,0
0,0,0,0
0.028594771,0.066666667,2.5,0
0.5,0.071428571,7.8,0
1.333333333,0,0,0
0.958064041,0.068421053,40.66666667,0
2.908695652,0.157894737,98,0
0,0,0,0
0,0,0,0
0.45,1,0.625,0
0,0,0,0
0,0,0,0
0,0,0,0
0,0,0,0
0,0,0,0
0,0,0,0
0,0,0,0
7.015991903,0.681818182,16.7952381,0
6.066666667,0.777777778,7.870707071,0
0.75,1,2.75,0
0.216666667,1,2.694444444,0
0.666666667,0,5.428571429,0
10.39615385,1,81.16666667,0
1.093073593,1,11.80952381,2
1,0,3,0
0,0,0,0
1.907064705,0.142857143,24.5,0
0.15,0.166666667,0,0
0,0,0,0
0.256666667,0.166666667,2.266666667,0
0,0,0,0
0,0,0,0
1.333333333,0,1.454545455,0
0,0,0,0
0,0,0,0
38.71022938,0.565068493,929.9666667,0
0,0,0,0
0,0,0,0
0,0,0,0
0,0,0,0
17.81685282,0.552552553,359.9166667,330
0,0,0,0
0,0,0,0
5.633585859,1,19.93809524,0
0,0,0,0
0,0,0,0
0,0,0,0
0,0,0,0
1.831514722,0.071428571,2.114285714,0
0,0,0,0
1,0,0,0
0,0,0,0
0,0,0,0
0,0,0,0
0,0,0,0
0.539655423,0.583333333,90,12
0,0,0,0
0,0,0,0
0,0,0,0
13.97425254,0.427807487,87.66666667,0
1.011904762,0.238095238,18.93073593,0
0,0,0,0
0.666666667,0,0,0
41.28882115,0.870835769,995.6833333,0
0,0,0,0
0.584330484,0.138888889,2.05,0
4.532127815,0.184210526,35.2736569,0
0,0,0,0
0,0,0,0
0,0,0,0
1,0,0,0
29.47171485,0.814102564,473,578
0,0,0,0
0.522498554,0.064102564,11.88034188,0
0,0,0,0
0,0,0,0
1,0,0,0
0,0,0,0
0.108974359,1,3.333333333,0
0,0,0,0
0,0,0,0
1.557741061,0.5,13.16666667,0
0,0,0,0
0,0,0,0
0.239254109,0.002212389,28.44444444,0
0,0,0,0
1,0,0,0
8.01259731,0.586206897,129.5,0
0.549390798,0.045751634,0,0
2.824197389,0.017514124,36.41048119,0
0.568478261,0.2,3.516666667,0
0,0,0,0
0,0,0,0
3.090909091,0.327272727,5.45996732,0
0,0,0,0
0,0,0,0
1.2,0,6.8,0
0,0,0,0
1.75,0.047619048,2,0
1.144230769,1,0,0
27.95337057,0.715447154,407.8333333,612
27.05296118,0.705882353,306.0030497,0
0,0,0,0
4.133157895,0.6,14.94757348,0
6.025,0.964285714,4.583333333,0
20.35713898,0.710227273,154,0
0,0,0,0
1.566666667,1,0,0
0,0,0,0
1.666666667,0.333333333,3.785714286,0
2.548611111,0.380952381,3.933333333,0
0,0,0,0
0,0,0,0
38.21765582,0.653146853,791.6,466
0,0,0,0
1.2,0,1.25,0
2.103665171,0.212121212,7.45,0
31.02080988,0.821862348,138.5277778,0
0.095238095,0.166666667,0,0
0,0,0,0
1.325048733,0.076023392,11.16984127,0
0,0,0,0
7.465991903,1,16.7952381,0
2.127996273,0.090909091,17.95238095,0
0,0,0,0
3.151055045,0.333333333,13.17822129,10
0,0,0,0
0,0,0,0
4.112489286,0.666666667,24.9047619,0
0,0,0,0
0,0,0,0
0,0,0,0
1.487997251,0.1,2.355555556,0
0.191666667,0.035714286,2.321428571,0
0,0,0,0
0.083333333,0.166666667,0,0
10.30371148,1,61.35194805,0
0,0,0,0
0,0,0,0
0,0,0,0
1,0,0,0
0,0,0,0
0,0,0,0
22.86948941,0.883855981,551.65,0
0,0,0,0
0,0,0,0
12.51393728,0.473544974,45.98623263,0
20.01533325,0.374025974,376.602381,236
1.951388889,0.095238095,11.78939394,32
0,0,0,0
0,0,0,0
0,0,0,0
0.02270798,0.066666667,0,0
0,0,0,0
28.87368545,0.870554765,741.1666667,0
0,0,0,0
4.47067207,0.944444444,54.75,17.33333333
0,0,0,0
0,0,0,0
2.617143572,0.6,16.4982684,52.5
0,0,0,0
0.433837535,0.142857143,11.25,0
0.892139487,0.545454545,16.16666667,0
0,0,0,0
0,0,0,0
0,0,0,0
2.565079365,1,7.8,0
0.772727273,0.111111111,2.033333333,0
0,0,0,0
38.46379786,0.662470862,453.3491564,0
0.696969697,0.5,2.9,0
38.02182851,0.650480769,609.5309385,0
0,0,0,0
1.861111111,0.095238095,2.9,0
0,0,0,0
0,0,0,0
0,0,0,0
0,0,0,0
1.865384615,0.266666667,16.43333333,0
0,0,0,0
0,0,0,0
0,0,0,0
0,0,0,0
5.797437244,0.282608696,59.89285714,0
10.3705518,0.638655462,348.5,0
4.501538462,0.181538462,56.79761905,0
0,0,0,0
77.39887985,0.975308642,19.06666667,0
0,0,0,0
0.666666667,0,0,0
0,0,0,0
1.467203339,0.151515152,10.85952381,0
5.6,0.622222222,11.44444444,0
0,0,0,0
0,0,0,0
0,0,0,0
14.3566488,0.613333333,125.5558442,102
0,0,0,0
0.360400517,0.142857143,0,0
3.266222611,0.095238095,7.146052632,0
1.688612998,0.142857143,43.33333333,0
3.379945799,0.053763441,41.06319073,0
0,0,0,0
1.428571429,0,13,0
0,0,0,0
0,0,0,0
0,0,0,0
2.333333333,1,6.666666667,0
0,0,0,0
4.507256852,0.53030303,48.91428571,2
1.2,0,3,0
1,0,0,0
1.58030303,0.6,8.15,0
0,0,0,0
1.734387352,0.133333333,12.5,0
1.969531286,0.416666667,24.87229437,0
0,0,0,0
27.89578393,0.642424242,557,0
0,0,0,0
0,0,0,0
11.59173111,0.43655914,211.6692301,0
0,0,0,0
0,0,0,0
2.298665782,0.238095238,16.5382392,0
2.55372807,1,21.10119048,2
0,0,0,0
0,0,0,0
0,0,0,0
1.92411204,0.130718954,47.95,0
0,0,0,0
0,0,0,0
0.08125,0.333333333,0,0
0.317783094,0.036363636,0,0
0.666666667,0,6,0
29.96059389,0.89047619,178,0
14.20220529,0.542328042,101.5357143,0
0.666666667,0,0,0
0,0,0,0
6.066666667,0.777777778,10.58888889,0
0,0,0,0
77.88653417,1,19.06666667,0
0,0,0,0
0,0,0,0
0,0,0,0
0.35,0.133333333,4.5,0
0.666666667,0,0,0
0,0,0,0
0,0,0,0
0,0,0,0
0,0,0,0
0,0,0,0
0.16025641,0.1,2.321428571,0
0,0,0,0
72.57037375,0.845228549,181.7666667,0
0,0,0,0
0.296593615,0.666666667,4.416666667,0
0,0,0,0
0.201923077,0.035714286,7.5,0
0,0,0,0
0.256666667,0.166666667,1.666666667,0
0,0,0,0
1.3875,0.333333333,6.666666667,0
0,0,0,0
0,0,0,0
0,0,0,0
0.333333333,0.066666667,0,0
0,0,0,0
1.901875902,0.5,0,0
1.438596491,1,0,0
27.73644653,0.765384615,282.1761905,0
0,0,0,0
0,0,0,0
1,0,0,0
0,0,0,0
0,0,0,0
0,0,0,0
0.306403329,0.142857143,8.166666667,0
0,0,0,0
20.92459644,0.618083671,358.25,0
1.429374732,0.218181818,9.28968254,0
6.67462781,0.632352941,201,36
2,0.095238095,15.33333333,10
9.604333812,0.676470588,57.55,2
0.030952381,0.166666667,2.033333333,0
1,0,0,0
0.089912281,0.047619048,3.5,0
0,0,0,0
0,0,0,0
0.021428571,1,1.25,0
0,0,0,0
0.32739726,0.107142857,7.089285714,2
0,0,0,0
0.044758065,0.1,5,0
0,0,0,0
0,0,0,0
0,0,0,0
0,0,0,0
0,0,0,0
0,0,0,0
22.6694412,0.399350649,342.4611111,0
4.2,0.466666667,9.6,0
0,0,0,0
2.107564948,0.178571429,23.23333333,38
0,0,0,0
2.580357143,0.5,16.40833333,24
0,0,0,0
0,0,0,0
0,0,0,0
0,0,0,0
0,0,0,0
0,0,0,0
0.371428571,0.044444444,3.25,0
0.046653144,0.1,10.16666667,0
0,0,0,0
3.899087024,0.611111111,19.05,26.25
0,0,0,0
0,0,0,0
1.666666667,0.333333333,4.05,0
0,0,0,0
0,0,0,0
0,0,0,0
0,0,0,0
0,0,0,0
0,0,0,0
10.48140862,1,43.47380952,0
8.300172394,0.791666667,65,2
1.754520969,0.333333333,15.49545455,0
0,0,0,0
0,0,0,0
3.788286894,0.243589744,64.05357143,0
8.345376575,0.730769231,47.50595238,0
0,0,0,0
0,0,0,0
5.780952381,0.666666667,9.416666667,2
0,0,0,0
8.550857466,0.764705882,39.33333333,0
3.434440559,0.381818182,5.083333333,0.5
0,0,0,0
0,0,0,0
0,0,0,0
0,0,0,0
0,0,0,0
0,0,0,0
0,0,0,0
0,0,0,0
0,0,0,0
3.185990338,0.166666667,73.34761905,0
0,0,0,0
0.022795699,0.333333333,10,0
3.775252525,0.381818182,5.583333333,0
0,0,0,0
0,0,0,0
0,0,0,0
0,0,0,0
0.125490196,0.1,3.5,0
0,0,0,0
13.00243299,0.836842105,64.83333333,0
0,0,0,0
0,0,0,0
1,0,2.5,0
0,0,0,0
0,0,0,0
0,0,0,0
0,0,0,0
0,0,0,0
2.980769231,0.177777778,31,0
0,0,0,0
0,0,0,0
0,0,0,0
3.500589685,0.125,32.09314863,0
0.085858586,0.027777778,5,0
0,0,0,0
0,0,0,0
0,0,0,0
1.428571429,0,4.727272727,0
0,0,0,0
1,0,0.933333333,0
1.221428571,0.4,4.666666667,0
1.2,0.3,0,0
0,0,0,0
0,0,0,0
0,0,0,0
0,0,0,0
1.142857143,0.19047619,7.033333333,0
1.166666667,0.5,0,0
0.500592885,0.5,2.017857143,0
5.395152971,0.321937322,63.89642857,0
1.805194805,0.095238095,5.843137255,0
2.592261905,0.133333333,7.333333333,0
0,0,0,0
4.875361545,0.709090909,38.35947712,0
0,0,0,0
1.158333333,1,0,0
30.36441197,0.830725462,249,210
10.33485466,0.882352941,43.5,0
0,0,0,0
0,0,0,0
40.46474999,0.806557377,1328.333333,3912.5
0.314814815,0.002942195,19.7,0
0,0,0,0
0.067777778,0.018181818,3.48245614,0
13.90570694,0.916666667,112.7666667,150
0.265171817,0.178571429,4.303571429,0
0,0,0,0
4.235123612,0.166666667,27.81748529,0
0,0,0,0
53.4615242,1,54.32777778,0
27.30743778,0.77254902,659.0380952,3180
0,0,0,0
0.032894737,0.001422475,10.2,0
0.342857143,0.333333333,12.1,0
0,0,0,0
1.513245614,0.066666667,63,0
10.35097016,0.85380117,47.35912698,0
9.921428571,0.742857143,35.89880952,0
0.5,1,0,0
0,0,0,0
29.22123431,0.745644599,496.4666667,0
0,0,0,0
0.610526316,1,3,1
0,0,0,0
0,0,0,0
9.675454095,0.194570136,234.8643228,0
0,0,0,0
0.666666667,0,12,0
0,0,0,0
0,0,0,0
52.96183749,0.964912281,230,0
0.267340067,0.133333333,1,0
0,0,0,0
41.00171382,0.610884857,1337.366667,0
52.34629,0.931639443,244,0
0,0,0,0
3.033175888,0.294871795,24.73762626,0
0.23030303,0.1,6.266666667,0
53.4615242,1,54.32777778,0
0,0,0,0
0,0,0,0
0.735714286,0.666666667,3.491346154,0
0.056547619,0.1,0,0
0,0,0,0
0.061059234,0.333333333,2.142857143,0
0,0,0,0
0,0,0,0
0,0,0,0
0,0,0,0
0,0,0,0
0.666666667,0,0,0
30.47450543,0.866366366,75.75,0
0,0,0,0
0,0,0,0
0,0,0,0
6.459021328,0.59047619,54.58528139,0
0.901149425,0.066666667,8.873809524,0
0,0,0,0
0,0,0,0
0,0,0,0
0,0,0,0
1.802657155,0.036363636,4.533333333,0
1.333333333,0,0,0
0,0,0,0
0,0,0,0
77.39887985,0.975308642,19.06666667,0
0,0,0,0
0,0,0,0
0,0,0,0
0.766666667,0.2,3,0
0,0,0,0
0.23788577,0.095238095,1.142857143,0
0,0,0,0
0.355699856,0.5,10.4,0
0.631810451,0.142857143,6.8,0
1.128571429,0.087912088,7.692857143,0
6.612145749,0.576923077,43,0
0,0,0,0
77.39887985,0.975308642,19.06666667,0
0,0,0,0
2.705714286,0.6,2.056140351,0
0,0,0,0
0,0,0,0
1,0,0,0
0,0,0,0
77.88653417,1,19.06666667,0
0,0,0,0
0,0,0,0
0,0,0,0
0,0,0,0
0.666666667,0,0,0
0,0,0,0
0.666666667,0,1.636363636,0
0,0,0,0
0,0,0,0
1,0.3,2.033333333,0
0,0,0,0
2.34800898,0.090909091,23.75,0
12.27011034,0.554347826,85.22857143,0
0,0,0,0
0,0,0,0
0,0,0,0
14.40402034,0.868421053,66.50396446,80
0,0,0,0
0,0,0,0
1.666666667,0.166666667,10.33333333,0
0,0,0,0
10.29569434,0.866666667,61.5,0
53.4615242,1,54.32777778,0
0,0,0,0
0,0,0,0
1.491666667,0.333333333,4.783333333,0
0,0,0,0
0,0,0,0
3.864364802,0.785714286,7.75,0
15.689409,0.474603175,215.5714286,0
12.08650478,0.294197031,75.93078211,0
0,0,0,0
1.694285714,0.022222222,2,0
1.457407407,1,2.166666667,0
0,0,0,0
0,0,0,0
0,0,0,0
2.904781314,0.117647059,4.533333333,0
0,0,0,0
1.2,0,2,0
0,0,0,0
0,0,0,0
0,0,0,0
4.998938632,0.65,59.79606782,0
0.257142857,0.014285714,6.428571429,0
2.473484848,0.108695652,20.05277778,0
0,0,0,0
0,0,0,0
0,0,0,0
0.904761905,0.5,2.875,0
0,0,0,0
76.74415698,0.952423969,225.4166667,0
53.4615242,1,54.32777778,0
77.39887985,0.975308642,19.06666667,0
0,0,0,0
0,0,0,0
1.419047619,0.4,7.033333333,0
0,0,0,0
0,0,0,0
0,0,0,0
0.8375,0.178571429,9.857142857,0
0,0,0,0
1.2,0,3.571428571,8
0,0,0,0
0,0,0,0
23.2435186,0.497959184,400.368254,254
0,0,0,0
0,0,0,0
0.432692308,0.5,0,0
0,0,0,0
0,0,0,0
1.038961039,0.052380952,73,0
1,0,0,0
0.55,0.333333333,3.333333333,0
0,0,0,0
0,0,0,0
0.660714286,0.333333333,0.8,0
0,0,0,0
0,0,0,0
0,0,0,0
53.4615242,1,54.32777778,0
0,0,0,0
0,0,0,0
0,0,0,0
6.712124476,0.65,41.33333333,6
0.763450292,0.066666667,24.91666667,0
0,0,0,0
0,0,0,0
0.999121651,0.065359477,2.102272727,0
53.4615242,1,54.32777778,0
0.990909091,0.4,2.266666667,0
0,0,0,0
68.48553131,0.744740533,209.7666667,0
0,0,0,0
0,0,0,0
0,0,0,0
0.215909091,1,0,0
0.093073593,0.066666667,5.843137255,0
0,0,0,0
0,0,0,0
53.4615242,1,54.32777778,0
0,0,0,0
0,0,0,0
1.333333333,0,0,0
