0,0,0,0
0.210364146,0.133333333,0,0
0,0,0,0
2.576014456,0.108870968,140.6666667,0
0,0,0,0
0,0,0,0
0,0,0,0
0.726190476,0.5,2.321428571,0
0,0,0,0
0,0,0,0
0,0,0,0
0.060714286,0.004761905,3.333333333,0
0,0,0,0
0,0,0,0
0,0,0,0
0,0,0,0
0,0,0,0
0,0,0,0
0.538344988,0.3,0,0
0,0,0,0
0,0,0,0
0,0,0,0
2.018556999,0.464285714,16.34199918,0
0,0,0,0
0.013922896,0.166666667,0,0
0,0,0,0
0,0,0,0
0,0,0,0
0,0,0,0
0.054004577,0.333333333,0,0
0,0,0,0
0,0,0,0
0,0,0,0
0,0,0,0
0,0,0,0
0.821877462,0.228571429,27.83051948,0
0,0,0,0
0,0,0,0
0,0,0,0
0,0,0,0
0,0,0,0
0,0,0,0
0,0,0,0
0,0,0,0
0,0,0,0
0,0,0,0
0,0,0,0
0.116919551,0.5,7.5,0
0.739393939,0.5,21,0
0,0,0,0
0,0,0,0
0,0,0,0
0,0,0,0
0.153475643,0.095238095,3.035897436,0
0,0,0,0
0,0,0,0
0.25,1,7.333333333,0
0,0,0,0
0,0,0,0
0,0,0,0
0,0,0,0
0,0,0,0
7.962498651,0.095238095,454.3016872,0
0.309368192,0.010695187,8.738095238,1
0,0,0,0
0,0,0,0
0,0,0,0
0,0,0,0
0,0,0,0
1.557877566,0.093596059,65.21626984,0
0,0,0,0
0,0,0,0
0.517098039,0.138888889,6.105194805,0
0,0,0,0
0,0,0,0
0,0,0,0
0,0,0,0
0.642857143,0.133333333,5.066666667,0
0,0,0,0
0.123611111,1,0,0
0,0,0,0
0,0,0,0
0,0,0,0
0,0,0,0
0,0,0,0
0,0,0,0
0,0,0,0
0,0,0,0
0.039477342,0.047619048,2.6,0
0,0,0,0
1.916666667,0.083333333,8.625,0
0,0,0,0
0,0,0,0
0,0,0,0
1.318409128,0.266666667,47.07936508,0
0,0,0,0
0,0,0,0
0.149753695,1,2.9,0
2.542307781,0.431578947,66.61538462,0
0,0,0,0
0,0,0,0
0,0,0,0
0,0,0,0
0,0,0,0
0,0,0,0
0.194444444,1,3.333333333,0
0,0,0,0
0,0,0,0
0.089285714,0.166666667,2.666666667,0
0,0,0,0
0,0,0,0
0,0,0,0
0,0,0,0
0,0,0,0
0.715056068,0.357142857,10.40833333,0
0,0,0,0
0,0,0,0
0,0,0,0
0,0,0,0
0,0,0,0
0,0,0,0
0.081788327,0.133333333,25,0
0.123396583,0.5,10.17261905,0
0.975026252,0.277777778,27.26388889,0
0,0,0,0
0,0,0,0
0,0,0,0
0,0,0,0
0,0,0,0
0,0,0,0
0,0,0,0
0,0,0,0
0,0,0,0
0.466131907,0.3,2.8,0
0.41989677,0.166666667,4.031385281,0
0.502870704,0.166666667,5.25,0
0,0,0,0
0,0,0,0
0.652667601,0.112554113,19.94505495,0
0.21978022,0.047619048,0.454545455,0
2.578266178,0.8,12.36666667,0
0,0,0,0
0,0,0,0
0,0,0,0
0,0,0,0
0,0,0,0
0.37471762,0.072727273,8.6,0
0,0,0,0
0,0,0,0
0,0,0,0
3.244283108,0.136302294,53.44722222,0
0,0,0,0
0,0,0,0
0.30952381,0.066666667,1.2,0
0,0,0,0
0,0,0,0
0,0,0,0
0.233333333,0.009195402,0.966666667,0
0,0,0,0
0,0,0,0
0.249150849,0.666666667,35,0
0,0,0,0
0,0,0,0
1.022222222,0.3,0,0
0.420512821,0.333333333,3.416666667,0
0,0,0,0
0,0,0,0
0,0,0,0
0,0,0,0
0,0,0,0
0,0,0,0
3.168585321,0.095305832,77.43452381,0
0.197128542,0.055555556,6.5,0
0,0,0,0
0,0,0,0
2.026819923,0.124183007,46.24350013,0
0,0,0,0
0,0,0,0
0,0,0,0
0,0,0,0
0,0,0,0
0,0,0,0
0,0,0,0
0,0,0,0
0,0,0,0
0,0,0,0
0,0,0,0
0.089285714,0.333333333,0.727272727,0
1.342687747,0.073684211,14.94285714,0
0,0,0,0
0.32,0.013333333,11.87738095,2
0,0,0,0
0,0,0,0
0,0,0,0
0.423056567,0.218181818,27.71428571,0
0,0,0,0
0.098601399,0.018181818,2.128571429,0
0,0,0,0
0.025062657,0.333333333,2.033333333,0
0.073260073,0.1,1,0
0,0,0,0
0.134571378,0.5,3.1,0
0,0,0,0
0,0,0,0
0.261363636,0.166666667,2,0
0,0,0,0
0,0,0,0
0,0,0,0
0.45,0.166666667,0.428571429,0
0.097059507,0.155555556,9,0
0,0,0,0
0,0,0,0
0,0,0,0
0,0,0,0
0.103567319,0.166666667,2.083333333,0
0.451972898,0.032608696,32.2,0
0,0,0,0
0.079937304,0.1,11,0
0.781818182,1,2.114285714,0
1.716518076,0.108465608,165.3333333,0
0,0,0,0
0,0,0,0
0.722843823,0.3,6.463636364,0
0,0,0,0
0,0,0,0
0.490764791,0.083333333,2.5,0
0.126811594,0.166666667,0,0
0.173809524,0.066666667,2.207792208,0
0.5,0.166666667,2.25,0
0,0,0,0
0.145072464,0.4,7.666666667,0
0.169249953,0.2,4.833333333,0
2.192348581,0.461538462,129.5238095,0
6.538468456,0.422988506,219.5119048,0
0,0,0,0
0,0,0,0
0.416666667,0.333333333,3.8,0
7.889321907,0.339015152,283.3675214,0
0,0,0,0
0,0,0,0
0,0,0,0
0,0,0,0
0,0,0,0
0.135248232,0.476190476,14.33333333,0
0,0,0,0
0,0,0,0
3.051282051,0.416666667,16.61666667,0
0,0,0,0
0,0,0,0
0.510344828,0.003544061,31.03333333,0
1.571898217,0.114285714,16.72944862,0
0,0,0,0
0,0,0,0
1.74897679,0.084126984,45.12520535,0
0,0,0,0
0,0,0,0
0,0,0,0
0.261538462,0.00202743,36.99047619,4.5
0,0,0,0
0,0,0,0
0,0,0,0
0,0,0,0
0,0,0,0
0,0,0,0
0,0,0,0
0,0,0,0
0,0,0,0
0,0,0,0
0,0,0,0
0,0,0,0
1.426136364,0.25,5.666666667,0
0.025641026,0.166666667,0,0
0,0,0,0
0,0,0,0
0.380434783,0.045454545,0,0
0.544365972,0.269230769,14.75887446,0
0,0,0,0
0,0,0,0
0,0,0,0
0.564102564,0.088888889,9.875,0
0,0,0,0
0,0,0,0
0.154664993,0.5,10.33549784,0
0,0,0,0
3.217528151,0.05819209,91.31367244,0
0,0,0,0
0,0,0,0
0,0,0,0
0,0,0,0
0.505952381,0.133333333,2,0
0,0,0,0
0,0,0,0
0.675699478,0.176470588,46.75,0
0,0,0,0
0.012578616,0.333333333,0,0
0.199074074,0.333333333,1,0
0,0,0,0
0.260526316,0.166666667,2.333333333,0
0.177777778,0.166666667,2.013888889,0
0,0,0,0
1.077259214,0.128205128,8.831578947,0
0,0,0,0
0,0,0,0
0.126315789,0.022222222,1.5,0
0,0,0,0
0.788095238,0.3,13,0
0.21978022,0.166666667,2.628205128,0
0,0,0,0
0,0,0,0
0,0,0,0
0.173611111,0.333333333,2.063492063,0
0,0,0,0
0.166666667,0.166666667,0.541666667,0
0,0,0,0
0,0,0,0
0,0,0,0
0,0,0,0
0,0,0,0
0,0,0,0
0,0,0,0
0,0,0,0
0.031432749,0.333333333,0,0
5.815008481,0.151020408,235.8455628,0
0,0,0,0
0.156565657,0.047619048,0,0
0,0,0,0
0,0,0,0
0.030952381,0.166666667,2.04040404,0
0,0,0,0
0,0,0,0
4.450987687,0.223529412,179.7166667,0
0,0,0,0
1.428571429,0.238095238,0,0
0,0,0,0
0,0,0,0
2.612548982,0.069767442,83.06111389,0
4.266423105,0.35,29.7734127,0
0.126811594,1,0,0
0,0,0,0
0.847349575,0.511111111,21.45829726,0
0,0,0,0
0,0,0,0
1.016703308,0.171428571,49.58333333,0
0,0,0,0
0,0,0,0
1.5,0.5,1.6,0
0,0,0,0
0,0,0,0
0.373968632,0.087912088,11.4718254,0
0,0,0,0
0,0,0,0
0,0,0,0
0,0,0,0
0.224697558,0.222222222,10.29285714,0
0,0,0,0
0.45,0.166666667,3.5,0
0.625757576,0.072727273,29,0
0.533333333,0.333333333,2.640151515,0
0.764134416,0.076923077,0,0
0,0,0,0
0.366285132,0.142857143,4.327838828,0
0,0,0,0
0,0,0,0
0,0,0,0
0,0,0,0
0,0,0,0
0.5,0.166666667,2.033333333,0
0,0,0,0
12.05238471,0.118246687,811.3438978,0
0.557291415,0.111111111,43.72987013,0
0,0,0,0
0,0,0,0
0.342857143,0.333333333,1.75,0
0,0,0,0
0,0,0,0
0,0,0,0
0,0,0,0
1.476478924,0.153846154,12.65261438,2
0,0,0,0
0.224837662,0.333333333,0,0
0.163690476,0.047619048,0,0
0,0,0,0
0,0,0,0
0.142736195,0.025641026,1.666666667,0
0,0,0,0
0,0,0,0
0,0,0,0
0.266666667,0.166666667,2.9,0
0,0,0,0
0,0,0,0
0.328708902,0.25,4.437229437,0
0,0,0,0
0,0,0,0
0,0,0,0
0.340909091,1,2,0
0,0,0,0
0,0,0,0
0,0,0,0
0,0,0,0
0,0,0,0
0.71136585,0.110294118,4.55,0
0.105994734,0.266666667,4.773809524,0
0.566679563,0.058823529,35.23333333,0
0.14220297,0.001898734,9.2,0
4.484133463,0.048539519,245.562334,0
0.246074041,0.142857143,0,0
0,0,0,0
0.449512622,0.243589744,14.20508658,0
0,0,0,0
0,0,0,0
0,0,0,0
0,0,0,0
0,0,0,0
0,0,0,0
0,0,0,0
0,0,0,0
0.439566823,0.25,2.5,0
0.061507937,0.066666667,0.714285714,0
0,0,0,0
0,0,0,0
0,0,0,0
0.229168014,0.380952381,4.303113553,0
0.112,0.000903226,15.71666667,0
0,0,0,0
0,0,0,0
0.35,0.333333333,2.083333333,0
0,0,0,0
0,0,0,0
0,0,0,0
2.738711229,0.122507123,54.4,0
0,0,0,0
0,0,0,0
0.483636364,0.02173913,5.727272727,0
0.4,0.1,5.333333333,0
0,0,0,0
0.757936508,0.2,5.233333333,0
0,0,0,0
0,0,0,0
0,0,0,0
0,0,0,0
0.135248232,0.666666667,6.333333333,0
0.061902115,0.133333333,3,0
0.342857143,1,0,0
7.208301051,0.224021592,169.820845,0
0.146464646,0.047619048,2,0
0.034705882,0.333333333,5.083333333,0
0.29,0.333333333,2.60952381,0
0,0,0,0
0.062008282,0.2,6.6,0
1.666666667,0.666666667,0,0
0.361111111,0.333333333,0,0
0.43546798,0.095238095,5.25,0
0.124399953,0.054545455,0,0
0.023343766,1,0.333333333,0
5.215742578,0.200757576,110.9024337,0
0,0,0,0
4.287439996,0.143961353,101.237851,0
0,0,0,0
0,0,0,0
0,0,0,0
0,0,0,0
0,0,0,0
0,0,0,0
0,0,0,0
0,0,0,0
0.416666667,0.333333333,0,0
0,0,0,0
0,0,0,0
0.032407252,0.666666667,9,0
0.070238095,0.047619048,4.333333333,0
0.342857143,0.1,0,0
0,0,0,0
0.085149071,0.2,0,0
0,0,0,0
0,0,0,0
0,0,0,0
0,0,0,0
0.100810081,0.066666667,1.5,0
0,0,0,0
0,0,0,0
0,0,0,0
0,0,0,0
0,0,0,0
0,0,0,0
0.560639361,0.3,7.166666667,0
0.124542125,0.333333333,0,0
0,0,0,0
0.184210526,0.066666667,2.454545455,0
0,0,0,0
0.642857143,0.060606061,7.446428571,0
0,0,0,0
0,0,0,0
0,0,0,0
0.308929767,0.083333333,2.240384615,0
0.581548517,0.111111111,16.94102564,0
0,0,0,0
0,0,0,0
0.097222222,0.166666667,0,0
0,0,0,0
1.010538066,0.560606061,29.85989011,0
0,0,0,0
0,0,0,0
0,0,0,0
0,0,0,0
0,0,0,0
0,0,0,0
0,0,0,0
0,0,0,0
0,0,0,0
0,0,0,0
0,0,0,0
0,0,0,0
0,0,0,0
0.03546798,0.066666667,1.428571429,0
0,0,0,0
0.030864198,1,0,0
0,0,0,0
0.320833333,0.044444444,0,0
4.575669813,0.147502904,215.7166667,0
0,0,0,0
0,0,0,0
0,0,0,0
0.106666667,0.333333333,0,0
0,0,0,0
0,0,0,0
0.496037416,0.133333333,0,0
0.366666667,0.333333333,2,0
1.895833333,0.196969697,5,0
0,0,0,0
0,0,0,0
0,0,0,0
0,0,0,0
0,0,0,0
0.06872452,0.1,0,0
0,0,0,0
0,0,0,0
0,0,0,0
0.674561404,0.333333333,5.2,0
0,0,0,0
0,0,0,0
0.088932806,0.166666667,4.063157895,0
7.346053041,0.419354839,300.4474574,0
0,0,0,0
0,0,0,0
0,0,0,0
0,0,0,0
0,0,0,0
0,0,0,0
0,0,0,0
0,0,0,0
0,0,0,0
0,0,0,0
0,0,0,0
0.165019502,0.095238095,12.5,0
0,0,0,0
0,0,0,0
0,0,0,0
0,0,0,0
0,0,0,0
0,0,0,0
0,0,0,0
0,0,0,0
0.307692308,0.025641026,0,0
0,0,0,0
0,0,0,0
0,0,0,0
0.508475255,0.076923077,23,0
0,0,0,0
0,0,0,0
0,0,0,0
0,0,0,0
8.428889525,0.395256917,154.4,0
0,0,0,0
0.03546798,0.166666667,5,0
0,0,0,0
0,0,0,0
0,0,0,0
0,0,0,0
0,0,0,0
3.530430803,0.151515152,162.2738095,0
0,0,0,0
0,0,0,0
0,0,0,0
0,0,0,0
0,0,0,0
0,0,0,0
0,0,0,0
0,0,0,0
0,0,0,0
0,0,0,0
0.013599854,0.166666667,0.875,0
0,0,0,0
0,0,0,0
0.027886747,0.035714286,0,0
0,0,0,0
0,0,0,0
0,0,0,0
0,0,0,0
0.1625,0.022222222,6.333333333,0
0,0,0,0
0,0,0,0
0,0,0,0
0,0,0,0
0,0,0,0
0,0,0,0
1.207884563,0.054187192,15.07200957,0
1.946062981,0.2,43.12175325,0
0,0,0,0
0.78125,0.042105263,8.8,0
0.99720455,0.285714286,24.78571429,0
0.073109244,1,3.857142857,0
0,0,0,0
0.18358396,0.666666667,0,0
0,0,0,0
0,0,0,0
0,0,0,0
0,0,0,0
0,0,0,0
0.154589372,0.333333333,1.454545455,0
0.826190476,0.4,8.644117647,0
0,0,0,0
0,0,0,0
0.237743215,0.25,15.75378788,0
0,0,0,0
0,0,0,0
0.112987013,0.166666667,0,0
0.13193772,0.19047619,3.74512987,0
0,0,0,0
0,0,0,0
0,0,0,0
0,0,0,0
0,0,0,0
0.479266497,0.192307692,25.73333333,0
0,0,0,0
0,0,0,0
0,0,0,0
0,0,0,0
0.902184004,0.013608428,61.26410256,0
0,0,0,0
0,0,0,0
0.342857143,1,2,0
0.583333333,0.333333333,4.25,0
0,0,0,0
0,0,0,0
0,0,0,0
0,0,0,0
0.693493761,0.045751634,13.69047619,25
0,0,0,0
0,0,0,0
0,0,0,0
0.138513514,1,2.5,0
0,0,0,0
0,0,0,0
0,0,0,0
0.361204013,0.038461538,0.714285714,0
0,0,0,0
0,0,0,0
0.481932773,0.060606061,2.595588235,0
0,0,0,0
0.975718726,0.106060606,2,0
6.962235797,0.340229885,258.7888278,0
0,0,0,0
0,0,0,0
0,0,0,0
0,0,0,0
0,0,0,0
0,0,0,0
0,0,0,0
0,0,0,0
0.494298246,0.2,3.428571429,0
0,0,0,0
0,0,0,0
0,0,0,0
0,0,0,0
1,0.2,2.266666667,0
0,0,0,0
0,0,0,0
0.444444444,0.055555556,0,0
1.421997301,0.222222222,9.5,0
0.311111111,0.333333333,3.5,0
0,0,0,0
0.591346154,0.266666667,2.063492063,0
0,0,0,0
0,0,0,0
0,0,0,0
0,0,0,0
1.255037737,0.444444444,8.863636364,0
0,0,0,0
0,0,0,0
0,0,0,0
0,0,0,0
0,0,0,0
0,0,0,0
0,0,0,0
0.672544123,0.666666667,0,0
0,0,0,0
0,0,0,0
0.366666667,0.1,0.5,0
0.116666667,0.333333333,0,0
0,0,0,0
0,0,0,0
0,0,0,0
0,0,0,0
0,0,0,0
0,0,0,0
0,0,0,0
0,0,0,0
0.120285423,0.027777778,15,0
0,0,0,0
5.719016489,0.126696833,333,0
0,0,0,0
0,0,0,0
0,0,0,0
0,0,0,0
0.052713701,0.2,2.023809524,0
0,0,0,0
0.030594406,0.012820513,2.083333333,0
0,0,0,0
0,0,0,0
0.117647059,0.007352941,10,0
0,0,0,0
0.17859232,0.222222222,4.067857143,0
0.333333333,0.066666667,3.523809524,2
0.253968254,1,3.4,0
0,0,0,0
0,0,0,0
0,0,0,0
0,0,0,0
0.069642857,0.333333333,3.113636364,0
0,0,0,0
0,0,0,0
0,0,0,0
0.312481456,0.444444444,28.16666667,0
0,0,0,0
0,0,0,0
0,0,0,0
0,0,0,0
0.021264626,0.333333333,0,0
0,0,0,0
0,0,0,0
0.976190476,0.266666667,3.871428571,0
13.35853879,0.105482304,942.3134657,0
13.01140411,0.082557121,1015.614136,0
0,0,0,0
0,0,0,0
1.5,0.5,2.05,0
0.120401338,0.035714286,0,0
0,0,0,0
0.271428571,0.1,3.433333333,0
2.291666667,0.8,4.090909091,0
0,0,0,0
0,0,0,0
0,0,0,0
0,0,0,0
1.483333333,0.666666667,2,0
0,0,0,0
0,0,0,0
0,0,0,0
0,0,0,0
0,0,0,0
0,0,0,0
0,0,0,0
0,0,0,0
0.209009009,0.1,7.785714286,0
0,0,0,0
0,0,0,0
0.105614973,0.1,4.333333333,0
0,0,0,0
0,0,0,0
0.35998984,0.242424242,28.5,0
0,0,0,0
0,0,0,0
0.089285714,1,0,0
0,0,0,0
0,0,0,0
0,0,0,0
0.666666667,0.333333333,2.017857143,0
0.052042161,1,1.6,0
0,0,0,0
0.194832195,0.133333333,3.166666667,0
0,0,0,0
0,0,0,0
0,0,0,0
0,0,0,0
0,0,0,0
0,0,0,0
0,0,0,0
0,0,0,0
0,0,0,0
0.666666667,0.333333333,0,0
2.470231157,0.342857143,16.3047619,0
0.3,0.1,2.083333333,0
0,0,0,0
0,0,0,0
0.935705367,0.428571429,8.875541126,0
0,0,0,0
0,0,0,0
0,0,0,0
0,0,0,0
0,0,0,0
0,0,0,0
0.872222222,1,4.1,0
0,0,0,0
0,0,0,0
1.418919265,0.116666667,11.54166667,0
0,0,0,0
0,0,0,0
0,0,0,0
1.347453665,0.142857143,11.26078431,0
0,0,0,0
0,0,0,0
0,0,0,0
0,0,0,0
0,0,0,0
0,0,0,0
0,0,0,0
5.691813323,1,21.03809524,0
0,0,0,0
0,0,0,0
0,0,0,0
0,0,0,0
0,0,0,0
0,0,0,0
0,0,0,0
0,0,0,0
0,0,0,0
0,0,0,0
0,0,0,0
0,0,0,0
1.258392035,0.272727273,12,0
0,0,0,0
0,0,0,0
0.058080808,0.333333333,2.333333333,0
0.840385688,0.320512821,52.41666667,0
0,0,0,0
0,0,0,0
0,0,0,0
0.129166667,0.166666667,2.5,0
0.449996991,0.163636364,10.58516484,0
0,0,0,0
0.156407668,0.107142857,5.713888889,0
0,0,0,0
0,0,0,0
0,0,0,0
0,0,0,0
0.416666667,0.055555556,0,0
0,0,0,0
0,0,0,0
0,0,0,0
0,0,0,0
0,0,0,0
0.081788327,0.2,6.25,0
0.080519481,0.035714286,2.166666667,0
0,0,0,0
0,0,0,0
0,0,0,0
0,0,0,0
0.192433006,0.066666667,4,0
0,0,0,0
0,0,0,0
0,0,0,0
0.193381748,0.054545455,3.333333333,0
0.236111111,0.1,2.266666667,0
0.349113298,0.266666667,18.66666667,0
5.691813323,1,29.92380952,12.5
0,0,0,0
0.099891775,0.095238095,0,0
0,0,0,0
0,0,0,0
0.664194373,0.035573123,20.6,0
0,0,0,0
0,0,0,0
0.1875,0.066666667,0,0
0,0,0,0
0.106666667,0.333333333,0,0
0.047987641,0.095238095,8.125,0
0.012578616,0.166666667,0,0
0,0,0,0
0,0,0,0
0,0,0,0
0,0,0,0
0,0,0,0
0,0,0,0
0,0,0,0
0,0,0,0
0.169731855,0.428571429,3.619047619,0
9.227501853,0.171634615,3501,0
0.206824548,0.5,6.333333333,0
0,0,0,0
0,0,0,0
0.852823039,0.040336134,57.41407204,0
0.098601399,1,3.633333333,0
0,0,0,0
1.5,0.5,1.875,0
0,0,0,0
0,0,0,0
0,0,0,0
0,0,0,0
0,0,0,0
0,0,0,0
0,0,0,0
0,0,0,0
1.345363409,0.285714286,17.44747475,0
0,0,0,0
0,0,0,0
0,0,0,0
0,0,0,0
0,0,0,0
0,0,0,0
0.190909091,0.022222222,2.5,0
0,0,0,0
2.093795094,0.357142857,12.32857143,0
0,0,0,0
0.754385965,0.046783626,11.18759019,0
0,0,0,0
0,0,0,0
0,0,0,0
0,0,0,0
0,0,0,0
1.344351817,0.277777778,47.76666667,0
0.176975945,0.166666667,0,0
0.360117262,0.6,2,0
0.056942425,0.005291005,0.9375,0
0,0,0,0
0,0,0,0
0,0,0,0
0.383730159,0.2,2.240384615,0
0,0,0,0
0,0,0,0
0,0,0,0
0.330197133,0.071428571,2.5,0
0,0,0,0
1.673563218,0.222222222,19,0
0,0,0,0
0.366666667,0.1,0.166666667,0
0.145454545,0.019047619,3.841269841,0
0.046320346,0.166666667,15,0
0,0,0,0
0,0,0,0
0,0,0,0
0,0,0,0
0,0,0,0
0.362766238,0.19047619,15,0
0,0,0,0
0,0,0,0
0,0,0,0
0.236111111,0.1,1.555555556,0
0,0,0,0
0,0,0,0
0,0,0,0
0,0,0,0
0,0,0,0
0,0,0,0
0,0,0,0
0,0,0,0
0,0,0,0
0,0,0,0
0.474958949,0.142857143,17.8,0
0,0,0,0
0,0,0,0
0,0,0,0
0,0,0,0
1.357730015,0.321428571,15.35555556,0
1.333333333,0.5,0,0
1.001992754,0.091666667,7.784632035,0
0,0,0,0
0.476190476,0.333333333,1.6,0
0.8,0.057142857,4.083333333,0
0.03546798,0.1,1.428571429,0
0,0,0,0
0.5,0.166666667,0,0
1.185714286,1,0,0
0,0,0,0
0.47241784,0.02173913,4.063157895,0
0.071095571,0.1,2,0
0,0,0,0
0.74970162,0.138888889,26,0
0,0,0,0
0,0,0,0
0,0,0,0
0,0,0,0
0,0,0,0
1.018168627,0.320512821,70.28571429,0
0,0,0,0
0.545454545,0.007177033,41.43650794,0
0.260309278,1,1,0
0,0,0,0
0.529676406,0.358974359,23.80613553,0
0,0,0,0
0,0,0,0
0.5,0.333333333,0.833333333,0
0.730073928,0.111111111,30.36147186,0
0,0,0,0
0,0,0,0
0,0,0,0
0,0,0,0
0,0,0,0
0,0,0,0
0,0,0,0
0,0,0,0
0,0,0,0
0,0,0,0
0.178571429,0.133333333,2.5,0
0,0,0,0
0,0,0,0
0.040424408,0.5,11.5,0
0,0,0,0
0,0,0,0
0,0,0,0
0.870856676,0.238095238,11.16666667,10
0.012313405,0.066666667,2.023809524,0
0,0,0,0
0,0,0,0
0.277777778,0.066666667,0,0
6.20711109,0.143617021,182.6426129,4
0,0,0,0
0,0,0,0
0,0,0,0
0.266666667,0.333333333,3,0
0,0,0,0
0,0,0,0
0.342857143,0.1,0.571428571,0
0,0,0,0
0,0,0,0
0,0,0,0
0,0,0,0
1.31085044,0.055172414,70.7,0
0,0,0,0
0,0,0,0
0,0,0,0
0.162087912,0.166666667,2.5,2
0,0,0,0
0,0,0,0
0,0,0,0
0.1625,0.066666667,2.761904762,0
0,0,0,0
0,0,0,0
0,0,0,0
0.517647059,0.111111111,4.983408748,0
0,0,0,0
0,0,0,0
0.043061133,1,0,0
0,0,0,0
1.268837454,0.466666667,19.61904762,0
0,0,0,0
0,0,0,0
0,0,0,0
0,0,0,0
1.265762999,0.320261438,73.46611722,0
0,0,0,0
2.443592595,0.274853801,117.7142857,4.5
0,0,0,0
0.52047502,0.036842105,5.901515152,0
0,0,0,0
0,0,0,0
0,0,0,0
0,0,0,0
0,0,0,0
0,0,0,0
0.137426901,0.066666667,1.2,0
0,0,0,0
0.43204124,0.285714286,6.052822178,0
0.633333333,0.107142857,0.928571429,0
0.503496503,0.083333333,0,0
0.077922078,0.333333333,2.4,0
0,0,0,0
0,0,0,0
0,0,0,0
0,0,0,0
0,0,0,0
0.052380952,0.066666667,2.166666667,0
0,0,0,0
5.691813323,1,21.97460317,0
0,0,0,0
0,0,0,0
0,0,0,0
0,0,0,0
5.588449022,0.460144928,277.5916667,0
1.011769028,0.033613445,18.70655806,0
0,0,0,0
0.326762422,0.205128205,24.52380952,0
1.295238095,0.4,6.2,4
0.75841772,0.607142857,12.87593795,0
0,0,0,0
0,0,0,0
0.285714286,0.333333333,3.333333333,0
0,0,0,0
0.432627781,0.8,22.875,0
0,0,0,0
0,0,0,0
0,0,0,0
0,0,0,0
4.717390707,0.442687747,117.7797619,0
0.45,0.166666667,2.25,0
0,0,0,0
0,0,0,0
0,0,0,0
0,0,0,0
0,0,0,0
0.776986822,0.266666667,9.5,0
0.49693831,0.7,116,0
0.5,0.166666667,5.25,0
0.350168063,0.357142857,20.25,0
0,0,0,0
0,0,0,0
0.148255368,0.107142857,3.74512987,0
3.673945191,0.048285048,165.2301587,0
1.065087991,0.285714286,28.2,0
0.9,0.666666667,5.05952381,0
0.114567183,0.666666667,4.5,0
0,0,0,0
7.501723672,0.544615385,169.2745421,0
0,0,0,0
0.135248232,0.666666667,5.619047619,0
0,0,0,0
0,0,0,0
0,0,0,0
0,0,0,0
0,0,0,0
0,0,0,0
0,0,0,0
0,0,0,0
0,0,0,0
0,0,0,0
0,0,0,0
0,0,0,0
0.88115722,0.090909091,14.78571429,0
0,0,0,0
0,0,0,0
0,0,0,0
0.796428571,0.142857143,0,0
0.657615189,0.466666667,8,0
0,0,0,0
0.528571429,0.333333333,8.333333333,0
0.574257426,0.005742574,33.62301587,0
2.038081253,0.030729359,97.77712843,0
0,0,0,0
0,0,0,0
0.18358396,0.2,2.285714286,0
0,0,0,0
0,0,0,0
0,0,0,0
0,0,0,0
0,0,0,0
0,0,0,0
0,0,0,0
0,0,0,0
0.4,0.1,2.761904762,0
0,0,0,0
0.285714286,0.047619048,0,0
0,0,0,0
8.149577064,0.857142857,64.94444444,80
0,0,0,0
0,0,0,0
0,0,0,0
0,0,0,0
0.261626963,0.090909091,14.93333333,0
0,0,0,0
0.294755245,0.2,8.833333333,0
0.652079631,0.166666667,8.031746032,0
0,0,0,0
0,0,0,0
0,0,0,0
0,0,0,0
0,0,0,0
0.284482759,0.166666667,2.796052632,0
0.332925046,0.25,8.342490842,0
0,0,0,0
0,0,0,0
0,0,0,0
0,0,0,0
0.563412664,0.422222222,9.208333333,0
0,0,0,0
0.21978022,0.333333333,2.654545455,0
0.500980392,0.666666667,0,0
0,0,0,0
0,0,0,0
0.524675325,0.333333333,0,0
0,0,0,0
0,0,0,0
0,0,0,0
0,0,0,0
0,0,0,0
3.753834576,0.325396825,149.6883117,0
0,0,0,0
1.680555556,0.25,16,2
0,0,0,0
0,0,0,0
0,0,0,0
0,0,0,0
0,0,0,0
0,0,0,0
0,0,0,0
0,0,0,0
0,0,0,0
0,0,0,0
0,0,0,0
0.615079365,0.333333333,0,0
1.666368115,0.181818182,0,0
0,0,0,0
0,0,0,0
0.115922153,0.055555556,0,0
0.333333333,0.166666667,2.225,0
0,0,0,0
0.066849817,0.1,0,0
0,0,0,0
0,0,0,0
0,0,0,0
0,0,0,0
0,0,0,0
0,0,0,0
0,0,0,0
0.839507979,0.080882353,2.009090909,0
0,0,0,0
0,0,0,0
0,0,0,0
0,0,0,0
0,0,0,0
0,0,0,0
0,0,0,0
0.029769665,0.333333333,0,0
0.189922481,0.066666667,0,0
0,0,0,0
0.115803586,0.2,7,0
0,0,0,0
0,0,0,0
0,0,0,0
0.053030303,0.1,2,0
0,0,0,0
0,0,0,0
0,0,0,0
0,0,0,0
0.167179355,0.025641026,0,0
0,0,0,0
0.194467061,0.043290043,5.869047619,0
0,0,0,0
0,0,0,0
0,0,0,0
0,0,0,0
3.161083412,0.094594595,65.16626984,0
0,0,0,0
0,0,0,0
0,0,0,0
1.015790349,0.063241107,10.19880952,0
1.547411467,0.136842105,18.09105339,0
0,0,0,0
0,0,0,0
0,0,0,0
0,0,0,0
0,0,0,0
0,0,0,0
0.196207416,0.3,11.74512987,0
0,0,0,0
0,0,0,0
0,0,0,0
0,0,0,0
2.012115467,0.035028249,81.49036797,0
0,0,0,0
0,0,0,0
0,0,0,0
0,0,0,0
0,0,0,0
0,0,0,0
0.012313405,0.333333333,7,0
0,0,0,0
0.056942425,0.2,0,0
0.45,0.166666667,3,0
0,0,0,0
0,0,0,0
0,0,0,0
0,0,0,0
0.48559456,0.031578947,96,0
0.695652174,0.031620553,4.114285714,0
0,0,0,0
0,0,0,0
0,0,0,0
0,0,0,0
0,0,0,0
0.02240099,0.166666667,0,0
0.541652944,0.051470588,8.69047619,0
8.765526888,0.639705882,49.51964994,0
0,0,0,0
0,0,0,0
0,0,0,0
0,0,0,0
0,0,0,0
0,0,0,0
0,0,0,0
0,0,0,0
0,0,0,0
1.288105947,0.333333333,3,0
0.583333333,0.333333333,9,0
1.133333333,0.3,1.2,0
0,0,0,0
0,0,0,0
0.190909091,1,1.714285714,0
0,0,0,0
0,0,0,0
1.494907981,0.257575758,21.5,0
0.284433929,0.054945055,9.666666667,0
0.621623844,0.361111111,35.49166667,0
0,0,0,0
0,0,0,0
0.03546798,0.333333333,2,0
0,0,0,0
0,0,0,0
0,0,0,0
3.883423861,0.484848485,192.4666667,0
8.092434207,0.742857143,45.7617552,0
2.507371795,0.054078014,64.8,0
0,0,0,0
0,0,0,0
7.066324852,0.977777778,24.6,0
0,0,0,0
3.503540806,0.233201581,67.50595238,0
0,0,0,0
0,0,0,0
0,0,0,0
0,0,0,0
0,0,0,0
0,0,0,0
0,0,0,0
0.221283203,0.25,18.6,0
0,0,0,0
0,0,0,0
0,0,0,0
0,0,0,0
0,0,0,0
1.083333333,0.666666667,0,0
0,0,0,0
0,0,0,0
0,0,0,0
0,0,0,0
0,0,0,0
0.089285714,1,2.666666667,0
0,0,0,0
0,0,0,0
0,0,0,0
0,0,0,0
0,0,0,0
0,0,0,0
0,0,0,0
0,0,0,0
0,0,0,0
0,0,0,0
0,0,0,0
0,0,0,0
0.025641026,0.166666667,2.25,0
1.091269841,0.285714286,2,0
0,0,0,0
0,0,0,0
0,0,0,0
0.238095238,0.066666667,7.5,0
0.032407252,0.044444444,11.25,0
0,0,0,0
0,0,0,0
0,0,0,0
0,0,0,0
0,0,0,0
0,0,0,0
0.347826087,0.015810277,2.142045455,0
0.4,0.133333333,6.666666667,0
0,0,0,0
0,0,0,0
0,0,0,0
0,0,0,0
0,0,0,0
0,0,0,0
0,0,0,0
0,0,0,0
0,0,0,0
0.027886747,0.1,0,0
0,0,0,0
0,0,0,0
0,0,0,0
0,0,0,0
0,0,0,0
0.321894207,0.095238095,1.125,0
0.082949403,0.142857143,7.523076923,0
0,0,0,0
0,0,0,0
0,0,0,0
0,0,0,0
0,0,0,0
0,0,0,0
0,0,0,0
1.279761905,0.238095238,6.433333333,2
0.610975038,0.5,6.75,0
0,0,0,0
0.36630156,0.028571429,2.833333333,0
0,0,0,0
0,0,0,0
0,0,0,0
0.736390236,0.25,7,0
0,0,0,0
0,0,0,0
0,0,0,0
0,0,0,0
0,0,0,0
0,0,0,0
0,0,0,0
0,0,0,0
0,0,0,0
0,0,0,0
0.078708902,0.4,11.33333333,0
0,0,0,0
0,0,0,0
0.459277504,0.133333333,4.5,0
0,0,0,0
0,0,0,0
0,0,0,0
0.121603588,0.238095238,40,0
0,0,0,0
0,0,0,0
0,0,0,0
2.004077827,0.448529412,259.5,0
0.352991453,0.009090909,24.66666667,0
0,0,0,0
0,0,0,0
1.428571429,0.238095238,23,0
2.78753993,0.213438735,41.9599757,0
0.81624201,0.08974359,8.5,0
0,0,0,0
0,0,0,0
0,0,0,0
0,0,0,0
0,0,0,0
1.17369727,0.040860215,16.5,0
0,0,0,0
0,0,0,0
0,0,0,0
0,0,0,0
0.583333333,1,4.897435897,0
0,0,0,0
0,0,0,0
0,0,0,0
0,0,0,0
0,0,0,0
0,0,0,0
0,0,0,0
0,0,0,0
0,0,0,0
0,0,0,0
0,0,0,0
0,0,0,0
0,0,0,0
0,0,0,0
0,0,0,0
0,0,0,0
0,0,0,0
0,0,0,0
1,0.333333333,0,0
0,0,0,0
0,0,0,0
0,0,0,0
0,0,0,0
0,0,0,0
0.0625,0.002016129,0,0
1.828571429,0.5,0,0
0,0,0,0
1.885568315,0.204678363,23.13834776,0
0.041666667,0.333333333,3.357142857,0
0,0,0,0
0.342857143,0.1,0,0
0,0,0,0
0,0,0,0
0,0,0,0
0,0,0,0
0,0,0,0
0,0,0,0
0.727777778,0.666666667,6.333333333,0
0,0,0,0
4.582756819,0.227956989,92.89149184,0
0,0,0,0
0.613450292,0.3,3.417857143,0
0,0,0,0
0,0,0,0
0.742657343,0.090909091,12.03333333,10
0,0,0,0
0,0,0,0
0,0,0,0
0,0,0,0
0,0,0,0
0,0,0,0
0.252631579,0.333333333,2.128571429,0
0.356060606,0.045454545,0.727272727,0
0,0,0,0
0,0,0,0
0.8671197,0.166666667,11.28333333,0
0,0,0,0
0,0,0,0
2.478431373,0.19047619,30.15238095,0
0,0,0,0
0,0,0,0
7.373224348,0.187782805,431.4833333,10
0,0,0,0
0.022559218,0.333333333,0,0
0,0,0,0
0,0,0,0
0,0,0,0
0,0,0,0
0,0,0,0
0,0,0,0
0,0,0,0
0.30952381,0.166666667,2,0
0.034897025,0.166666667,2.414285714,0
0,0,0,0
0,0,0,0
0,0,0,0
0.058184143,0.1,4.333333333,0
0,0,0,0
0,0,0,0
0.9,0.333333333,5.05952381,0
0.036625068,0.166666667,6,0
0,0,0,0
0,0,0,0
0,0,0,0
0,0,0,0
0,0,0,0
0,0,0,0
0.936601307,0.178571429,3.9,0
0,0,0,0
0,0,0,0
6.62048902,0.510582011,322.447619,0
0,0,0,0
0,0,0,0
0,0,0,0
0.155555556,0.333333333,0,0
0,0,0,0
0,0,0,0
0.92931227,0.323809524,46.87445887,0
0.186335404,0.047619048,0,0
0,0,0,0
1.739906832,0.333333333,5,0
1.697402597,0.2,1,0
0,0,0,0
0,0,0,0
0,0,0,0
5.123076144,0.501976285,340.6666667,0
0.138513514,0.035714286,0.4,0
0.689213086,0.25,7.791666667,0
0.191517324,0.2,6.404761905,0
0.244943462,0.333333333,0,0
0,0,0,0
0,0,0,0
0,0,0,0
0,0,0,0
0.667980744,0.031620553,13.58333333,0
0.333333333,0.066666667,2.5,0
0.42831528,0.222222222,15.5047619,0
0,0,0,0
0.616666667,0.333333333,5.8,0
0,0,0,0
0,0,0,0
0,0,0,0
0.503638603,0.107142857,0,0
0,0,0,0
0,0,0,0
0,0,0,0
0,0,0,0
0,0,0,0
0.432139812,0.666666667,4.192807193,0
0.962926472,0.4,41.15844156,0
0,0,0,0
0,0,0,0
0,0,0,0
6.746642336,0.145363409,211.3760823,0
0,0,0,0
0,0,0,0
0,0,0,0
0.039893985,1,3.619047619,0
0,0,0,0
0.244943462,0.666666667,0,0
0.03556231,0.066666667,3.6,0
0,0,0,0
0.387179487,0.3,4.688636364,0
0,0,0,0
0,0,0,0
0,0,0,0
0,0,0,0
0,0,0,0
0.319134199,0.666666667,0,0
0,0,0,0
0,0,0,0
0,0,0,0
0,0,0,0
0,0,0,0
0,0,0,0
0,0,0,0
0.084573229,0.333333333,0,0
0,0,0,0
0,0,0,0
0,0,0,0
2.001105743,0.199134199,94.16356275,0
0,0,0,0
0,0,0,0
2.064705882,0.132352941,21.97063492,0
0.173563218,0.333333333,0,0
3.899108156,0.316205534,77.58658009,0
0,0,0,0
0,0,0,0
0.387987013,0.5,6,0
0,0,0,0
0.087301587,0.333333333,2.128571429,0
0,0,0,0
0,0,0,0
0,0,0,0
0,0,0,0
0,0,0,0
0,0,0,0
0.867832168,0.111111111,14.20714286,0
0,0,0,0
0,0,0,0
1.254050618,0.222222222,21.62700633,0
0,0,0,0
0.257692308,0.166666667,0,0
0,0,0,0
0.629595972,0.10989011,15.2,0
0,0,0,0
0,0,0,0
0,0,0,0
0,0,0,0
0.363636364,0.036363636,0,0
0.216132737,0.138888889,7.818253968,0
0,0,0,0
1.255947079,0.111111111,7.646428571,0
0.30952381,1,2.8,0
0,0,0,0
0,0,0,0
0.45,0.166666667,2.05,0
0,0,0,0
4.41779807,0.257246377,88.04285714,0
0,0,0,0
0,0,0,0
0.285714286,0.047619048,2.05,0
0,0,0,0
0,0,0,0
0,0,0,0
0.252631579,0.1,2.303571429,0
0.376811594,0.055555556,2.6875,0
0,0,0,0
0,0,0,0
0,0,0,0
0,0,0,0
0,0,0,0
0,0,0,0
0,0,0,0
0,0,0,0
0,0,0,0
2.875128239,0.130124777,108.0857143,0
0,0,0,0
0.037205425,0.5,2.023809524,0
0,0,0,0
0,0,0,0
0.552575758,0.127272727,0,0
0,0,0,0
0,0,0,0
0,0,0,0
1.72919153,0.296703297,15.33333333,0
0,0,0,0
1.348572297,0.142857143,29.40075758,0
0,0,0,0
0,0,0,0
0.271611128,0.333333333,3.619047619,0
0,0,0,0
0,0,0,0
0.258823529,1,0,0
0,0,0,0
0,0,0,0
0,0,0,0
0,0,0,0
0.5,1,1,0
0,0,0,0
0.030952381,0.022222222,0.818181818,0
0,0,0,0
2.789240717,0.405263158,68.28131868,0
0,0,0,0
0,0,0,0
0,0,0,0
0,0,0,0
0,0,0,0
0,0,0,0
0,0,0,0
5.060268555,0.21512605,121.1776557,0
0,0,0,0
0,0,0,0
0.73015873,0.2,3.619047619,25
0.236111111,0.1,0.5,0
1.115151515,0.133333333,10.5217033,0
0,0,0,0
0.328836339,0.004207574,16.44206349,0
0,0,0,0
0,0,0,0
0,0,0,0
0,0,0,0
0,0,0,0
0,0,0,0
0.012313405,0.1,1.4,0
0.059528131,0.005847953,4.5,0
0,0,0,0
0.090073529,0.1,2.5,0
0.228131924,0.111111111,6.333333333,0
2.294640216,0.294372294,42.39455267,0
0,0,0,0
0.342424242,0.333333333,2.017857143,0
0,0,0,0
0.715637985,0.666666667,11.25,0
0,0,0,0
0,0,0,0
0,0,0,0
0,0,0,0
0.3,0.166666667,0,0
0,0,0,0
0,0,0,0
0.533333333,0.333333333,3.3,2
0,0,0,0
0,0,0,0
0.312959482,0.5,4.386363636,0
0,0,0,0
0,0,0,0
0,0,0,0
0,0,0,0
0,0,0,0
1.037563119,0.533333333,2.114285714,0
0,0,0,0
0,0,0,0
0,0,0,0
0,0,0,0
0.353507334,0.088888889,9.266666667,0
0,0,0,0
0.03423913,0.333333333,0,0
0,0,0,0
0.3,0.1,0,0
0,0,0,0
0.233526691,0.133333333,2.05,0
0,0,0,0
0.076811594,0.1,2.033333333,0
1.5,1,2.05,0
0,0,0,0
0,0,0,0
0,0,0,0
0.984775465,0.5,4.542857143,0
0,0,0,0
0,0,0,0
0.583333333,1,2.25,0
0,0,0,0
0,0,0,0
0.277777778,0.066666667,0,0
0,0,0,0
0,0,0,0
0,0,0,0
0.30952381,0.066666667,2.017857143,0
0.036949153,0.066666667,0,0
0,0,0,0
0.035950304,0.047619048,0,0
14.09591781,0.112155021,1283.667857,0
0,0,0,0
0,0,0,0
0,0,0,0
0.024393785,1,0,0
1.819444444,0.6,6.2,0
0,0,0,0
0.557487782,0.285714286,7.011904762,0
0.514476938,0.166666667,27.4,0
0,0,0,0
0,0,0,0
0,0,0,0
0.279411765,0.014492754,5.38021978,0
0,0,0,0
2.142569622,0.8,116.5,0
0,0,0,0
0,0,0,0
0.255751145,0.021645022,6,0
0.134300225,0.014705882,10.125,0
0,0,0,0
0,0,0,0
0,0,0,0
0.361111111,1,2.230769231,0
0,0,0,0
0,0,0,0
3.233277592,0.064102564,62.42792398,0
0.308823529,0.166666667,1,0
0,0,0,0
0,0,0,0
0.234684685,0.666666667,21,0
0,0,0,0
0,0,0,0
0,0,0,0
1.12264298,0.055335968,9.566666667,0
0,0,0,0
0,0,0,0
0,0,0,0
0.943478261,0.111111111,10.5,0
0,0,0,0
2.669652322,0.323809524,35.01136364,12
0,0,0,0
0,0,0,0
0,0,0,0
0,0,0,0
0,0,0,0
0,0,0,0
0,0,0,0
0.046257796,0.166666667,2.166666667,0
0.277777778,0.166666667,0,0
0,0,0,0
0,0,0,0
0,0,0,0
0.353968254,0.142857143,5,0
0,0,0,0
0,0,0,0
0,0,0,0
12.3373494,0.074771815,1503.552381,0
0.025675676,1,3.333333333,0
0,0,0,0
1.962331229,0.197802198,20.61547619,12
0,0,0,0
0.851795989,0.115384615,4.5,0
0.536595621,0.439393939,43.86666667,0
0.054463554,0.047619048,1.875,0
0.16025641,0.166666667,0,0
0,0,0,0
0,0,0,0
1.70607756,0.169117647,2.083333333,0
0.660477085,0.285714286,7.005555556,0
0,0,0,0
0,0,0,0
0,0,0,0
1.166666667,1,1.666666667,0
0,0,0,0
0,0,0,0
0.551663538,0.090909091,0,0
0.105006842,0.4,8.5,0
0.192307692,0.066666667,0.333333333,0
0,0,0,0
0.259528131,0.044444444,4.35,0
0,0,0,0
0.171227364,0.002484472,0,0
0,0,0,0
3.422013553,0.121212121,56.70116959,0
0,0,0,0
0,0,0,0
0.3,0.333333333,0,0
0,0,0,0
0.640394089,0.142857143,7.666666667,0
0,0,0,0
0,0,0,0
0,0,0,0
0,0,0,0
0,0,0,0
0,0,0,0
1.339285714,0.071428571,21.17478355,0
0,0,0,0
0,0,0,0
0,0,0,0
0,0,0,0
0,0,0,0
8.985137875,0.121055651,261.0365079,0
0,0,0,0
6.911779397,0.8,24.6,0
0,0,0,0
0.013865066,0.333333333,0,0
0,0,0,0
2.095351538,0.182336182,45.10274725,0
0,0,0,0
1.910106642,0.169934641,115.5,0
0,0,0,0
0,0,0,0
0,0,0,0
0,0,0,0
0,0,0,0
0,0,0,0
0,0,0,0
0.690719347,0.257575758,27.1,0
0,0,0,0
0,0,0,0
0,0,0,0
0,0,0,0
0.421795711,0.527777778,21.16666667,0
0,0,0,0
0,0,0,0
0,0,0,0
0,0,0,0
0,0,0,0
0,0,0,0
0,0,0,0
0,0,0,0
1.714285714,0.285714286,6.008391608,0
0,0,0,0
0.727849928,0.138888889,12.69047619,2.25
0,0,0,0
0.350180995,0.064102564,4.564102564,0
0,0,0,0
0,0,0,0
0.60917722,0.181818182,13.25,0
0,0,0,0
0,0,0,0
0,0,0,0
0,0,0,0
0.012578616,0.333333333,0,0
0,0,0,0
0.031432749,0.066666667,0,0
0,0,0,0
0,0,0,0
0,0,0,0
1.826573427,0.8,14.19087302,0
0,0,0,0
2.01279151,0.254545455,16.17978492,12
0.173611111,0.066666667,0,0
0,0,0,0
0.392156863,1,0,0
0,0,0,0
0,0,0,0
0.091196946,0.5,0,0
0,0,0,0
0,0,0,0
0,0,0,0
0,0,0,0
0,0,0,0
1.285714286,0.266666667,7.6,2.25
0,0,0,0
0,0,0,0
0,0,0,0
0,0,0,0
0,0,0,0
0,0,0,0
0,0,0,0
1.901582761,0.121212121,26.56349206,0
0.655519199,0.08974359,6,0
0,0,0,0
0.161717799,0.095238095,20,0
0,0,0,0
0,0,0,0
0,0,0,0
0,0,0,0
0,0,0,0
0.174297924,0.045454545,10,0
0,0,0,0
0,0,0,0
0,0,0,0
0,0,0,0
0,0,0,0
0,0,0,0
1.020618557,1,0,0
0,0,0,0
0,0,0,0
0.29,1,15.14285714,2
1.020618557,0.5,0,0
0,0,0,0
0.277777778,0.333333333,0.8,0
0,0,0,0
5.223126454,0.654545455,38.6,0
0.461077264,0.013289037,40.83333333,0
0.025073518,1,0,0
0,0,0,0
0.031586022,0.166666667,0,0
0,0,0,0
0,0,0,0
0.342857143,0.166666667,2.3,0
0,0,0,0
0,0,0,0
0.412987013,0.133333333,6.166666667,0
0,0,0,0
0,0,0,0
0,0,0,0
2.151001623,0.02014742,121.4660007,0
0.138469244,0.004878049,17,0
0,0,0,0
0.342857143,0.1,2.05,0
0,0,0,0
0,0,0,0
0,0,0,0
0,0,0,0
0,0,0,0
1.486563875,0.094736842,45.75833333,0
1.666666667,1,2.133333333,0
0.253968254,0.047619048,0,0
0,0,0,0
0,0,0,0
0,0,0,0
0.14254586,1,0,0
0.744694617,0.5,2.816666667,0
0,0,0,0
0,0,0,0
0.37815993,0.272727273,65.5,0
0.021353646,0.066666667,0,0
0,0,0,0
0,0,0,0
0.150725095,0.19047619,3.939393939,0
0.074247794,0.133333333,2.672222222,0
0,0,0,0
0,0,0,0
1.360533041,0.4,7.5,0
0,0,0,0
0,0,0,0
0,0,0,0
0,0,0,0
0,0,0,0
0,0,0,0
0,0,0,0
0,0,0,0
0,0,0,0
0,0,0,0
0,0,0,0
0,0,0,0
0.017708738,1,2.166666667,0
0,0,0,0
0,0,0,0
0,0,0,0
0.14973262,0.066666667,1.1,0
0,0,0,0
0,0,0,0
0,0,0,0
0,0,0,0
0,0,0,0
0.170454545,0.035714286,0,0
0,0,0,0
0.060776942,0.333333333,0,0
0.343419411,0.141025641,7.944805195,0
0,0,0,0
0,0,0,0
0,0,0,0
5.823057988,1,11.87857143,0
0,0,0,0
0.387987013,0.142857143,3.255555556,0
0,0,0,0
0,0,0,0
2.529946476,0.432748538,58.91254579,0
0.042105263,0.000447928,2,0
0.480555556,0.083333333,2.297619048,0
0.03695209,0.166666667,0,0
0,0,0,0
0,0,0,0
0,0,0,0
0.533333333,0.333333333,3.75,2
0,0,0,0
0,0,0,0
0.057330057,1,1.8,0
0.449675325,0.2,0,0
0.078535411,0.6,9.666666667,0
0.040909091,0.1,0.7,0
0.220833333,1,3,0
0,0,0,0
0,0,0,0
0,0,0,0
0.191040843,1,10.66666667,0
0.5,0.166666667,1.2,0
0.291974692,0.19047619,4.196825397,0
0,0,0,0
5.157010778,0.146122449,485,0
0.096969697,1,0,0
0,0,0,0
0,0,0,0
0.202944465,0.142857143,7.725,0
0,0,0,0
0,0,0,0
0,0,0,0
0,0,0,0
0,0,0,0
0.285714286,0.333333333,3.375,0
5.514035545,0.8,34.26666667,12.5
0,0,0,0
0.125573115,0.19047619,7.25,0
0,0,0,0
6.3645766,0.564102564,17.77619048,0
0.326625172,0.7,2.240384615,0
1.14958375,0.285714286,11.77738095,4
0.166666667,0.066666667,0,0
0,0,0,0
0,0,0,0
0,0,0,0
0.338133641,0.095238095,0.714285714,0
0.012313405,0.333333333,2.023809524,0
0,0,0,0
0.30952381,1,2.545454545,0
0.212412587,0.036363636,4.352564103,2
0.524242424,0.133333333,5.328571429,0
0,0,0,0
0,0,0,0
0,0,0,0
0,0,0,0
0,0,0,0
0,0,0,0
0.120401338,1,0,0
0,0,0,0
0,0,0,0
0.193548387,0.006451613,17.79166667,0
0,0,0,0
2.524622659,0.257309942,103.7084707,4.5
0,0,0,0
0.533333333,1,0.458333333,0
0,0,0,0
0,0,0,0
0.093073593,0.1,2.056140351,0
0,0,0,0
0,0,0,0
0,0,0,0
0,0,0,0
0,0,0,0
0.613752914,0.4,10,0
0.819548872,0.065934066,13.31150794,0
0,0,0,0
1.312353801,0.091666667,11.41111111,0
0,0,0,0
0.016317169,0.333333333,8,0
1.925943216,0.247619048,3.841269841,0
0,0,0,0
0,0,0,0
0,0,0,0
0,0,0,0
0.136277303,0.095238095,0,0
0,0,0,0
1.261766152,0.395604396,107.5369048,0
0,0,0,0
0,0,0,0
0.224286824,0.032967033,6,0
0,0,0,0
0,0,0,0
0,0,0,0
0,0,0,0
0,0,0,0
0,0,0,0
0.089285714,1,2.666666667,0
7.235754442,0.836363636,20.2452381,0
0,0,0,0
0,0,0,0
0,0,0,0
0,0,0,0
0.149753695,0.047619048,8,0
0,0,0,0
2.423076923,0.047511312,91.91666667,2
3.372700308,0.278985507,136.1486097,0
0,0,0,0
0,0,0,0
0.061507937,1,1.666666667,0
0,0,0,0
0,0,0,0
0,0,0,0
0,0,0,0
0.222355203,0.142857143,11.375,0
0,0,0,0
2.246376812,0.016396911,261.802381,0
0.070238095,1,3.082706767,0
0,0,0,0
0,0,0,0
1.086773141,0.181818182,12.38769841,0
0,0,0,0
1.26420878,0.490909091,15.354329,0
0,0,0,0
0,0,0,0
0.03546798,0.333333333,1.111111111,0
0,0,0,0
4.551846159,0.215873016,147.1358225,0
0.0495338,0.166666667,0,0
0,0,0,0
9.074906387,0.201451906,1140.333333,0
0,0,0,0
0,0,0,0
0,0,0,0
0.170039683,0.044444444,2.114285714,0
0,0,0,0
0,0,0,0
0,0,0,0
0.175,1,0,0
0.496388239,0.19047619,8.5,0
0.439393939,0.333333333,3.502564103,6
0,0,0,0
0.374482402,0.2,2.5,0
0,0,0,0
0.012313405,0.1,2.023809524,0
0,0,0,0
0,0,0,0
0,0,0,0
0,0,0,0
0,0,0,0
0,0,0,0
0.056942425,0.333333333,0,0
0,0,0,0
0,0,0,0
0.285714286,0.047619048,0.875,0
0,0,0,0
0,0,0,0
0.112987013,0.022222222,0,0
0,0,0,0
0,0,0,0
0,0,0,0
0,0,0,0
0.689798851,0.090909091,2.029605263,0
0,0,0,0
0.083776596,0.035714286,0,0
0.584322987,0.5,2.017857143,0
0,0,0,0
0,0,0,0
0,0,0,0
0,0,0,0
0.261363636,1,2.5,0
0.342424242,0.333333333,0.875,0
0.833333333,1,0,0
0,0,0,0
0,0,0,0
0,0,0,0
0.214285714,0.333333333,2.033333333,0
0,0,0,0
0,0,0,0
0.266666667,0.066666667,3.4,0
0.024329837,0.166666667,0,0
0.03546798,0.333333333,3.333333333,0
0,0,0,0
0,0,0,0
0,0,0,0
1.068814908,0.15,39.275,0
0.152631579,0.166666667,2.011111111,0
0.238095238,0.1,5.4,0
0,0,0,0
0,0,0,0
0,0,0,0
0,0,0,0
0,0,0,0
0,0,0,0
2.391031746,0.5,7.935064935,0
0,0,0,0
0,0,0,0
0.819047619,0.666666667,0,0
0,0,0,0
0,0,0,0
0,0,0,0
0,0,0,0
0,0,0,0
0,0,0,0
0,0,0,0
0,0,0,0
0,0,0,0
0.476190476,1,0,0
0,0,0,0
0.603846154,0.333333333,0,0
0,0,0,0
0,0,0,0
3.063801701,0.233333333,46.0218254,0
0,0,0,0
2.58525641,0.033633034,64.28279221,0
0.708105031,0.333333333,40.63690476,0
0,0,0,0
0,0,0,0
0,0,0,0
1.514446445,0.181818182,18.54166667,0
0,0,0,0
0,0,0,0
0.28452381,0.333333333,0,0
0,0,0,0
0,0,0,0
0.998923734,0.056277056,33.66666667,2.25
0,0,0,0
0,0,0,0
0,0,0,0
0,0,0,0
0.066460236,0.333333333,39,0
0.243589744,0.1,2.004761905,0
0,0,0,0
0,0,0,0
0,0,0,0
0,0,0,0
0,0,0,0
0,0,0,0
0,0,0,0
0,0,0,0
0.242614276,0.222222222,4.68452381,0
0,0,0,0
0,0,0,0
0,0,0,0
0,0,0,0
0,0,0,0
0,0,0,0
1.547201715,0.151515152,17.18888889,2
0,0,0,0
0,0,0,0
4.889210789,0.144537815,54.50391207,0
0,0,0,0
0,0,0,0
0,0,0,0
0.030864198,1,0,0
0.483065954,0.083333333,10.1,0
0,0,0,0
0,0,0,0
0.083333333,0.003623188,2.017857143,0
0,0,0,0
0,0,0,0
0,0,0,0
0,0,0,0
0,0,0,0
0,0,0,0
0,0,0,0
0,0,0,0
0,0,0,0
0,0,0,0
0,0,0,0
0.155555556,0.047619048,0,0
0,0,0,0
0.013865066,1,0,0
0,0,0,0
7.900435154,0.535947712,96.53333333,0
0,0,0,0
0,0,0,0
0,0,0,0
0.022690763,0.333333333,2.4,0
0.156565657,0.333333333,0,0
0,0,0,0
0,0,0,0
0,0,0,0
0,0,0,0
0,0,0,0
0,0,0,0
0,0,0,0
0.095238095,0.001536098,6.057142857,0
3.585427496,0.398268398,343,0
0,0,0,0
0,0,0,0
0,0,0,0
0,0,0,0
0,0,0,0
0,0,0,0
0,0,0,0
0.222222222,0.1,0,0
0,0,0,0
0,0,0,0
0,0,0,0
0,0,0,0
0.7,0.3,2,0
0,0,0,0
0,0,0,0
0,0,0,0
0,0,0,0
0,0,0,0
0,0,0,0
0,0,0,0
0,0,0,0
0,0,0,0
0,0,0,0
0,0,0,0
0,0,0,0
0,0,0,0
0,0,0,0
0.317211561,0.222222222,13.5,0
2.331101915,0.093883357,84.72291334,0
0,0,0,0
0,0,0,0
0,0,0,0
0.45,0.333333333,2.433333333,0
0,0,0,0
0,0,0,0
0.416317016,0.107142857,0,0
0,0,0,0
8.325493109,0.128325509,289.8235127,0
0,0,0,0
0.048951049,0.1,11,0
1.333333333,0.5,0,0
0.333333333,0.066666667,0,0
0.4,0.1,2.05,0
0,0,0,0
0,0,0,0
1.526007326,0.141025641,13.1297619,0
7.91054489,0.38961039,42.61204059,80
0,0,0,0
0,0,0,0
0,0,0,0
0,0,0,0
0.029769665,0.166666667,0,0
0,0,0,0
0,0,0,0
0,0,0,0
0,0,0,0
0,0,0,0
0,0,0,0
0,0,0,0
0,0,0,0
0,0,0,0
0.077104817,0.095238095,2.571428571,0
0,0,0,0
0,0,0,0
0,0,0,0
0,0,0,0
0,0,0,0
0,0,0,0
1.928571429,0.4,8.4,0
0,0,0,0
0,0,0,0
0,0,0,0
0,0,0,0
0,0,0,0
0,0,0,0
0,0,0,0
0.034562212,1,3,0
3.53126317,0.716666667,350,0
0,0,0,0
0,0,0,0
1.667787476,0.166666667,31.56349206,0
0,0,0,0
0.177625114,0.090909091,9.258333333,0
0,0,0,0
0.219958401,0.133333333,0,0
0.20989821,1,4.5,0
0,0,0,0
0.123131941,0.333333333,4.747619048,0
1.103745796,0.105263158,94,0
0,0,0,0
0,0,0,0
0.30248727,0.333333333,2.60952381,0
0.017708738,1,3.75,0
0,0,0,0
0,0,0,0
0,0,0,0
0,0,0,0
7.385476585,0.415789474,81.22222222,80
0,0,0,0
0,0,0,0
0,0,0,0
0,0,0,0
0.278578036,0.266666667,2.063492063,0
0,0,0,0
0.4,0.1,2.266666667,0
0,0,0,0
0,0,0,0
0,0,0,0
0.134482759,0.166666667,7.7,0
0,0,0,0
0,0,0,0
0,0,0,0
0,0,0,0
0,0,0,0
0,0,0,0
0.634324,0.269230769,15.71428571,0
0,0,0,0
0.25,0.035714286,2.017857143,0
0.850811688,0.238095238,4.25,0
0,0,0,0
0,0,0,0
0,0,0,0
0,0,0,0
0,0,0,0
0.636904762,0.19047619,10.5969697,0
0,0,0,0
0,0,0,0
1.106042977,0.145454545,14,0
0,0,0,0
0,0,0,0
0,0,0,0
0,0,0,0
0,0,0,0
0.340802676,0.5,2.114285714,0
0,0,0,0
0,0,0,0
0,0,0,0
0,0,0,0
0.073260073,0.027777778,1.25,0
0.079431438,0.133333333,1.4,0
0,0,0,0
0,0,0,0
0,0,0,0
0,0,0,0
0,0,0,0
0,0,0,0
0,0,0,0
1.349242424,0.333333333,0,0
0,0,0,0
0,0,0,0
0.416576937,0.277777778,4.556722689,0
0,0,0,0
0,0,0,0
0,0,0,0
0.201923077,0.166666667,0,0
0,0,0,0
0,0,0,0
4.54891719,0.308823529,55.1,12.5
0,0,0,0
0,0,0,0
0.098601399,0.166666667,6.666666667,2.25
0,0,0,0
0,0,0,0
0,0,0,0
0,0,0,0
0.444444444,0.055555556,5.886904762,0
0,0,0,0
0,0,0,0
0,0,0,0
0.139285714,0.035714286,2.5,0
0,0,0,0
0,0,0,0
0.371179684,0.19047619,6.285714286,0
0.088341789,0.266666667,3.296536797,0
0.264499179,0.060606061,4.275757576,0
2.942850705,0.527777778,31.8,26
0,0,0,0
0,0,0,0
0.05990099,0.333333333,0.666666667,0
0,0,0,0
0.206579811,0.476190476,7.058333333,0
0.165,0.066666667,5.75,0
0,0,0,0
0,0,0,0
0,0,0,0
0.646613683,0.090909091,7.76979638,0
0,0,0,0
4.178706941,0.158974359,164.5785714,0
0,0,0,0
0,0,0,0
0,0,0,0
0,0,0,0
0,0,0,0
0,0,0,0
0,0,0,0
0,0,0,0
1.201085859,0.25,17.25,4
0,0,0,0
3.279456654,1,22.75,12
0,0,0,0
0,0,0,0
7.506437041,0.395238095,51.67700078,80
0.145072464,0.111111111,9.666666667,0
0.5,0.333333333,1,0
0,0,0,0
0,0,0,0
0,0,0,0
0,0,0,0
0,0,0,0
0,0,0,0
0,0,0,0
0,0,0,0
0.605555556,0.083333333,19.98412698,0
0,0,0,0
3.988607867,0.742647059,252.2,0
0,0,0,0
0,0,0,0
0.141750918,1,5.5,0
0,0,0,0
0,0,0,0
0,0,0,0
0,0,0,0
0.428571429,0.032967033,4.8,0
0,0,0,0
0,0,0,0
0,0,0,0
0,0,0,0
0,0,0,0
0,0,0,0
0,0,0,0
0.260526316,0.166666667,2.333333333,0
0,0,0,0
4.720627475,0.106214689,395.3166667,0
0,0,0,0
0,0,0,0
5.152366905,0.183507549,308.5833333,0
0.5,0.333333333,0,0
0.08155293,0.004926108,4,0
6.647585131,0.263257576,104.7030525,0
0,0,0,0
0,0,0,0
0,0,0,0
0,0,0,0
0,0,0,0
0,0,0,0
0,0,0,0
0.236279257,0.138888889,0,0
0,0,0,0
0.595238095,1,6.240079365,0
0,0,0,0
0,0,0,0
0,0,0,0
0,0,0,0
0.29,0.166666667,22,2
0.084889643,0.333333333,0,0
0,0,0,0
0.07771261,0.333333333,0,0
0,0,0,0
0,0,0,0
0,0,0,0
0,0,0,0
0,0,0,0
0.117406051,0.19047619,9.4,0
0,0,0,0
0.249915118,0.055555556,3.833333333,0
0,0,0,0
0,0,0,0
0.477764329,0.428571429,44.66666667,0
0.400813223,0.109090909,7.916666667,0
0,0,0,0
0,0,0,0
0,0,0,0
0.087065637,0.2,7.966666667,0
0,0,0,0
0.342857143,0.166666667,2.05,0
0,0,0,0
0,0,0,0
0,0,0,0
0,0,0,0
0,0,0,0
0,0,0,0
0,0,0,0
0,0,0,0
0,0,0,0
0.271428571,0.166666667,4.5,0
0,0,0,0
0.855555556,0.3,3.478446115,0
0,0,0,0
0,0,0,0
0,0,0,0
0,0,0,0
0,0,0,0
0,0,0,0
0.609915004,0.155555556,11.55275974,0
0,0,0,0
0.35,1,2.9,0
0,0,0,0
0,0,0,0
0.025675676,0.066666667,3.333333333,0
0,0,0,0
0,0,0,0
0,0,0,0
0,0,0,0
0,0,0,0
0.081196581,0.333333333,0,0
0,0,0,0
0,0,0,0
0,0,0,0
0,0,0,0
0.583333333,0.333333333,0,0
0,0,0,0
0,0,0,0
0,0,0,0
0,0,0,0
0,0,0,0
0,0,0,0
0,0,0,0
0.602221043,0.044117647,2.083333333,0
0,0,0,0
0,0,0,0
0,0,0,0
0,0,0,0
0,0,0,0
0,0,0,0
0,0,0,0
2.531847828,0.5,16.7468254,0
0,0,0,0
0,0,0,0
0,0,0,0
0.924374681,0.316176471,25.24093407,0
2.054914125,0.05959596,86.64960317,0
0.012313405,0.333333333,2.023809524,0
0,0,0,0
0,0,0,0
0,0,0,0
0,0,0,0
1.038826839,0.183823529,53.58635531,0
0.160839161,0.000564348,28.32121212,0
0,0,0,0
0,0,0,0
0,0,0,0
0,0,0,0
0,0,0,0
0,0,0,0
0,0,0,0
0,0,0,0
0,0,0,0
0.066849817,0.047619048,1.333333333,0
1.233333333,0.5,2.266666667,0
0,0,0,0
0.830046726,0.078431373,15.39047619,0
0,0,0,0
0.1877849,0.142857143,3.8,0
0.272661948,0.238095238,6.888888889,0
0,0,0,0
0,0,0,0
0,0,0,0
0,0,0,0
0.039795114,1,2.222222222,0
0,0,0,0
0,0,0,0
3.599303427,0.566176471,127.2,0
0.122159091,0.066666667,0,0
0,0,0,0
0,0,0,0
0,0,0,0
2.128571429,0.6,7.965034965,0
0,0,0,0
0,0,0,0
0.406908119,0.952380952,23.50760073,0
0,0,0,0
0.786852303,0.095588235,20.43524531,0
1.121544162,0.155555556,9.444444444,0
0,0,0,0
0,0,0,0
0.124962923,0.142857143,4.666666667,0
0,0,0,0
0,0,0,0
0.884225014,0.25,2.5,0
4.490535747,0.450592885,83.38803419,0
0,0,0,0
0.042982456,0.333333333,0,0
0.257575758,0.066666667,2,0
0,0,0,0
0.071770335,0.166666667,0,0
0.193140582,0.571428571,6.115384615,0
0,0,0,0
0,0,0,0
0,0,0,0
0,0,0,0
0,0,0,0
2.928475065,0.063591894,78.37626263,2
0.725980392,0.266666667,3.58531746,0
0,0,0,0
0.16031746,0.019607843,6.111111111,0
0,0,0,0
0,0,0,0
0,0,0,0
0.253968254,0.047619048,6,0
0,0,0,0
0,0,0,0
0,0,0,0
0,0,0,0
0.852419947,0.208791209,36.33333333,0
0,0,0,0
12.74771489,0.19754386,684.5795455,0
0.076315789,0.166666667,20,0
0,0,0,0
0,0,0,0
0,0,0,0
0.225641026,0.166666667,0.285714286,0
0,0,0,0
2.774000224,0.533333333,162.6666667,0
0,0,0,0
0,0,0,0
0.5,0.166666667,1,0
0.5,1,2,0
0,0,0,0
0,0,0,0
0,0,0,0
0,0,0,0
0.515372349,0.040322581,7.946428571,0
0.359277504,0.095238095,6.916666667,0
0,0,0,0
0,0,0,0
0,0,0,0
0.159482759,0.1,2.029605263,0
0,0,0,0
2.086157595,0.045454545,136.0583333,0
0,0,0,0
0.520707071,0.107142857,4.312782805,0
0,0,0,0
0.23125,0.166666667,0,0
0,0,0,0
0,0,0,0
2.003800224,0.703296703,98.16666667,0
0,0,0,0
0.361111111,0.166666667,2.230769231,0
0,0,0,0
0,0,0,0
1.351413293,0.145454545,7.697619048,0
0,0,0,0
0.30394536,0.015384615,13.26666667,0
0.089285714,1,0,0
0.047722567,0.666666667,4.168831169,0
0.089285714,1,1.333333333,0
0.025254866,0.022222222,3.75,0
0.384179672,0.155555556,12.16666667,0
0.175,0.333333333,3.166666667,0
0,0,0,0
0.380147059,0.066666667,1.5,0
0,0,0,0
1.272222222,0.4,0,0
0,0,0,0
0,0,0,0
0,0,0,0
0.416666667,0.166666667,0.666666667,0
0,0,0,0
0,0,0,0
0,0,0,0
0,0,0,0
0,0,0,0
0.257575758,0.166666667,2.840336134,0
0,0,0,0
0,0,0,0
0,0,0,0
0,0,0,0
0.285714286,0.021978022,7.2,0
0.333333333,0.066666667,1.5,0
0,0,0,0
0,0,0,0
0.257692308,0.166666667,0,0
0,0,0,0
0,0,0,0
0.204761905,0.3,25,0
0,0,0,0
0,0,0,0
0,0,0,0
1.678182928,0.114285714,10.6,0
0,0,0,0
0,0,0,0
0.757936508,0.5,5.4,0
0,0,0,0
0,0,0,0
0,0,0,0
0.476190476,0.333333333,2.225,0
0,0,0,0
0,0,0,0
0,0,0,0
0,0,0,0
0,0,0,0
0.038675958,0.066666667,3.6,0
0.504466486,0.131868132,17.3,0
0,0,0,0
0,0,0,0
0,0,0,0
0,0,0,0
0,0,0,0
0,0,0,0
0,0,0,0
0,0,0,0
0,0,0,0
0.236111111,0.1,0,0
1.421751943,0.533333333,12.75,0
0,0,0,0
0,0,0,0
0,0,0,0
0,0,0,0
0,0,0,0
7.409330837,0.241545894,416.7428571,0
0,0,0,0
0,0,0,0
0,0,0,0
0,0,0,0
0.285714286,0.333333333,2.017857143,0
0,0,0,0
0,0,0,0
0,0,0,0
1.5,0.5,2.5,0
0,0,0,0
0,0,0,0
0,0,0,0
0,0,0,0
0.833333333,1,0,0
0,0,0,0
0,0,0,0
0.445920304,0.017204301,18.35,0
0,0,0,0
0,0,0,0
0.847047343,0.153846154,14.04891775,0
0,0,0,0
0.075030865,0.071428571,0,0
0,0,0,0
0.222490607,0.333333333,7,0
0,0,0,0
0,0,0,0
0,0,0,0
0,0,0,0
0,0,0,0
0.68247391,0.472222222,22.05769231,0
0,0,0,0
0,0,0,0
0,0,0,0
0.583333333,0.333333333,2,0
0.290909091,1,2.166666667,0
0.45,0.333333333,2.333333333,0
4.200961538,0.488888889,23.2,12
0,0,0,0
0,0,0,0
0,0,0,0
0,0,0,0
0,0,0,0
0,0,0,0
0.311384747,0.9,3.966666667,0
0,0,0,0
0,0,0,0
0,0,0,0
0,0,0,0
1.861669399,0.39869281,45.42933455,0
0.036179922,0.1,1.333333333,0
0,0,0,0
0,0,0,0
0,0,0,0
0.135964912,1,2,2
0,0,0,0
0.366666667,0.166666667,2.007575758,0
0,0,0,0
0,0,0,0
0.086013986,0.333333333,2.321428571,0
0.446783548,0.4,8.025396825,0
0,0,0,0
0.40990099,0.666666667,0,0
0,0,0,0
0,0,0,0
0.094758065,0.166666667,3.157142857,0
8.221914107,0.868131868,95.83333333,80
0,0,0,0
0,0,0,0
0,0,0,0
0,0,0,0
1.698717949,0.166666667,14.66666667,0
1.508951468,0.095238095,63.73409091,0
0,0,0,0
0,0,0,0
0,0,0,0
0.726190476,0.666666667,0,0
0,0,0,0
0,0,0,0
0,0,0,0
0.056942425,0.133333333,7.5,0
0,0,0,0
0,0,0,0
0,0,0,0
0.432654127,0.032679739,4.152380952,0
0,0,0,0
0,0,0,0
0,0,0,0
0,0,0,0
0,0,0,0
0,0,0,0
0,0,0,0
0,0,0,0
0,0,0,0
0.882763975,0.4,5.416666667,0
2.51798419,0.109848485,101.4345238,0
0,0,0,0
0,0,0,0
0,0,0,0
0.156345043,0.4,9.666666667,0
0,0,0,0
0,0,0,0
0,0,0,0
0,0,0,0
0,0,0,0
0,0,0,0
0,0,0,0
0,0,0,0
0,0,0,0
7.066324852,0.977777778,16.7952381,0
0,0,0,0
0.861111111,0.5,3.666666667,0
0,0,0,0
0,0,0,0
0,0,0,0
0,0,0,0
0,0,0,0
0.243589744,0.333333333,2.004761905,0
0,0,0,0
0,0,0,0
7.703218521,0.509803922,58.27832168,0
0.03546798,0.333333333,1.111111111,0
1.006689024,0.311111111,33.33116883,0
3.08903816,0.079939668,426,0
0,0,0,0
0,0,0,0
0.653409091,0.333333333,0,0
0,0,0,0
0.063530567,0.2,2.857142857,0
0,0,0,0
0,0,0,0
0,0,0,0
0,0,0,0
0,0,0,0
0,0,0,0
0,0,0,0
0.098823529,0.166666667,2.857142857,0
0,0,0,0
0.75,0.666666667,0,0
0,0,0,0
0.509334221,0.3,7.101282051,0
0.166666667,1,0,0
0.341469246,0.238095238,41,0
0,0,0,0
0.206562411,0.111111111,2.063492063,0
0,0,0,0
0,0,0,0
0,0,0,0
0.614102564,0.2,4.285714286,0
0,0,0,0
0,0,0,0
0,0,0,0
0,0,0,0
0,0,0,0
1.152380952,0.266666667,6,0
0.110851159,0.2,0,0
0,0,0,0
0.514389234,0.2,2.5,0
0.02854251,0.166666667,12.33333333,0
0,0,0,0
0,0,0,0
3.056973238,0.193732194,123.75,0
0,0,0,0
0,0,0,0
0,0,0,0
0,0,0,0
0,0,0,0
0,0,0,0
0,0,0,0
0,0,0,0
0.094298246,0.333333333,1.142857143,0
0,0,0,0
0.333333333,0.166666667,0.818181818,0
0,0,0,0
0.097069597,0.133333333,3.571428571,0
0.126811594,0.333333333,0,0
0,0,0,0
0,0,0,0
0,0,0,0
0,0,0,0
0,0,0,0
0,0,0,0
0,0,0,0
0,0,0,0
0,0,0,0
0,0,0,0
0,0,0,0
0.063361538,0.133333333,9,0
0,0,0,0
0.290909091,0.1,3,0
0.198500781,0.011857708,2.114285714,0
0,0,0,0
8.062672302,0.658333333,70.74444444,80
0,0,0,0
0.385609244,0.033333333,13.75,0
0,0,0,0
0,0,0,0
0,0,0,0
0,0,0,0
0.098601399,0.018181818,3.333333333,0
0,0,0,0
0,0,0,0
0.081788327,0.2,2.5,0
0,0,0,0
6.762061797,0.320158103,52.28141332,0
0,0,0,0
0.18358396,0.666666667,2,0
0,0,0,0
0,0,0,0
0,0,0,0
0,0,0,0
0,0,0,0
0,0,0,0
0,0,0,0
0,0,0,0
0,0,0,0
0,0,0,0
0,0,0,0
2.738364363,0.351449275,176.4666667,0
0.716916452,0.888888889,26.06669719,0
0,0,0,0
0,0,0,0
0,0,0,0
0,0,0,0
0,0,0,0
0.73015873,0.2,3.619047619,10
0,0,0,0
6.261924217,0.098136646,244.7806638,0
0,0,0,0
0,0,0,0
0.452099504,0.178571429,3.333333333,0
0,0,0,0
0,0,0,0
0,0,0,0
0,0,0,0
0,0,0,0
0.5,1,0,0
0,0,0,0
0,0,0,0
0,0,0,0
0.242857143,0.047619048,0,0
0,0,0,0
4.092094017,0.678571429,19.2,0
0,0,0,0
0,0,0,0
0,0,0,0
0.032407252,0.2,4.506493506,0
0,0,0,0
0,0,0,0
0,0,0,0
0,0,0,0
0,0,0,0
0,0,0,0
0,0,0,0
0.227730132,0.2,9,0
0,0,0,0
0,0,0,0
0.345833333,0.055555556,0,0
0.531236551,0.464285714,46.66666667,0
0,0,0,0
1.364285714,0.25,14.25,2
0,0,0,0
0,0,0,0
0,0,0,0
0,0,0,0
0,0,0,0
0,0,0,0
0,0,0,0
0,0,0,0
0,0,0,0
0,0,0,0
0,0,0,0
0,0,0,0
0,0,0,0
0,0,0,0
0,0,0,0
0,0,0,0
0,0,0,0
0.03546798,0.166666667,0,0
0,0,0,0
0,0,0,0
0,0,0,0
0,0,0,0
0,0,0,0
0,0,0,0
0,0,0,0
0,0,0,0
0.674407945,0.266666667,2.816666667,0
0,0,0,0
0,0,0,0
0.026013514,1,0,0
0,0,0,0
0,0,0,0
0,0,0,0
0.31721968,0.3,3.083333333,0
0,0,0,0
0,0,0,0
0,0,0,0
0,0,0,0
0,0,0,0
0.865775401,0.133333333,38.5,0
1.5,0.5,2.004166667,0
0,0,0,0
6.479431872,0.087345679,258.8984293,0
0.104492669,0.2,2.816666667,0
0,0,0,0
0,0,0,0
0,0,0,0
0,0,0,0
0,0,0,0
0,0,0,0
0.206462056,0.036363636,10.33333333,0
0.713802366,0.009737098,64.95952381,34
0,0,0,0
0,0,0,0
0,0,0,0
0.082491582,0.166666667,1.5,0
0,0,0,0
0,0,0,0
0,0,0,0
0,0,0,0
2.050815851,0.666666667,18.82222222,0
0,0,0,0
0,0,0,0
0.135248232,1,3.619047619,0
0,0,0,0
0,0,0,0
0,0,0,0
0,0,0,0
0.128495079,0.285714286,4.432142857,0
0.667143015,0.527777778,34.18015873,0
0.798863636,0.090909091,9,0
0,0,0,0
0,0,0,0
0,0,0,0
3.264886455,0.13963964,49.81908369,0
0,0,0,0
0,0,0,0
0,0,0,0
0.032407252,0.133333333,15,0
0,0,0,0
0,0,0,0
0,0,0,0
0,0,0,0
0.774926243,0.166666667,6.857142857,0
1.640594291,0.341666667,105.2833333,0
0,0,0,0
0,0,0,0
0,0,0,0
0,0,0,0
0.619047619,0.133333333,4.304545455,0
0,0,0,0
0,0,0,0
5.23790398,0.238095238,251.2760989,0
0,0,0,0
0,0,0,0
0.077205882,0.1,10,0
0,0,0,0
0,0,0,0
0,0,0,0
0,0,0,0
0,0,0,0
0,0,0,0
0,0,0,0
0.828004376,0.080882353,21.33333333,0
0,0,0,0
1.464295767,0.048780488,62.98730159,0
0,0,0,0
0,0,0,0
0,0,0,0
0,0,0,0
0,0,0,0
0,0,0,0
0.333333333,0.066666667,0,0
0,0,0,0
0,0,0,0
0,0,0,0
0,0,0,0
0,0,0,0
0.046320346,0.166666667,7.5,0
0,0,0,0
0,0,0,0
0.571428571,0.095238095,0,0
0,0,0,0
0,0,0,0
0.094758065,0.333333333,3.157142857,0
0,0,0,0
0,0,0,0
0,0,0,0
0,0,0,0
0,0,0,0
5.605555556,0.352941176,35.6,0
0,0,0,0
0,0,0,0
0,0,0,0
0,0,0,0
0.95055004,0.333333333,9.9,0
0,0,0,0
0,0,0,0
0,0,0,0
0,0,0,0
0,0,0,0
0,0,0,0
0,0,0,0
0,0,0,0
0,0,0,0
0,0,0,0
0,0,0,0
0,0,0,0
0,0,0,0
0.543815264,0.166666667,17.01448551,0
0.059052059,0.333333333,5,0
0,0,0,0
0,0,0,0
0.321428571,0.333333333,5,0
0,0,0,0
0,0,0,0
0,0,0,0
1.185714286,1,0,0
0.242857143,0.133333333,0,0
1.142857143,0.19047619,7.375,0
0.525486896,0.133333333,41.41666667,0
0,0,0,0
2.128571429,0.6,6.464335664,0
0,0,0,0
0,0,0,0
0,0,0,0
4.252808303,0.904761905,22.25,0
0,0,0,0
0,0,0,0
0,0,0,0
0,0,0,0
0.284482759,0.333333333,2.375,0
0.142156863,0.066666667,2.05,0
0,0,0,0
0,0,0,0
0,0,0,0
0,0,0,0
0.029540048,0.1,1.6,0
1.525,0.666666667,0,0
0.285714286,0.047619048,1.142857143,0
0,0,0,0
0,0,0,0
0.215356587,0.714285714,11.99801587,0
0,0,0,0
1.858391608,0.244444444,23.25,0
0.538329519,0.041666667,9.333333333,0
1.134400657,0.041871921,19.80725108,0
0.190966387,0.095238095,10.5,0
0.045454545,0.001057082,0.9,0
0.252380952,0.2,4.857142857,0
0,0,0,0
0,0,0,0
0,0,0,0
1.882921103,0.111827957,36.12857143,0
0.200141845,0.666666667,32.33333333,0
0,0,0,0
0,0,0,0
0,0,0,0
0,0,0,0
0,0,0,0
0,0,0,0
0.30952381,0.066666667,0.875,0
0,0,0,0
0.860116994,0.121212121,44.2,0
0,0,0,0
1.314285714,0.4,17.25,2
0,0,0,0
0,0,0,0
0.4,0.1,2.181818182,0
0,0,0,0
1.868625592,0.437908497,31.77762515,0
0,0,0,0
0,0,0,0
0,0,0,0
0,0,0,0
0.416666667,0.166666667,0,0
0.866666667,0.5,0,0
0,0,0,0
0,0,0,0
0.326923077,0.166666667,0,0
0,0,0,0
0.928571429,0.5,5.875757576,0
0,0,0,0
0,0,0,0
0,0,0,0
0,0,0,0
0,0,0,0
0,0,0,0
0,0,0,0
0,0,0,0
0,0,0,0
0,0,0,0
0,0,0,0
0,0,0,0
0,0,0,0
0,0,0,0
0,0,0,0
0,0,0,0
0,0,0,0
0.029365079,0.1,2.009090909,0
0,0,0,0
0,0,0,0
0,0,0,0
0,0,0,0
0,0,0,0
0,0,0,0
0,0,0,0
0.142252747,0.333333333,4.272727273,0
0.628571429,0.333333333,1.2,0
0,0,0,0
0,0,0,0
0.459307359,0.3,12.33333333,0
0,0,0,0
0,0,0,0
0,0,0,0
0.013922896,1,2.083333333,0
0,0,0,0
0,0,0,0
0,0,0,0
0,0,0,0
0,0,0,0
0,0,0,0
0,0,0,0
0.18358396,0.2,1.454545455,0
0,0,0,0
0,0,0,0
0,0,0,0
0,0,0,0
0,0,0,0
0,0,0,0
0,0,0,0
0,0,0,0
0,0,0,0
0,0,0,0
0,0,0,0
0.321428571,1,2,0
0,0,0,0
0,0,0,0
0,0,0,0
0,0,0,0
0,0,0,0
0,0,0,0
0,0,0,0
0,0,0,0
0,0,0,0
0.13193772,0.19047619,3.74512987,0
0,0,0,0
0,0,0,0
0,0,0,0
0,0,0,0
0,0,0,0
0,0,0,0
0,0,0,0
2.313227279,0.05410628,77.94642857,0
0.845238095,0.058333333,2.083333333,0
0,0,0,0
0,0,0,0
0,0,0,0
0,0,0,0
0,0,0,0
0,0,0,0
6.214533047,0.226381462,188.6904762,0
0,0,0,0
0,0,0,0
0,0,0,0
0,0,0,0
0,0,0,0
0,0,0,0
0,0,0,0
0,0,0,0
1.639869281,0.25,12.90277778,0
0.75,0.333333333,0,0
0,0,0,0
0,0,0,0
0,0,0,0
0,0,0,0
0,0,0,0
0,0,0,0
0,0,0,0
0,0,0,0
0,0,0,0
0,0,0,0
0,0,0,0
0,0,0,0
1,0.3,3,0
0.257575758,0.066666667,0,0
0,0,0,0
0.254766977,0.054945055,5.439102564,0
0,0,0,0
0,0,0,0
0,0,0,0
0,0,0,0
0,0,0,0
0,0,0,0
0,0,0,0
0,0,0,0
0.040424408,0.3,4.6,0
0,0,0,0
1.555555556,0.194444444,9.266666667,2
0,0,0,0
0.909683588,0.0995671,76.68831169,0
0,0,0,0
0,0,0,0
0.056942425,0.095238095,0,0
0,0,0,0
0,0,0,0
0.8,0.2,5.3,0
0,0,0,0
0,0,0,0
0,0,0,0
0.077205882,0.066666667,2.395604396,0
0.767857143,0.142857143,2.8,0
0.172619048,0.1,0,0
0,0,0,0
0,0,0,0
0,0,0,0
0,0,0,0
0,0,0,0
0,0,0,0
0,0,0,0
2.531847828,0.666666667,17.13571429,0
0,0,0,0
0,0,0,0
0.711088911,0.127272727,22.42857143,2.25
0,0,0,0
0,0,0,0
0,0,0,0
0,0,0,0
0,0,0,0
0.442460317,0.083333333,0,0
0,0,0,0
0,0,0,0
0,0,0,0
0,0,0,0
0.509259259,0.066666667,2.198412698,0
0,0,0,0
0.528846154,0.333333333,3.416666667,0
0.549373041,0.022167488,7.920634921,0
2.674334032,0.219373219,45.99441392,0
0.063894523,1,2.796052632,0
0.152491582,0.095238095,3.404545455,0
0,0,0,0
1.403038138,0.151515152,14.21309524,0
0.5,0.166666667,1,0
0,0,0,0
0,0,0,0
0,0,0,0
0,0,0,0
0.103567319,1,2.083333333,2
0,0,0,0
0,0,0,0
0,0,0,0
0,0,0,0
0,0,0,0
0,0,0,0
0.477764329,0.571428571,35.16666667,0
0.57849079,0.3,0,0
0,0,0,0
0.97117107,0.238095238,0,0
0,0,0,0
0,0,0,0
0.186335404,0.047619048,1,0
0,0,0,0
0,0,0,0
0.016598587,0.333333333,0,0
0,0,0,0
0,0,0,0
0,0,0,0
0,0,0,0
0.186335404,1,0,0
0,0,0,0
0.655494505,0.266666667,2.004761905,0
0,0,0,0
0,0,0,0
0.012313405,1,0,0
0,0,0,0
0,0,0,0
0.070238095,0.1,4.333333333,0
0,0,0,0
0,0,0,0
0,0,0,0
0,0,0,0
0.468092938,0.142857143,12.28571429,0
0.207210786,0.25,31.23611111,0
0,0,0,0
0.106666667,1,0,0
0,0,0,0
0,0,0,0
0,0,0,0
0,0,0,0
0,0,0,0
0,0,0,0
0,0,0,0
0,0,0,0
0,0,0,0
0.135746606,0.1,0,0
0.061507937,0.047619048,0,0
0.175757576,1,2.023809524,0
0,0,0,0
0,0,0,0
0,0,0,0
0,0,0,0
0,0,0,0
0,0,0,0
0,0,0,0
0,0,0,0
0,0,0,0
0.225,0.035714286,0.615384615,0
0,0,0,0
0,0,0,0
0,0,0,0
0.233766234,0.166666667,0,0
0,0,0,0
4.369350626,0.257309942,39.52063492,26
0.056942425,0.666666667,5,0
0,0,0,0
0,0,0,0
0,0,0,0
0,0,0,0
0,0,0,0
3.267444004,0.476190476,38.963868,0
0,0,0,0
0,0,0,0
0.629595972,0.476190476,15.2,0
0,0,0,0
0,0,0,0
1.765223665,0.476190476,10.1048951,12
0,0,0,0
0,0,0,0
0.342857143,0.1,2.5,0
0,0,0,0
0.416666667,1,2.166666667,0
0,0,0,0
2.942777851,0.083256244,109.5725871,0
0,0,0,0
0,0,0,0
0,0,0,0
0,0,0,0
0,0,0,0
0,0,0,0
0.16025641,0.047619048,2.063492063,0
0,0,0,0
0,0,0,0
0,0,0,0
0,0,0,0
0,0,0,0
0.211111111,1,2.5,0
0,0,0,0
0,0,0,0
0,0,0,0
0,0,0,0
0,0,0,0
0,0,0,0
0,0,0,0
0,0,0,0
0,0,0,0
0,0,0,0
0,0,0,0
0,0,0,0
0.249651295,0.054545455,3.284313725,0
0,0,0,0
0,0,0,0
0,0,0,0
1.310192662,0.314285714,80.08333333,0
0.781432749,0.142857143,2.033333333,0
0,0,0,0
0,0,0,0
0.824663987,0.095588235,37.83333333,0
0,0,0,0
3.114725861,0.233333333,126.0604701,0
0,0,0,0
0,0,0,0
0,0,0,0
0,0,0,0
0.183333333,0.027777778,2,0
0,0,0,0
0.892857143,0.142857143,4.25,0
0.094298246,1,0.888888889,0
0,0,0,0
0.023258819,0.1,0,0
0.9,0.3,3.333333333,0
0.361367983,0.535714286,26,0
0,0,0,0
0,0,0,0
0,0,0,0
0.477777778,0.142857143,4.5,0
0.033333333,0.1,3.333333333,0
0,0,0,0
0.028490028,0.1,1.333333333,0
0,0,0,0
0,0,0,0
0,0,0,0
0,0,0,0
0.451416116,0.153846154,17.68722944,0
0,0,0,0
1.530186072,0.275,94.91666667,0
0,0,0,0
0,0,0,0
0,0,0,0
0,0,0,0
0,0,0,0
0,0,0,0
3.509157509,0.294871795,14.49285714,12
0,0,0,0
0,0,0,0
0,0,0,0
0,0,0,0
0,0,0,0
0,0,0,0
0,0,0,0
1.158333333,0.266666667,0,0
0,0,0,0
1.562452107,0.25,11.3,0
0,0,0,0
0,0,0,0
0,0,0,0
2.953818419,0.316017316,65.98492063,0
0,0,0,0
0,0,0,0
0,0,0,0
0,0,0,0
0.320088819,0.016666667,9.833333333,0
0,0,0,0
0,0,0,0
0.042982456,0.1,0,0
0,0,0,0
0,0,0,0
0,0,0,0
0.855555556,0.3,4.423809524,0
0,0,0,0
0,0,0,0
0.831105169,0.075,27.85714286,0
7.097608274,0.712121212,39.08333333,0
0,0,0,0
0,0,0,0
0,0,0,0
0,0,0,0
0,0,0,0
0,0,0,0
0,0,0,0
0,0,0,0
0,0,0,0
0,0,0,0
0,0,0,0
0,0,0,0
3.201572794,0.25,37.66464646,0
0.5,0.133333333,2.009090909,0
1.098851712,0.155555556,8.8,0
0,0,0,0
0,0,0,0
0.633333333,0.666666667,0,0
0,0,0,0
0.394905095,0.043956044,6.7,0
0,0,0,0
0,0,0,0
0,0,0,0
0,0,0,0
0,0,0,0
0,0,0,0
0,0,0,0
0,0,0,0
0,0,0,0
1.198290109,0.047348485,43.85577201,0
0,0,0,0
0,0,0,0
0,0,0,0
0.863869464,0.138888889,11.28571429,0
0,0,0,0
0.035542016,0.1,0,0
0,0,0,0
0,0,0,0
0,0,0,0
0,0,0,0
0.632205514,0.033333333,2.114285714,0
0,0,0,0
0.118803419,0.047619048,3.333333333,0
0.653409091,0.666666667,0,0
0,0,0,0
0.022559218,0.066666667,1.6,0
0,0,0,0
0,0,0,0
0,0,0,0
0.44647531,0.107142857,4.433333333,0
0,0,0,0
1.68420561,0.252747253,11.52813853,0
0,0,0,0
0.026477146,0.066666667,0,0
0,0,0,0
0,0,0,0
0,0,0,0
0.032407252,0.2,4.506493506,0
0.049959668,0.666666667,6.333333333,0
0,0,0,0
0,0,0,0
0.377316511,0.166666667,22.8,0
0,0,0,0
0,0,0,0
0.106666667,0.1,0,0
3.242252725,0.276190476,41.15277778,0
0,0,0,0
0,0,0,0
2.075213461,0.142857143,46.82234432,12
0,0,0,0
0,0,0,0
0,0,0,0
0,0,0,0
0,0,0,0
0.725612441,0.164835165,31.63333333,0
0,0,0,0
0,0,0,0
0,0,0,0
0.125680513,0.4,1.2,0
2.007174693,0.5,53.33333333,4.5
0,0,0,0
0,0,0,0
0,0,0,0
0,0,0,0
0,0,0,0
0,0,0,0
0,0,0,0
0,0,0,0
0,0,0,0
0.099943451,0.025641026,1.333333333,0
0.040308748,0.107142857,0,0
0.267279322,0.222222222,13.21428571,0
0,0,0,0
0,0,0,0
0,0,0,0
0,0,0,0
0,0,0,0
0,0,0,0
0,0,0,0
0,0,0,0
0,0,0,0
0,0,0,0
0,0,0,0
0,0,0,0
0.186335404,1,1,0
0.642857143,0.333333333,1.2,0
0.83,0.5,6.571428571,0
4.213488656,0.720588235,232.75,0
0,0,0,0
0,0,0,0
0,0,0,0
0,0,0,0
0,0,0,0
0,0,0,0
0.314458531,0.238095238,16.45,0
0,0,0,0
0,0,0,0
0,0,0,0
2.271428571,0.016341213,236.2151515,0
0,0,0,0
0,0,0,0
0,0,0,0
0,0,0,0
0,0,0,0
0,0,0,0
0,0,0,0
0,0,0,0
0,0,0,0
0,0,0,0
1.438475367,0.196969697,4.233333333,0
0,0,0,0
0,0,0,0
0,0,0,0
1.875,0.1,19.08681319,0
0,0,0,0
3.246287919,0.485380117,63.41620879,0
0,0,0,0
1.252748214,0.208791209,12.73730159,0
0.553571429,0.2,0,0
0,0,0,0
0,0,0,0
0,0,0,0
0,0,0,0
0.882575758,0.2,3.858585859,0
0.260897436,0.2,5,0
1.553571429,0.285714286,7.444444444,0
0.052351097,0.1,2.009090909,0
0,0,0,0
0,0,0,0
0.0495338,0.333333333,0,0
0,0,0,0
0,0,0,0
0,0,0,0
0,0,0,0
0,0,0,0
0,0,0,0
0,0,0,0
0.40990099,0.133333333,0,0
0.594405045,0.236363636,27.30952381,0
0,0,0,0
5.954038851,0.557971014,1196,0
0,0,0,0
1.122222222,0.5,0,0
0,0,0,0
0,0,0,0
1.397445039,0.222222222,14.875,0
0,0,0,0
0,0,0,0
0,0,0,0
0,0,0,0
0,0,0,0
1.576190476,0.25,0,0
0,0,0,0
0,0,0,0
0,0,0,0
0.189922481,0.166666667,0,0
0,0,0,0
0,0,0,0
0,0,0,0
0,0,0,0
0,0,0,0
0,0,0,0
0,0,0,0
0,0,0,0
0,0,0,0
0,0,0,0
0,0,0,0
0,0,0,0
0.056942425,0.2,2.142857143,0
0,0,0,0
0.583333333,0.333333333,4.564102564,0
0,0,0,0
0,0,0,0
0,0,0,0
0,0,0,0
3.661538462,0.422222222,16.00952381,12
0,0,0,0
0.102440227,0.266666667,7.285714286,0
0,0,0,0
0.360547667,0.214285714,14.72619048,0
0,0,0,0
0,0,0,0
0,0,0,0
0,0,0,0
0,0,0,0
0,0,0,0
0.333333333,0.066666667,6,0
0,0,0,0
0,0,0,0
0,0,0,0
0,0,0,0
0,0,0,0
0.046470163,0.333333333,0,0
0,0,0,0
0,0,0,0
0.20952381,0.166666667,4,0
0,0,0,0
0.648717949,0.064102564,11.83333333,0
0,0,0,0
1.366209506,0.183333333,10.48015873,0
0,0,0,0
0.427020202,0.133333333,6.5,0
0,0,0,0
0.45069698,0.288888889,13.55768398,0
0,0,0,0
4.988979647,0.066139241,188.8129962,0
0.089285714,1,1.142857143,0
1.166666667,1,2.4,0
0,0,0,0
0,0,0,0
0.666666667,0.333333333,0.875,0
0,0,0,0
0,0,0,0
0,0,0,0
0,0,0,0
11.18856234,0.475975976,375.1163919,0
4.482327707,0.111008326,133.1435065,0
0,0,0,0
0,0,0,0
0,0,0,0
0.03546798,0.1,1.666666667,0
0,0,0,0
1.525,0.666666667,0,0
0.134350834,0.19047619,5.531746032,0
2.075413938,0.388888889,9.699574935,0
1.010171581,0.257575758,27.8015873,0
0,0,0,0
0,0,0,0
0,0,0,0
0,0,0,0
0,0,0,0
0,0,0,0
0,0,0,0
0,0,0,0
0.476190476,0.023809524,0,0
0,0,0,0
0.42935686,0.5,4.80952381,12
0.417722222,0.083333333,5.507936508,0
0.025073518,0.166666667,0,0
0,0,0,0
0,0,0,0
0,0,0,0
0,0,0,0
0,0,0,0
0,0,0,0
0,0,0,0
0,0,0,0
0,0,0,0
0.047230611,0.2,11,0
0.416666667,0.2,3.892857143,0
11.19642447,0.109380408,905.5380952,0
0,0,0,0
0,0,0,0
0,0,0,0
0,0,0,0
0,0,0,0
0,0,0,0
1.305555556,0.380952381,5.771428571,0
0.276923077,0.333333333,0,0
0.089285714,0.333333333,0,0
1.142857143,0.19047619,7,0
0,0,0,0
0.184210526,0.166666667,2.28030303,0
0,0,0,0
0,0,0,0
0,0,0,0
0,0,0,0
0,0,0,0
0.606896552,0.142857143,4.165909091,0
0,0,0,0
0.416475766,0.107142857,0,0
0.164526422,0.2,3.083333333,0
0,0,0,0
0,0,0,0
0,0,0,0
0,0,0,0
0,0,0,0
0,0,0,0
0.55,0.107142857,2,0
0.281165617,0.021052632,10.25,0
0,0,0,0
0,0,0,0
0,0,0,0
1.379190948,0.222222222,17.1,0
0,0,0,0
0,0,0,0
0,0,0,0
0,0,0,0
0,0,0,0
7.109215859,0.462962963,412.6666667,0
0.135248232,0.476190476,4.744047619,0
1.239393939,0.166666667,4.193650794,0
0,0,0,0
1.25117027,0.305555556,8.831578947,0
0,0,0,0
0,0,0,0
0,0,0,0
0,0,0,0
0,0,0,0
0,0,0,0
0,0,0,0
0,0,0,0
0,0,0,0
0.819198346,0.085714286,5.880952381,0
0,0,0,0
0,0,0,0
0,0,0,0
0.561353848,0.006792059,45.5,0
0,0,0,0
0,0,0,0
0,0,0,0
1.992458582,0.283333333,100,0
0,0,0,0
0,0,0,0
1.472222222,0.151515152,18.75,0
0,0,0,0
0.173913043,1,0,0
0,0,0,0
0,0,0,0
0.107402547,0.19047619,9.910714286,0
0,0,0,0
5.157488693,0.09585038,89.46847042,0
5.041684251,0.31372549,30.96190476,0
0,0,0,0
0,0,0,0
0,0,0,0
0.754679803,1,6.75,0
0.123167155,0.333333333,6.095238095,0
0,0,0,0
0,0,0,0
0,0,0,0
0,0,0,0
0.470935961,0.142857143,7,0
0,0,0,0
0,0,0,0
0,0,0,0
0.120088683,0.2,8.555555556,0
0,0,0,0
0.4986822,0.109090909,3.636363636,0
0,0,0,0
0,0,0,0
0.9,0.333333333,3.95,0
0,0,0,0
0.257692308,0.166666667,2.266666667,0
0,0,0,0
0,0,0,0
0,0,0,0
0.162087912,0.047619048,2.5,2
0,0,0,0
0,0,0,0
0,0,0,0
0.134366925,1,0,0
0,0,0,0
0,0,0,0
9.209164641,0.15331992,367.7420165,0
0,0,0,0
0,0,0,0
0,0,0,0
0,0,0,0
0,0,0,0
0,0,0,0
0,0,0,0
0,0,0,0
0,0,0,0
0,0,0,0
0,0,0,0
0,0,0,0
0.089285714,1,1.333333333,0
0.799145299,0.138888889,0,0
1.238852868,0.192307692,4.82034632,0
0,0,0,0
0,0,0,0
0,0,0,0
0,0,0,0
0.182820856,0.036363636,6.95970696,0
0,0,0,0
0,0,0,0
0,0,0,0
0.069264069,1,3.333333333,0
0,0,0,0
0,0,0,0
0.285714286,0.333333333,3.5,0
0,0,0,0
0,0,0,0
0.040308748,1,0,0
0,0,0,0
0.146796117,0.001522939,17.01666667,0
0,0,0,0
0.555555556,0.032679739,0,0
0.43005839,0.012145749,15.2969697,0
7.2587971,0.223232323,265.9607143,0
0,0,0,0
0,0,0,0
0.528088578,0.5,2.166666667,0
0,0,0,0
0,0,0,0
0,0,0,0
0,0,0,0
0.015198408,0.066666667,2.395604396,0
0.305978261,0.2,0,0
0,0,0,0
0,0,0,0
0,0,0,0
2.028571429,0.833333333,0,0
0,0,0,0
0,0,0,0
0,0,0,0
0,0,0,0
0,0,0,0
0,0,0,0
4.630714982,0.10331825,180.2586027,0
0,0,0,0
0,0,0,0
0,0,0,0
2.657947384,0.073170732,30.28571429,0
0,0,0,0
0,0,0,0
0,0,0,0
0,0,0,0
0.577356,0.476190476,10.62537463,0
0,0,0,0
0,0,0,0
6.16098097,0.516483516,16.7952381,0
0.315229885,0.066666667,1.428571429,0
0,0,0,0
0.277777778,1,0,0
0,0,0,0
0,0,0,0
0,0,0,0
0,0,0,0
0,0,0,0
0,0,0,0
0,0,0,0
0.208982986,0.238095238,12.66666667,0
0,0,0,0
0,0,0,0
0,0,0,0
0,0,0,0
0,0,0,0
0,0,0,0
0,0,0,0
0,0,0,0
0,0,0,0
0,0,0,0
0.061904762,0.008333333,4.714285714,0
0.848484848,0.2,5.822727273,2
0,0,0,0
0,0,0,0
0,0,0,0
0,0,0,0
0.03546798,0.166666667,0,0
0,0,0,0
0,0,0,0
0,0,0,0
0,0,0,0
0,0,0,0
1.364389234,0.333333333,2.063492063,0
0,0,0,0
0.291666667,0.166666667,2.25,0
0,0,0,0
0.4,0.1,2.05,2
0,0,0,0
0,0,0,0
0,0,0,0
0,0,0,0
0.75,0.107142857,2.033333333,0
0,0,0,0
0.872222222,0.5,2.9,0
0,0,0,0
1.075502444,0.161764706,17.52012987,0
0,0,0,0
0,0,0,0
0,0,0,0
0,0,0,0
0.489033189,0.111111111,8.175,0
0,0,0,0
0,0,0,0
0,0,0,0
0,0,0,0
0.30248727,0.071428571,2.142857143,0
0,0,0,0
0.214629817,0.055555556,6.880952381,0
0,0,0,0
0,0,0,0
0,0,0,0
0,0,0,0
0,0,0,0
0.464285714,0.2,1.428571429,0
0,0,0,0
0,0,0,0
0,0,0,0
0,0,0,0
0,0,0,0
0,0,0,0
0,0,0,0
1.444430071,0.056451613,2.166666667,0
0.158599921,0.142857143,12,0
1.367857143,0.073684211,12.16029412,0
0,0,0,0
0,0,0,0
0,0,0,0
0,0,0,0
1.233333333,1,3.333333333,0
0,0,0,0
0,0,0,0
0,0,0,0
0,0,0,0
0,0,0,0
0.240802676,0.333333333,1.4,0
0,0,0,0
0,0,0,0
1.047758895,0.285714286,14.70378788,0
2.240651226,0.274509804,15.29816017,0
0,0,0,0
0,0,0,0
0,0,0,0
0,0,0,0
0,0,0,0
0,0,0,0
8.104828908,0.457894737,60.95587285,0
2.165976976,0.666666667,124.5833333,4.5
0,0,0,0
0,0,0,0
1.166045066,0.078431373,15.05,0
0,0,0,0
0.017708738,0.1,2.166666667,0
0.106666667,0.333333333,0,0
0,0,0,0
0,0,0,0
0,0,0,0
0,0,0,0
0.285714286,0.047619048,1.142857143,0
0,0,0,0
0,0,0,0
0,0,0,0
0,0,0,0
0,0,0,0
0.131680826,0.025641026,1.75,0
0,0,0,0
0,0,0,0
0.754679803,0.3,6.5,0
0,0,0,0
0,0,0,0
0,0,0,0
0,0,0,0
0,0,0,0
0,0,0,0
0,0,0,0
0.291666667,0.066666667,2.114285714,0
0.017708738,0.035714286,3,0
0,0,0,0
0,0,0,0
0,0,0,0
0.4,0.044444444,10,0
0.255220603,0.085714286,3.333333333,0
0,0,0,0
0.257692308,0.166666667,1.666666667,0
0.715284404,0.116666667,32.74404762,0
0.083363885,0.4,4.083333333,0
0,0,0,0
0,0,0,0
0,0,0,0
0,0,0,0
1.028726708,0.333333333,0,0
0,0,0,0
0,0,0,0
0,0,0,0
0,0,0,0
0,0,0,0
0,0,0,0
0,0,0,0
0,0,0,0
0.360979251,0.2,8.166666667,0
0,0,0,0
0.032390244,0.166666667,2.033333333,0
0,0,0,0
0.25110421,0.133333333,2.183261183,0
0.333333333,0.066666667,3.833333333,2
0,0,0,0
0,0,0,0
0,0,0,0
0,0,0,0
0.149753695,0.047619048,3.5,0
0,0,0,0
0,0,0,0
0.02240099,1,1.25,0
0.333333333,0.333333333,2.023809524,2
0,0,0,0
0,0,0,0
0,0,0,0
0,0,0,0
0.046320346,0.166666667,5,0
0,0,0,0
0,0,0,0
0.659481804,0.040935673,11.71666667,0
0,0,0,0
0,0,0,0
2.826753019,0.381818182,28.56666667,34
0,0,0,0
0,0,0,0
0.017041996,1,0,0
0,0,0,0
0.788900061,0.212121212,9.333333333,0
0,0,0,0
0,0,0,0
0,0,0,0
0,0,0,0
0,0,0,0
0,0,0,0
0.566028613,0.076923077,14.66666667,1
0,0,0,0
0,0,0,0
0,0,0,0
0,0,0,0
0.888888889,0.111111111,1,0
0.458524839,0.428571429,28.85714286,0
0,0,0,0
0,0,0,0
0,0,0,0
0.391744689,0.714285714,13.66666667,0
0,0,0,0
0,0,0,0
1.615804775,0.217948718,45.6547619,0
0,0,0,0
0,0,0,0
0,0,0,0
0.361111111,0.333333333,1,0
0,0,0,0
0,0,0,0
0,0,0,0
0,0,0,0
0,0,0,0
0,0,0,0
2.691525102,0.103840683,56.65396825,0
0,0,0,0
0,0,0,0
0,0,0,0
0,0,0,0
1.895626933,0.311111111,57.21904762,0
0,0,0,0
0,0,0,0
1.17929701,0.321428571,5.208333333,0
5.544479474,0.401709402,124.5011905,0
0,0,0,0
0,0,0,0
0,0,0,0
0,0,0,0
0,0,0,0
0,0,0,0
0,0,0,0
0,0,0,0
0,0,0,0
0,0,0,0
0,0,0,0
0,0,0,0
0,0,0,0
0,0,0,0
0,0,0,0
0,0,0,0
0,0,0,0
0.663876603,0.05,12.47720058,0
0.116666667,0.022222222,5,0
0,0,0,0
0,0,0,0
0,0,0,0
0,0,0,0
0,0,0,0
0,0,0,0
1.013599854,0.266666667,4.571428571,0
2.291666667,0.428571429,4.090909091,0
0,0,0,0
0,0,0,0
0,0,0,0
0,0,0,0
0,0,0,0
0.560453764,0.263736264,46.4,0
0,0,0,0
0.375,0.166666667,2.017857143,0
1.464300977,0.25,2.5,0
0,0,0,0
0,0,0,0
0,0,0,0
0,0,0,0
0,0,0,0
0,0,0,0
0.242770982,0.666666667,9.216991342,0
0,0,0,0
0,0,0,0
0.411149228,0.004003336,33.43333333,0
0,0,0,0
0,0,0,0
0.444055944,0.066666667,5.952380952,0
2.208884543,0.034607646,89.89943545,0
0.026415691,0.018181818,4.564102564,0
0,0,0,0
0.18358396,0.133333333,2.285714286,0
0.751404151,0.19047619,8.344871795,0
2.209457744,0.059090909,156.2,0
0,0,0,0
0,0,0,0
0.152564038,0.142857143,6.305555556,0
0,0,0,0
0,0,0,0
0,0,0,0
0.210144928,1,0,0
0,0,0,0
0,0,0,0
0,0,0,0
0,0,0,0
0,0,0,0
0,0,0,0
0,0,0,0
0,0,0,0
0,0,0,0
0,0,0,0
0,0,0,0
0,0,0,0
0,0,0,0
0,0,0,0
0.272622683,0.333333333,3.023809524,0
0,0,0,0
0.054545455,1,2.666666667,0
0,0,0,0
0,0,0,0
0,0,0,0
1.133333333,0.333333333,5.236111111,0
0.25,0.1,6.266666667,0
0,0,0,0
0,0,0,0
0,0,0,0
0,0,0,0
1.666666667,1,2.004166667,0
0.037205425,0.2,2.023809524,0
0,0,0,0
0.03546798,0.166666667,1.428571429,0
0,0,0,0
0,0,0,0
0,0,0,0
0,0,0,0
0,0,0,0
0,0,0,0
0,0,0,0
0,0,0,0
0.417627151,0.111111111,2.166666667,0
2.128571429,0.6,7.745454545,0
0,0,0,0
0,0,0,0
0,0,0,0
0,0,0,0
0.123131941,0.036363636,4.533333333,0
0,0,0,0
0,0,0,0
0,0,0,0
0,0,0,0
0.45,0.333333333,2.5,0
0,0,0,0
0,0,0,0
0.276923077,0.1,0,0
0,0,0,0
0,0,0,0
0,0,0,0
2.420617058,0.243589744,83.8,0
0.2,0.066666667,4.2,0
1.205555556,0.098901099,4.357142857,0
5.178768943,0.461538462,38.33333333,0
0.073260073,0.166666667,0,0
0,0,0,0
0,0,0,0
0.855555556,1,4.964160401,0
0,0,0,0
0,0,0,0
0,0,0,0
0,0,0,0
0,0,0,0
0,0,0,0
0,0,0,0
0,0,0,0
0.366666667,1,6.166666667,0
0,0,0,0
0,0,0,0
0,0,0,0
0,0,0,0
0,0,0,0
0,0,0,0
0,0,0,0
0.065591398,0.047619048,1.25,0
0,0,0,0
0,0,0,0
0,0,0,0
0,0,0,0
1.020618557,0.5,0,0
0,0,0,0
0.5,0.166666667,9,0
0,0,0,0
0,0,0,0
0,0,0,0
0,0,0,0
0,0,0,0
0,0,0,0
0.548484848,0.2,0,0
0,0,0,0
0,0,0,0
0,0,0,0
0,0,0,0
0,0,0,0
0,0,0,0
0,0,0,0
0,0,0,0
0.892630542,0.120879121,4.533333333,0
0,0,0,0
0.308823529,0.166666667,1,0
0,0,0,0
12.04258544,0.076427036,1422.333333,0
0.946829609,0.075862069,32.9952381,0
0,0,0,0
2.534374083,0.147186147,17.38134921,0
0,0,0,0
0.285714286,0.333333333,3.333333333,0
0,0,0,0
1.285714286,0.266666667,5.425,2.25
0.12497656,0.266666667,0,0
0,0,0,0
0,0,0,0
0,0,0,0
0,0,0,0
0,0,0,0
5.514035545,0.8,21.97460317,0
0,0,0,0
0.236111111,1,2.266666667,0
0,0,0,0
0.242982456,0.333333333,6.142857143,0
0,0,0,0
0.806483397,0.384615385,35.49184982,0
0,0,0,0
0,0,0,0
0,0,0,0
0.96654347,0.176470588,34.12738095,0
0,0,0,0
0.719922532,0.205128205,27.77564103,0
0,0,0,0
1.860265113,0.101075269,252.6666667,0
0.666666667,0.333333333,1.142857143,0
0,0,0,0
0,0,0,0
0.093650794,0.333333333,3.833333333,0
0.365042204,0.266666667,0,0
0,0,0,0
0,0,0,0
0,0,0,0
0,0,0,0
0,0,0,0
0,0,0,0
0,0,0,0
0.929166667,0.066666667,15.16666667,0
0.07037037,0.066666667,0,0
0,0,0,0
0.155051428,0.019047619,0,0
0,0,0,0
0,0,0,0
0.321428571,0.166666667,1,0
0,0,0,0
0,0,0,0
0,0,0,0
0.400857498,0.266666667,10.39215686,0
0,0,0,0
0,0,0,0
0,0,0,0
0,0,0,0
0,0,0,0
0.128715447,0.111111111,29.75,0
