Q0050,0
YER142C,0.021645021645021644
Q0080,1.0
YBL099W,0.026843357118586476
YJR121W,0.021872265966754154
Q0085,0.7619047619047619
YDR298C,0.8
YDR377W,0.8666666666666667
YKL016C,0.7142857142857143
YML081C-A,0.8
YPL078C,0.3055555555555556
Q0130,1.0
Q0250,0.3333333333333333
YBR024W,0.16666666666666666
YBR037C,0.3333333333333333
YER154W,0
Q0275,0
R0020C,0
YBL056W,0.06461538461538462
YBR217W,0.03076923076923077
YDR523C,0.044444444444444446
R0030W,1.0
YOR101W,0.13333333333333333
YOR351C,0.052564102564102565
YAL001C,0
YBR123C,0.07142857142857142
YAL002W,0.32142857142857145
YCL018W,0.024400330851943756
YDR171W,0.023497267759562842
YGL206C,0.020833333333333332
YKR026C,0.02879811930649427
YLR148W,0.08187134502923976
YLR396C,0.47619047619047616
YMR231W,0.6190476190476191
YPL045W,0.5238095238095238
YAL003W,1.0
YBR118W,0.029853479853479855
YKL081W,0.05665024630541872
YML064C,0.015935956905581326
YAL004W,0
YGL181W,0.02536997885835095
YML109W,0.0873440285204991
YAL005C,0.10476190476190476
YAR002W,0.3076923076923077
YCL028W,0.047619047619047616
YDR192C,0.06451612903225806
YHR069C,0.5151515151515151
YLR310C,0.018108651911468814
YLR335W,0.26900584795321636
YLR347C,0.04689265536723164
YNL007C,0.03333333333333333
YNL064C,0.022325761987963502
YNL077W,0
YOR098C,0.028282828282828285
YOR151C,0.07358156028368794
YOR160W,0.1111111111111111
YPL240C,0.06451612903225806
YPR010C,0.06926406926406926
YAL007C,0.13333333333333333
YAR002C-A,0.2
YBR036C,0.23717948717948717
YBR183W,0.29411764705882354
YCL025C,0.16984126984126985
YDL054C,0.13333333333333333
YDR087C,0.2727272727272727
YDR101C,0.20261437908496732
YDR127W,0.09
YEL002C,0.155049786628734
YEL063C,0.16046099290780141
YER110C,0.02694235588972431
YGL200C,0.16767676767676767
YGR060W,0.21490196078431373
YHR026W,0.2178030303030303
YHR110W,0.3235294117647059
YHR140W,0.2497175141242938
YJL117W,0.2492753623188406
YLR342W,0.007905138339920948
YML012W,0.24444444444444444
YMR290C,0.21921182266009853
YNL130C,0.20512820512820512
YPL076W,0.23638286620835536
YPL211W,0.16363636363636364
YPL264C,0.28095238095238095
YPR201W,0.10909090909090909
YAL009W,0
YDL040C,0.16666666666666666
YDR211W,0.16911764705882354
YHR004C,0
YJL176C,0.20512820512820512
YAL010C,0
YFL048C,0.15555555555555556
YJL066C,0.02705314009661836
YMR203W,0.09523809523809523
YPL235W,0.04
YAL011W,0.12121212121212122
YBL007C,0.029715358148264
YDL181W,0.07142857142857142
YDR225W,0.06456456456456457
YDR334W,0.325
YER081W,0.002412280701754386
YGR002C,0.2943722943722944
YHR158C,0.11578947368421053
YIR018W,0
YNL107W,0.3473684210526316
YOL012C,0.24210526315789474
YOR127W,0.09090909090909091
YOR269W,0.02564102564102564
YAL012W,0
YBR055C,0.020844564240790654
YJR091C,0.0012544802867383513
YMR101C,0
YMR300C,0
YPL149W,0.027692307692307693
YAL013W,0
YGL061C,0.03508771929824561
YNL330C,0.08571428571428572
YAL014C,0
YER133W,0.038683451350642536
YIL034C,0.007352941176470588
YAL015C,0.14492753623188406
YBR020W,0.03575757575757576
YBR127C,0.020701643489254108
YCL064C,0.057971014492753624
YDL029W,0.08605720122574055
YDL059C,0.0407055630936228
YDR214W,0.041666666666666664
YEL030W,0.05228758169934641
YEL060C,0.06315789473684211
YFL037W,0.029546758462421115
YFL039C,0.028317460317460318
YGR282C,0.042735042735042736
YJL088W,0.014519056261343012
YJR045C,0.024516643412397846
YJR068W,0.09274193548387097
YJR077C,0.02925531914893617
YML085C,0.039272963323596234
YMR012W,0.011764705882352941
YMR058W,0.15555555555555556
YMR146C,0.3787878787878788
YMR214W,0.07389162561576355
YNL037C,0.06842105263157895
YPR110C,0.026526162790697673
YAL016W,0.12987012987012986
YAL024C,0.2
YDL134C,0.13227513227513227
YDL188C,0.08233117483811286
YDR482C,0
YFR024C-A,0.01969904240766074
YFR040W,0.046798029556650245
YGL190C,0.042890442890442894
YGR161C,0.2857142857142857
YGR281W,0
YHR082C,0.04887218045112782
YHR135C,0.020367183017785426
YJL020C,0.030907054871220606
YLR191W,0.02147766323024055
YMR109W,0.07625707625707626
YMR273C,0.23333333333333334
YNL127W,0.02857142857142857
YNR032W,0.14285714285714285
YOL113W,0.054945054945054944
YOR014W,0.06456456456456457
YPL152W,0.2
YAL017W,0.15151515151515152
YCL027W,0.009045680687471733
YDR099W,0.026559356136820925
YDR190C,0.06451612903225806
YER054C,0.14705882352941177
YFR053C,0.01522956326987682
YGL112C,0.1495798319327731
YKL035W,0.01839080459770115
YLR258W,0.21323529411764705
YMR205C,0.12467076382791922
YOL045W,0.047619047619047616
YPR160W,0.0457516339869281
YAL018C,0.10909090909090909
YBR290W,0.2396825396825397
YDL017W,0.03827160493827161
YDR331W,0.15910465819721717
YHR114W,0.008441558441558441
YLL028W,0.14871794871794872
YLR034C,0.2
YLR264W,0.2777777777777778
YMR001C,0.054354178842782
YAL019W,0
YBL088C,0.09523809523809523
YBR084W,0.03333333333333333
YBR160W,0.008465486861257948
YDL117W,0.02536997885835095
YJL124C,0.06262626262626263
YAL021C,0.07564102564102564
YBR072W,0.020227560050568902
YCR093W,0.17333333333333334
YDL165W,0.175
YDR188W,0.0196078431372549
YDR443C,0.27472527472527475
YER068W,0.6388888888888888
YFL028C,1.0
YGL048C,0.13499245852187028
YGL178W,0.1111111111111111
YGL195W,0.014492753623188406
YGR086C,0.014705882352941176
YGR092W,0.07467532467532467
YGR134W,0.5277777777777778
YGR155W,0.057971014492753624
YGR184C,0.05128205128205128
YJL130C,0.03836734693877551
YKR036C,0.054924242424242424
YLL013C,0.07352941176470588
YLR180W,0.027099664053751398
YLR259C,0.014970059880239521
YNL025C,0.06554621848739496
YNL071W,0.024390243902439025
YNL288W,0.38461538461538464
YNR052C,0.10869565217391304
YOR027W,0.08947368421052632
YPL042C,0.08870967741935484
YPR072W,0.34615384615384615
YAL022C,0.2
YBR159W,0.06673267326732674
YDR497C,0.03571428571428571
YGL132W,0
YJR117W,0.14714714714714713
YAL023C,0
YAR027W,0.04354354354354354
YHR030C,0.046052631578947366
YIR009W,0.012307692307692308
YAL025C,0
YJR044C,0
YOR005C,0.1225296442687747
YOR267C,0.10960960960960961
YAL026C,0
YAL053W,0
YDL192W,0.07509881422924901
YPL146C,0
YAL027W,0.08333333333333333
YBR196C,0.015406162464985995
YCL024W,0.2545454545454545
YDR174W,0.02857142857142857
YDR381W,0.03896103896103896
YDR507C,0.17647058823529413
YLR044C,0.04365079365079365
YML095C,0.04710144927536232
YOL086C,0
YPL022W,0.02497687326549491
YAL028W,0.16666666666666666
YBL050W,0.03453453453453453
YDL239C,0.03333333333333333
YLR233C,0.023172905525846704
YAL029C,0.06666666666666667
YBR081C,0.3203463203463203
YBR109C,0.011474469305794608
YBR130C,0.0661764705882353
YGL106W,0.32142857142857145
YHR023W,0.05454545454545454
YKL130C,0.023809523809523808
YLR249W,0.022222222222222223
YMR139W,0.02252252252252252
YMR186W,0.03619909502262444
YMR309C,0.18421052631578946
YOR181W,0.05150905432595573
YAL030W,0
YDR468C,0.1282051282051282
YGR009C,0.06060606060606061
YAL031C,0.3333333333333333
YAL032C,0.15584415584415584
YBR017C,0.013498055364905056
YDL209C,0.2
YDR364C,0.6666666666666666
YDR416W,0.21666666666666667
YGL120C,0.07936507936507936
YGL128C,0.8333333333333334
YGR278W,0.08333333333333333
YJL203W,0.09047619047619047
YKL095W,0.044096728307254626
YKL173W,0.21652421652421652
YLL036C,0.3956043956043956
YLR117C,0.18181818181818182
YLR338W,0
YLR345W,0.047619047619047616
YLR423C,0.01643192488262911
YML049C,0.2833333333333333
YMR213W,0.18972332015810275
YMR288W,0.3333333333333333
YNL189W,0.011498708010335918
YOR036W,0.04411764705882353
YPL151C,0.08658008658008658
YPL213W,0.12121212121212122
YAL033W,0
YBR167C,0
YJR115W,0.19047619047619047
YAL034C,0.1
YBR198C,0.07738095238095238
YGR274C,0.15632183908045977
YOL004W,0.04873949579831933
YAL034W-A,0
YDL028C,0.0392156862745098
YGL172W,0.16666666666666666
YGR120C,0.10526315789473684
YKL103C,0.05391120507399577
YAL035W,0.0718954248366013
YDL014W,0.11742424242424243
YDR496C,0.23391812865497075
YER036C,0
YGL130W,0.05263157894736842
YGR102C,0
YIL018W,0.06060606060606061
YIR001C,0.10989010989010989
YLR175W,0.05519480519480519
YLR241W,0.041666666666666664
YLR427W,0.03361344537815126
YMR106C,0.02835696413678065
YNL030W,0.02702702702702703
YOR119C,0.0768361581920904
YOR361C,0.21052631578947367
YPR041W,0.1225296442687747
YAL036C,0.058823529411764705
YCR038C,0.1
YDL065C,0.037037037037037035
YDL126C,0.03871239217336419
YDR152W,0
YGR162W,0.08170731707317073
YGR250C,0
YHR027C,0.2183507549361208
YIL075C,0.125
YJL138C,0.09513742071881606
YKL152C,0.015066394279877425
YNR022C,0
YPL061W,0.017006802721088437
YAL038W,0
YNL307C,0.025901942645698426
YOR226C,0
YAL040C,0.13636363636363635
YJL013C,0
YJL157C,0.12807881773399016
YJR132W,0.008333333333333333
YLL021W,0.0661764705882353
YLR182W,0.10909090909090909
YPL014W,0.3333333333333333
YAL041W,0.054187192118226604
YBL085W,0.02125734961555857
YBR079C,0.16205533596837945
YBR200W,0.02564102564102564
YDR379W,0
YER114C,0.028019323671497585
YGL052W,0
YGL127C,0.013682092555331992
YGL233W,0.26666666666666666
YGR152C,0.26666666666666666
YGR221C,0.3333333333333333
YGR268C,0.06666666666666667
YHL007C,0.07765151515151515
YIL079C,0.08888888888888889
YJL008C,0.031711711711711714
YJL187C,0.08199643493761141
YKL172W,0.4222222222222222
YLL008W,0.3076923076923077
YLR206W,0.14285714285714285
YLR229C,0.08465608465608465
YLR357W,0.2
YMR298W,0.16666666666666666
YNL118C,0.04358974358974359
YNL175C,0.10153846153846154
YOR212W,0.030391583869082407
YPL161C,0.05238095238095238
YPR129W,0
YAL042W,0.3333333333333333
YML067C,0.2087912087912088
YML130C,0.09523809523809523
YAL043C,0.52046783625731
YDR195W,0.5220588235294118
YDR228C,0.12318840579710146
YDR301W,0.5735294117647058
YDR311W,0.012096774193548387
YGR156W,0.5824175824175825
YJL033W,0.29239766081871343
YJR093C,0.38562091503267976
YKL018W,0.3088235294117647
YKL059C,0.6083333333333333
YKR002W,0.4678362573099415
YLR115W,0.5087719298245614
YLR277C,0.49019607843137253
YMR061W,0.24675324675324675
YMR182C,0
YNL222W,0.6
YNL317W,0.2153846153846154
YOR179C,0.9
YPR107C,0.6043956043956044
YAL045C,0
YDR328C,0.03990610328638498
YJR063W,0.04843304843304843
YAL047C,0.047619047619047616
YCL032W,0.012698412698412698
YEL061C,0
YGL212W,0.03463203463203463
YGR218W,0.018648018648018648
YHR172W,0.25
YIL061C,0.03844414292175486
YLR045C,0.2
YLR212C,0.25
YLR429W,0.10606060606060606
YMR047C,0.009498082955733705
YNL126W,0.5
YNL188W,0
YPL093W,0.11875843454790823
YAL048C,0
YAL049C,0
YDL025C,0.10276679841897234
YNL094W,0.07419712070874862
YAL051W,0
YOR363C,0
YER100W,0.023715415019762844
YLR083C,0.05238095238095238
YLR292C,0.05238095238095238
YML072C,0
YOR153W,0
YAL054C,0
YHR041C,0.10752688172043011
YLR049C,0
YAL055W,0.4
YDR265W,0.5333333333333333
YGR133W,0.3333333333333333
YMR026C,0.19444444444444445
YOL044W,0.13636363636363635
YAL056W,1.0
YER020W,0.016666666666666666
YGL121C,0.09523809523809523
YAL058W,0
YIL120W,0.2
YOR236W,0
YAL059W,0
YBR115C,0
YDR395W,0.10606060606060606
YER165W,0.033566433566433566
YMR308C,0.04032729398012858
YAL060W,0
YAL061W,0
YAL062W,0
YLR267W,0.4
YAL063C-A,0
YPR154W,0.002105263157894737
YAL064W,0
YKR011C,0
YMR149W,0.17992424242424243
YAL064W-B,0
YPR126C,0
YAL066W,0
YAL067C,0
YER118C,0.027386541471048513
YGR260W,0.13655761024182078
YHR042W,0
YAL069W,0
YMR032W,0.026427962489343565
YGR132C,0
YDL229W,0.0398936170212766
YGL097W,0.3055555555555556
YLR293C,0.10344827586206896
YOR133W,0.03684210526315789
YAR003W,0.1286549707602339
YBL026W,0.04773082942097027
YBR175W,0.09090909090909091
YBR258C,1.0
YCL040W,0.020875420875420877
YDR069C,0
YDR140W,0
YDR469W,0.3333333333333333
YHR119W,0.2
YIL148W,0.03765227021040975
YJL026W,0.03333333333333333
YJL141C,0.03208556149732621
YJR113C,0.10714285714285714
YLR015W,0.4222222222222222
YPL138C,0.4222222222222222
YAR007C,0.05855855855855856
YBR089C-A,0.10294117647058823
YBR136W,0.07142857142857142
YCR012W,0.044444444444444446
YDL007W,0.5751633986928104
YDR034C,0.004371584699453552
YDR097C,0.09956709956709957
YER078C,0
YER095W,0.03225806451612903
YHR164C,0
YIR002C,0.027777777777777776
YJL034W,0.01730769230769231
YJL173C,0.03484320557491289
YLR304C,0.018115942028985508
YML032C,0.21212121212121213
YML124C,0.024024024024024024
YMR116C,0.04666666666666667
YMR234W,0.16666666666666666
YNL312W,0.06666666666666667
YOL090W,0.07368421052631578
YAR008W,0.3
YBL051C,0.047619047619047616
YLR105C,0.14285714285714285
YMR059W,0.019936708860759492
YPL083C,0.3
YAR014C,0.016346153846153847
YBR186W,0
YCL031C,0.15441176470588236
YDL070W,0.047619047619047616
YDL240W,0
YDR010C,0.16666666666666666
YDR085C,0.047619047619047616
YDR100W,0.05555555555555555
YDR107C,0
YDR122W,0.0935672514619883
YDR259C,0.036923076923076927
YDR277C,0.14285714285714285
YDR480W,0.12121212121212122
YER032W,0.07142857142857142
YER115C,0.047619047619047616
YER155C,0.043478260869565216
YER158C,0
YER167W,0.2087912087912088
YFL059W,0.2
YGL237C,0.02506265664160401
YGR037C,0.10714285714285714
YGR225W,0
YGR285C,0.12727272727272726
YHL048W,0.150786308973173
YHR064C,0.045454545454545456
YIL045W,0.16666666666666666
YIL144W,0.0427807486631016
YJL042W,0.4
YKR075C,0
YLR096W,0.04779189352692075
YLR098C,0
YLR108C,0.13333333333333333
YLR245C,0.2
YLR273C,0.1
YLR430W,0.1388888888888889
YML052W,0
YMR018W,0
YMR071C,0
YMR104C,0.04411764705882353
YMR258C,0
YNL044W,0.09047619047619047
YNL206C,0.10714285714285714
YNL229C,0.10989010989010989
YNL333W,0.2857142857142857
YOL033W,0
YOL154W,0
YOR047C,0.025551684088269456
YOR062C,0.3333333333333333
YOR178C,0.15384615384615385
YOR229W,0.0718954248366013
YOR284W,0.12418300653594772
YOR329C,0.10909090909090909
YOR355W,0
YOR358W,0.16666666666666666
YPL049C,0.12631578947368421
YPL204W,0.022829131652661063
YAR018C,0.03508771929824561
YBL106C,0.01282051282051282
YDR216W,0.1028225806451613
YGR032W,0
YIL070C,0.03333333333333333
YJL098W,0.04850964348334307
YML006C,0.07272727272727272
YOL054W,0.03418803418803419
YOL083W,0.02564102564102564
YOR167C,0.03636363636363636
YAR019C,0.2857142857142857
YDL047W,0.03392612859097127
YDL185W,0.049786628733997154
YHR169W,0.034482758620689655
YNL223W,0.16666666666666666
YAR023C,0
YDL217C,0.23809523809523808
YAR028W,0.18181818181818182
YAR030C,0
YBR106W,0.05549450549450549
YBR135W,0.07246376811594203
YCL073C,0
YDL198C,0
YDR406W,0
YEL041W,0
YGL129C,0.14285714285714285
YGR014W,0.044444444444444446
YGR284C,0.16358463726884778
YHR048W,0
YIL004C,0.19883040935672514
YIL016W,0.16463414634146342
YIL111W,0
YIR033W,0
YJL002C,0.17894736842105263
YJL093C,0
YJR040W,0
YKL196C,0.2909090909090909
YKR105C,0
YLR018C,0.4052631578947368
YLR214W,0
YML038C,0.045454545454545456
YMR264W,0.19047619047619047
YMR279C,0.39285714285714285
YNL125C,0.25
YOL030W,0.09523809523809523
YOL156W,0.2222222222222222
YOR273C,0
YPL094C,0.07272727272727272
YPR128C,0.06666666666666667
YGL104C,0.11076923076923077
YGR055W,0
YJL219W,0.26666666666666666
YML129C,0
YAR031W,0.027777777777777776
YBR069C,0.11904761904761904
YCR030C,0.08571428571428572
YJR015W,0.16483516483516483
YAR033W,0.38095238095238093
YGL051W,0.1431451612903226
YKL174C,0.06666666666666667
YPR198W,0.2222222222222222
YAR035W,0
YGR069W,0
YLR295C,0.0016774193548387097
YLR381W,0
YLR447C,0.0035834266517357225
YAR042W,0.1
YER120W,0
YGR192C,0.027777777777777776
YLR397C,0.1
YAR047C,0
YAR064W,0
YGL070C,0.02857142857142857
YAR066W,0
YDR074W,0.07142857142857142
YLR145W,0
YPR086W,0.005547226386806597
YAR068W,0
YAR069C,0
YPL215W,0
YAR071W,0
YLR453C,0.002997002997002997
YAR073W,0
YDL213C,0.052083333333333336
YLR383W,0.018018018018018018
YOL115W,0.018893387314439947
YBL001C,0.16666666666666666
YDR510W,0.022792022792022793
YER067W,0
YPL068C,0
YBL002W,0.035650623885918005
YBR114W,0.007936507936507936
YBR245C,0.15789473684210525
YCR040W,0.10714285714285714
YDR121W,0.5
YGL241W,0.2
YGR054W,0.03571428571428571
YGR067C,0
YHR197W,0.08562367864693446
YIL035C,0.05262027491408935
YIL126W,0.19047619047619047
YJR090C,0.08735632183908046
YKR001C,0.13333333333333333
YKR048C,0.03303303303303303
YLR074C,0.060451977401129946
YMR036C,0.08823529411764706
YMR091C,0.3333333333333333
YNL068C,0
YNL157W,0
YNL262W,0.14102564102564102
YOL006C,0.009523809523809525
YOL087C,0.04329004329004329
YOL108C,0.018115942028985508
YOR116C,0.1339031339031339
YOR207C,0.1794871794871795
YOR304W,0.18181818181818182
YPL082C,0.1282051282051282
YPR175W,0.13333333333333333
YPR190C,0.35714285714285715
YBL003C,0
YCR057C,0.06597222222222222
YPL153C,0.04126984126984127
YBL004W,0.11067193675889328
YBL038W,0.03896103896103896
YBR143C,0.01904761904761905
YBR247C,0.13109243697478992
YBR251W,0.05238095238095238
YCL059C,0.1319073083778966
YDR060W,0.21428571428571427
YDR280W,0.33986928104575165
YER082C,0.06207482993197279
YGR090W,0.07130333138515488
YGR220C,0
YHR089C,0.14285714285714285
YJL095W,0.050816696914700546
YKR086W,0.005847953216374269
YNL110C,0.23295454545454544
YNL284C,0.03968253968253968
YOL139C,0.07966457023060797
YPL043W,0.17317073170731706
YPR137W,0.09090909090909091
YBL005W,0.2
YCR009C,0.06219512195121951
YCR088W,0.07756813417190776
YDR176W,0.19384615384615383
YDR388W,0.025873736167502586
YBL005W-B,0
YBL006C,0
YDR489W,0
YBL037W,0.26666666666666666
YBL047C,0.0989010989010989
YBL105C,0.07905138339920949
YBR059C,0.06666666666666667
YBR098W,0.10714285714285714
YBR108W,0.19166666666666668
YBR150C,0.6666666666666666
YBR205W,0.045454545454545456
YBR250W,0
YCL008C,0.14545454545454545
YCL034W,0.8333333333333334
YCL045C,0
YCR095C,0.1
YCR100C,0
YDL002C,0.10294117647058823
YDL091C,0
YDL139C,0.2
YDL146W,0.39285714285714285
YDL203C,0.03571428571428571
YDL206W,0.5
YDR172W,0.02564102564102564
YDR271C,0.05555555555555555
YDR382W,0.044444444444444446
YDR423C,0
YDR520C,0
YEL068C,0.06666666666666667
YER014W,0
YER025W,0.13538461538461538
YER027C,0.21428571428571427
YER151C,0.2
YFL010C,0.07142857142857142
YFR013W,0.19047619047619047
YGL035C,0.041666666666666664
YGL201C,0.09473684210526316
YGL215W,0.06666666666666667
YGL238W,0.14285714285714285
YGR166W,0.2
YGR227W,0.3
YGR240C,0.09090909090909091
YHL002W,0.024675324675324677
YHL016C,0
YHR016C,0.04107981220657277
YIL076W,0.37777777777777777
YIL095W,0.08669354838709678
YIL156W,0.225
YIL173W,0
YIR003W,0.19852941176470587
YIR006C,0.19696969696969696
YJL004C,0.08823529411764706
YJL145W,0
YJL151C,0.32142857142857145
YJL201W,0.6666666666666666
YKL054C,0
YKL074C,0.13333333333333333
YKR022C,0
YKR030W,0.10714285714285714
YKR095W,0.1
YLL005C,0.26666666666666666
YLL018C,0.06666666666666667
YLR064W,0.3333333333333333
YLR078C,0.15076923076923077
YLR088W,0.1
YLR095C,0.3333333333333333
YLR106C,0.16666666666666666
YLR144C,0.24444444444444444
YLR150W,0
YLR315W,0
YLR337C,0.24166666666666667
YLR363W-A,0
YML075C,0.19298245614035087
YML097C,0
YML116W,0
YMR147W,0
YMR192W,0.14545454545454545
YMR253C,0.3333333333333333
YMR313C,0.3333333333333333
YNL020C,0.12380952380952381
YNL084C,0.12418300653594772
YNL106C,0.02857142857142857
YNL116W,0.058333333333333334
YNL138W,0.11052631578947368
YNL144C,0
YNL152W,0.3333333333333333
YNL161W,0.0412262156448203
YNL176C,0.09523809523809523
YNL285W,0
YNR041C,0
YOL028C,0.3333333333333333
YOR109W,0.08333333333333333
YOR211C,0
YOR322C,0
YOR388C,0
YPL012W,0.10526315789473684
YPL027W,0.6666666666666666
YPL084W,0.05555555555555555
YPL157W,0
YPL246C,0.25
YPL249C,0.14285714285714285
YPR030W,0.07142857142857142
YPR048W,0
YPR091C,0.6666666666666666
YPR159W,0.09090909090909091
YPR171W,0.16993464052287582
YBL008W,0.25
YBR289W,0.21666666666666667
YGR180C,0.06666666666666667
YJL115W,0.09090909090909091
YOR038C,0.6
YOR290C,0.15789473684210525
YBL009W,0.022222222222222223
YDL053C,0
YHR121W,0.03571428571428571
YKL203C,0.125
YLR196W,0.02547065337763012
YOL041C,0.03908045977011494
YOR017W,0
YOR233W,0.16666666666666666
YBL010C,0
YBL013W,0
YBL014C,0.3333333333333333
YHL004W,0.05238095238095238
YJL025W,0
YOR158W,0.14285714285714285
YBL015W,0
YJR035W,0.041025641025641026
YBL016W,0.04367816091954023
YBR083W,0.2857142857142857
YDL159W,0.07692307692307693
YDR103W,0.10909090909090909
YER075C,0.05128205128205128
YFR028C,0.055412371134020616
YGL057C,0
YGL158W,0.0761904761904762
YGR097W,0.1774891774891775
YHR005C,0.009523809523809525
YHR084W,0.2727272727272727
YHR168W,0
YIL169C,0
YJL076W,0.13368983957219252
YLR362W,0.07368421052631578
YML117W,0
YMR295C,0
YNL053W,0.1
YOL130W,0
YPR115W,0.052873563218390804
YBL017C,0.1
YDR432W,0.02564102564102564
YMR197C,0.2564102564102564
YBL018C,0
YBL019W,0
YEL009C,0.25
YBL020W,0
YBL021C,0.06060606060606061
YBL075C,0.032196969696969696
YDR502C,0.015053763440860216
YER103W,0.02857142857142857
YHL006C,0.047619047619047616
YML048W,0.1367231638418079
YBL022C,0.1
YGR040W,0.020772476468679
YML029W,0
YOR136W,0.06461538461538462
YBL023C,0.10989010989010989
YBR126C,0.029556650246305417
YDL171C,0
YDR052C,0.23809523809523808
YEL032W,0.3888888888888889
YIL150C,0.3333333333333333
YJL194W,0.16666666666666666
YLR103C,0.07142857142857142
YLR274W,0.6
YOR080W,0.031313131313131314
YOR196C,0
YPL001W,0.2222222222222222
YPR019W,0.19696969696969696
YPR120C,0.05
YBL024W,0
YGR237C,0
YBL025W,0.1111111111111111
YBR274W,0.0427807486631016
YDL113C,0.05555555555555555
YDR247W,0.044444444444444446
YER178W,0.021164021164021163
YHR200W,0.3003003003003003
YIL141W,0
YJR087W,0
YKL135C,0.12121212121212122
YMR270C,0.15555555555555556
YBL066C,0.047619047619047616
YBR019C,0.014141414141414142
YCR020C-A,0.3333333333333333
YCR066W,0.09523809523809523
YCR077C,0.07807807807807808
YDL055C,0.026360544217687076
YDL097C,0.3971774193548387
YDL160C,0.08421052631578947
YDL175C,0.058823529411764705
YDR166C,0.3333333333333333
YDR378C,0.2904761904761905
YDR440W,0
YEL015W,0.09881422924901186
YER112W,0.08585858585858586
YER146W,0.12063492063492064
YGL173C,0.032428355957767725
YGL185C,0
YGL234W,0.025
YGR077C,0
YGR091W,0.1935483870967742
YGR158C,0.34545454545454546
YHR165C,0.11282051282051282
YIL048W,0.19047619047619047
YIL066C,0.056818181818181816
YIL132C,0.03571428571428571
YJR022W,0.05333333333333334
YLR039C,0.16666666666666666
YLR120C,0
YLR126C,0
YLR128W,0
YLR147C,0.13953488372093023
YLR275W,0.3602941176470588
YLR438C-A,0.20935960591133004
YMR066W,0.018461538461538463
YMR207C,0
YMR237W,0
YMR268C,0.7142857142857143
YNL147W,0.27705627705627706
YNL264C,0
YNL287W,0.15441176470588236
YOL102C,0
YOL149W,0.29473684210526313
YOR043W,0
YOR191W,0.022222222222222223
YPL115C,0.08571428571428572
YPL119C,0
YPL249C-A,0.16666666666666666
YPR032W,0
YPR132W,0.2857142857142857
YPR184W,0.06666666666666667
YBL027W,0.2
YBL029W,0
YBL030C,0.017204301075268817
YDL132W,0.04296698326549073
YEL020W-A,0.6666666666666666
YER161C,0.06155632984901278
YER171W,0.033282130056323606
YGL137W,0.04717444717444717
YGR082W,0.03571428571428571
YGR262C,0.02937853107344633
YHR005C-A,0.17857142857142858
YHR133C,0.2645161290322581
YHR166C,0.16333333333333333
YLR268W,0.13
YML058W,0.023715415019762844
YPL150W,0.008602150537634409
YPL194W,0.13186813186813187
YBL031W,0
YBL032W,0.09523809523809523
YFR012W,0
YGL049C,0.10822510822510822
YML105C,0
YMR125W,0.1349527665317139
YMR310C,0
YNL005C,0.05555555555555555
YNL112W,0.047619047619047616
YPL237W,0.2878787878787879
YBL033C,0
YNL105W,0
YPR172W,0
YBL034C,0
YDR330W,0
YER177W,0.02865388579674294
YBL035C,0.2
YBR087W,0.2948717948717949
YDL058W,0
YIR008C,0.4
YKL045W,0.2
YNL102W,0.1111111111111111
YNL290W,0.11229946524064172
YOL094C,0.0960960960960961
YOR217W,0.8333333333333334
YBL036C,0
YDR023W,0
YDR226W,0.07142857142857142
YDR342C,0.014705882352941176
YDR343C,0.02564102564102564
YGR087C,0.07142857142857142
YMR319C,0.006535947712418301
YOL055C,0.014025245441795231
YOL078W,0.10909090909090909
YJR005W,0.14285714285714285
YJR058C,0.3
YOL062C,0.015873015873015872
YCL014W,0.09090909090909091
YDR164C,0.047619047619047616
YDR237W,0.16666666666666666
YDR322W,0.06666666666666667
YDR462W,0.16666666666666666
YGR033C,0
YJL005W,0.08771929824561403
YJL063C,0
YJR138W,0.07352941176470588
YKR085C,0
YLR189C,0
YLR439W,0.06666666666666667
YML025C,0
YMR024W,0.09523809523809523
YOR150W,0.16666666666666666
YPR100W,0
YBL039C,0.08408408408408409
YDR260C,0.08225108225108226
YDR394W,0.14062927496580027
YEL056W,0.03684210526315789
YER179W,0.04
YFR004W,0.4014778325123153
YGL081W,0.04743083003952569
YIL094C,0.056666666666666664
YJR103W,0
YJR109C,0.0761904761904762
YLR291C,0.030227743271221533
YMR117C,0.047619047619047616
YNR031C,0.0773109243697479
YOL126C,0.037037037037037035
YOR117W,0.245014245014245
YOR261C,0.32019704433497537
YPL070W,0.06818181818181818
YPL140C,0.07767722473604827
YPL259C,0.019027484143763214
YBL040C,0.17857142857142858
YDR414C,0.0627177700348432
YJR010C-A,0.19487179487179487
YMR215W,0.3012684989429176
YOL020W,0
YPR156C,0.2845849802371542
YBL041W,0.25
YCR073C,0.08333333333333333
YDL020C,1.0
YDL147W,0.19237588652482268
YER012W,0.20084566596194503
YER105C,0.022222222222222223
YIL007C,0.07352941176470588
YPR103W,0.21739130434782608
YBL042C,0
YER021W,0.5157894736842106
YNL121C,0
YBL043W,0
YBL100W-A,0.1
YBL044W,0
YJL159W,0
YMR304W,0.014492753623188406
YBL045C,0.07352941176470588
YDL179W,0.05714285714285714
YDR339C,0
YLR090W,0.16666666666666666
YLR442C,0.036290322580645164
YOR125C,0
YPR054W,0.045584045584045586
YPR191W,0.08088235294117647
YBL046W,0.3333333333333333
YDL112W,0
YDR075W,0.027586206896551724
YML010W,0.1523809523809524
YNL201C,0.026143790849673203
YDR348C,0
YNL243W,0.225
YOL016C,0.2
YBL049W,0.04329004329004329
YCL039W,0.043478260869565216
YDL143W,0.0033333333333333335
YDR255C,0.3333333333333333
YER066C-A,0.07575757575757576
YGL227W,0.3333333333333333
YGR172C,0.09523809523809523
YHL010C,0
YIL017C,1.0
YIL097W,0.16666666666666666
YIL142W,0.10384068278805121
YJL014W,0
YJL111W,0.003952569169960474
YMR135C,0.3333333333333333
YBR272C,0.24110671936758893
YCR082W,0.1
YDL133W,0
YDL173W,0
YDR160W,0
YDR189W,0.2777777777777778
YER101C,0
YGL095C,0.38095238095238093
YIL084C,0.14285714285714285
YKL090W,0
YLL009C,0
YLR026C,0.1380952380952381
YLR093C,0.35714285714285715
YLR130C,0
YNL204C,0
YOL018C,0.09090909090909091
YOL032W,0
YOL036W,0.13333333333333333
YOL135C,0.18371212121212122
YOR106W,0.28888888888888886
YOR245C,0
YOR307C,0.13333333333333333
YPL192C,0
YIL151C,0
YKR096W,0.2
YBL052C,0
YGL207W,0.1111111111111111
YNL258C,0.027777777777777776
YOR064C,0
YPL129W,0.11428571428571428
YBL053W,0
YEL069C,0
YPR165W,0.017543859649122806
YBL054W,0
YBR039W,0.09486166007905138
YBR097W,0
YDL060W,0.1503267973856209
YDL145C,0.0815686274509804
YDR071C,0.13333333333333333
YDR076W,0.05555555555555555
YDR148C,0.06585365853658537
YGR205W,0
YHL030W,0.2
YMR246W,0.13071895424836602
YNL250W,0.07258064516129033
YOR020C,0.2222222222222222
YOR086C,0
YBL058W,0.2
YBR223C,0.02857142857142857
YDL190C,0.08974358974358974
YKL213C,0.2
YBL059W,0
YCR099C,0
YBL061C,0
YBR023C,0
YNL233W,0
YBL063W,0
YBL064C,0
YDR488C,0.025
YBL065W,0
YER022W,0.01529051987767584
YGR117C,0
YPL026C,0
YBL067C,0
YBL068W,0.6666666666666666
YHL011C,0.06666666666666667
YKL181W,0.3
YOL061W,0.08333333333333333
YBL071C,0
YNL261W,0.7142857142857143
YBL072C,0
YDR459C,0
YFL017C,0
YLR140W,0
YBL074C,0.5
YDL208W,0.09473684210526316
YDR283C,0.13725490196078433
YCR002C,0.0919661733615222
YDL225W,0.09745293466223699
YDR128W,0.07682926829268293
YDR142C,0.02467343976777939
YGL004C,0.19396051103368175
YHR186C,0.15333333333333332
YHR199C,0.0380952380952381
YJL128C,0.03832752613240418
YNL135C,0.022556390977443608
YOL133W,0.030867792661619105
YOR250C,0.2857142857142857
YBL076C,0
YBR058C,0
YDL100C,0
YLR016C,0.022222222222222223
YNL244C,0.0196078431372549
YBL078C,0.07142857142857142
YHR171W,0.07142857142857142
YNR007C,0.21428571428571427
YOR100C,0
YBL079W,0.13333333333333333
YGR052W,0.06477732793522267
YJL061W,0.17142857142857143
YKL068W,0.08235294117647059
YBL080C,0
YCR106W,0
YBL081W,0
YDL167C,0
YBL082C,0
YKL210W,0.06666666666666667
YBL084C,0.9722222222222222
YDL008W,0.8181818181818182
YDR118W,0.8222222222222222
YFR036W,0.5909090909090909
YGL240W,0.7777777777777778
YKL022C,0.4230769230769231
YLR127C,0.42857142857142855
YNL172W,0.7090909090909091
YOR249C,0.7272727272727273
YBR003W,0
YBR102C,0.10256410256410256
YBR238C,0
YDL155W,0.06818181818181818
YDL176W,0
YDR036C,0.1895424836601307
YDR239C,0.16666666666666666
YDR329C,0.06666666666666667
YDR332W,0
YDR372C,0
YER008C,0.1388888888888889
YER028C,0
YER124C,0.13333333333333333
YER164W,0.18181818181818182
YFR034C,0.08974358974358974
YHL014C,0
YJL155C,0
YJR056C,0.16666666666666666
YJR061W,0
YKL125W,0
YKL218C,0
YLL040C,0
YLR314C,0.10344827586206896
YMR124W,0.045454545454545456
YMR244W,0
YNL078W,0.11538461538461539
YNL234W,0
YNR016C,0.058823529411764705
YOL019W,0
YOL070C,0.21212121212121213
YPL038W,0.075
YPL158C,0.26666666666666666
YBL086C,0
YLR322W,0
YLR025W,0.08333333333333333
YNL265C,0.16483516483516483
YPL110C,0
YBL089W,0
YBR068C,0.06666666666666667
YLR325C,0
YOR082C,0
YBL090W,1.0
YBL091C,0
YBL092W,0
YDR026C,0
YDR398W,0.013793103448275862
YBL093C,0.19
YBR193C,0.2916666666666667
YCR081W,0.35714285714285715
YDR308C,0.4090909090909091
YGL025C,0.38095238095238093
YGL151W,0.35714285714285715
YGR104C,0.25862068965517243
YHR058C,0.32051282051282054
YHR147C,0
YKL129C,0.08843537414965986
YLR071C,0.3181818181818182
YML007W,0.13186813186813187
YMR112C,0.6190476190476191
YNL236W,0.07635467980295567
YNR010W,0.2909090909090909
YOL051W,0.3241106719367589
YOR140W,0.3
YOR174W,0.11666666666666667
YPR070W,0.5
YPR168W,0.2857142857142857
YBL094C,0
YBL095W,0
YBR162C,0
YBL097W,0
YLR373C,0.004301075268817204
YBL098W,0
YDL226C,0.03333333333333333
YBR088C,0.07076923076923076
YBR264C,0.030303030303030304
YBR288C,0.037037037037037035
YCR001W,0.022222222222222223
YCR014C,0.045454545454545456
YCR079W,0.04367816091954023
YDL004W,1.0
YDL013W,0.03684210526315789
YDL164C,0.02857142857142857
YDL200C,0.04941176470588235
YDR131C,0.08771929824561403
YDR143C,0.14035087719298245
YDR200C,0.04843304843304843
YDR227W,0.06417112299465241
YDR322C-A,1.0
YDR419W,0.01818181818181818
YER059W,0.05847953216374269
YER173W,0.06755260243632337
YGL131C,0.047619047619047616
YGL163C,0.02666666666666667
YGR123C,0.014705882352941176
YJL044C,0.03571428571428571
YJL087C,0.1
YJL106W,0.047619047619047616
YJL180C,0.3333333333333333
YKL193C,0.046153846153846156
YKL215C,0
YLL019C,0.025525525525525526
YLR186W,0.05263157894736842
YLR222C,0.054187192118226604
YLR238W,0.2727272727272727
YLR320W,0
YLR340W,0.015810276679841896
YMR284W,0.12
YNL012W,0
YNL061W,0.12295081967213115
YNL090W,0.025
YNL113W,0.11692307692307692
YNL182C,0.11428571428571428
YNL311C,0.02849002849002849
YNL315C,0.3333333333333333
YOR386W,0.022222222222222223
YPL164C,0.0380952380952381
YPL271W,0.3333333333333333
YPR020W,0.10714285714285714
YPR111W,0.07130124777183601
YBL100C,0
YJL070C,0
YGR161W-B,0
YJL162C,0
YBL101C,0
YER125W,0.03913273400317292
YOL122C,0
YBL102W,0.047619047619047616
YFL058W,0
YGR068C,0.1
YBL103C,0.05847953216374269
YDR212W,0.045584045584045586
YDR448W,0.2014260249554367
YFR021W,0.05434782608695652
YHR099W,0.14285714285714285
YIR023W,0.2
YJR066W,0.10846560846560846
YML091C,0.2222222222222222
YMR033W,0.5
YNL006W,0.13538461538461538
YNL076W,0.18181818181818182
YNL098C,0.19047619047619047
YNR023W,0.2857142857142857
YOL067C,1.0
YBL104C,0.027777777777777776
YDR316W,0
YNL054W,0
YBR045C,0.2
YGL022W,0.6071428571428571
YGR254W,0.029850746268656716
YOR231W,0.06666666666666667
YCL017C,0
YHR098C,0.07142857142857142
YHR161C,0.1111111111111111
YIL033C,0.09166666666666666
YOR197W,0.027777777777777776
YPL174C,0.06666666666666667
YBL107C,0
YBL108W,0
YBL112C,0
YBL113C,0
YLR348C,0
YBR001C,0
YHR102W,0.017316017316017316
YBR004C,0
YLR082C,0.14285714285714285
YBR006W,0
YKL023W,0
YBR007C,0
YBR008C,0
YBR010W,0.10526315789473684
YCR084C,0.0380952380952381
YDR224C,0.07246376811594203
YDR477W,0.050170068027210885
YGL194C,0.6785714285714286
YJL081C,0.3202614379084967
YJL168C,0
YKR029C,0.35555555555555557
YPL209C,0.1388888888888889
YBR011C,0.01904761904761905
YDR129C,0.15384615384615385
YGL100W,0.052873563218390804
YJR062C,0.03333333333333333
YKL108W,0.047619047619047616
YLR371W,0.03636363636363636
YLR425W,0.03571428571428571
YMR267W,0
YNL180C,0.01818181818181818
YPL066W,0
YPL111W,0.054945054945054944
YBR012C,0
YPL221W,0
YBR012W-B,0
YLR116W,0.04093567251461988
YBR013C,0
YGR292W,0
YBR014C,0
YBR101C,0
YBR015C,0
YBR120C,0
YDL063C,0
YDL204W,0
YDR002W,0.23809523809523808
YDR062W,0.0718954248366013
YEL050C,0
YEL051W,0.16374269005847952
YFR030W,0.02197802197802198
YGL008C,0.02857142857142857
YGL105W,0.08333333333333333
YGL122C,0.08888888888888889
YGL256W,0
YGR005C,0.24444444444444444
YGR094W,0
YGR119C,0.08097165991902834
YHL034C,0.053475935828877004
YHR020W,0.03
YIL124W,0
YJL052W,0.021141649048625793
YJR009C,0.02795698924731183
YKL009W,0.3888888888888889
YKL060C,0.032926829268292684
YKL104C,0.03205128205128205
YKL120W,0
YKL212W,0.13333333333333333
YKR046C,0
YLR355C,0.021164021164021163
YMR105C,0
YMR108W,0.02795698924731183
YMR145C,0
YMR241W,0
YNL035C,0
YNL124W,0.25
YNL169C,0
YNR069C,0
YOL123W,0.03463203463203463
YOR141C,0
YOR176W,0
YOR185C,0.15555555555555556
YOR259C,0.25396825396825395
YOR317W,0
YOR374W,0.014844804318488529
YOR375C,0.0196078431372549
YPL266W,0.2
YBR018C,0.030303030303030304
YDR165W,0
YER123W,0
YGL180W,0.13333333333333333
YML115C,0.031578947368421054
YPL031C,0.01885369532428356
YBR155W,0.047619047619047616
YBR234C,0.09486166007905138
YCL048W,0.3333333333333333
YDR386W,0.03070175438596491
YER017C,0.011695906432748537
YGR083C,0.1541501976284585
YHL019C,0.3
YJL092W,0.042105263157894736
YML102W,0.047619047619047616
YMR049C,0.08089500860585198
YOL150C,0
YBR082C,0
YDL043C,0.035278154681139755
YDL156W,0
YDR030C,0.02564102564102564
YDR267C,0.01904761904761905
YDR306C,0.08333333333333333
YFL038C,0.06666666666666667
YFR031C,0.15151515151515152
YKR017C,0
YLR288C,0.0032982890125747267
YML051W,0
YML057W,0.07509881422924901
YMR094W,0.12727272727272726
YNL032W,0.05128205128205128
YNL323W,0.02564102564102564
YOL100W,0
YOR276W,0.038461538461538464
YPR093C,0.11538461538461539
YBR021W,0
YOR128C,0
YHR123W,0.18681318681318682
YLR242C,0
YHL042W,0.13588850174216027
YPR119W,0.054187192118226604
YBR025C,0.14285714285714285
YNL088W,0.019762845849802372
YNL207W,0.11375661375661375
YBR027C,0.16666666666666666
YLR353W,0.16666666666666666
YOR046C,0.09523809523809523
YBR028C,0
YCR016W,0
YER015W,0
YBR029C,0
YCR061W,0.023715415019762844
YBR033W,0
YNL228W,0
YBR034C,0.027777777777777776
YDR249C,0
YGR165W,0
YGR181W,0.3333333333333333
YMR048W,0
YBR035C,0
YDL101C,0.04107744107744108
YBR161W,0
YCL052C,0.08791208791208792
YCR034W,0.11607142857142858
YDL015C,0.3328591749644381
YDL212W,0.11594202898550725
YDR276C,0.275
YDR307W,0.2463768115942029
YEL027W,0.36363636363636365
YER026C,0.23529411764705882
YHL003C,0.12380952380952381
YIL114C,0.21428571428571427
YJL196C,0.4236559139784946
YJL214W,0.4642857142857143
YKL065C,0.1730612244897959
YKL154W,0.17142857142857143
YLL048C,0
YLR372W,0.11388611388611389
YMR306W,0
YOR016C,0.1440185830429733
YPL227C,0.19202898550724637
YPR079W,0.030303030303030304
YBR038W,0
YPL020C,0
YPR106W,0
YBR093C,0
YIL106W,0.046798029556650245
YPL256C,0.08421052631578947
YBR040W,0
YBR041W,0
YDL153C,0.003787878787878788
YBR042C,0
YHR115C,0.14285714285714285
YBR043C,0
YGR074W,0.13405797101449277
YGR157W,0
YBR044C,0
YBR221C,0.06535947712418301
YDL093W,0.3333333333333333
YKL004W,0.09523809523809523
YKL141W,0
YKL148C,0
YLL041C,0
YBR047W,0
YBR049C,0.09090909090909091
YDR130C,0.21428571428571427
YDR303C,0.13333333333333333
YLR176C,0.2545454545454545
YBR050C,0.3333333333333333
YBR052C,0
YDR032C,0.038461538461538464
YBR053C,0
YBR054W,0.08571428571428572
YBR302C,0.10909090909090909
YCL038C,0
YHR072W,0
YKR039W,0.3333333333333333
YNL048W,0.21794871794871795
YNR017W,0.1111111111111111
YOR040W,0
YOR254C,0.16883116883116883
YBR121C,0
YBR133C,0.05555555555555555
YBR149W,0
YBR152W,0.22807017543859648
YBR169C,0.03296703296703297
YCL043C,0.009523809523809525
YCR053W,0
YDL064W,0.09523809523809523
YDL078C,0
YDL124W,0
YDR037W,0.2
YDR158W,0
YDR353W,0.044444444444444446
YDR473C,0.5151515151515151
YEL034W,0.01904761904761905
YER003C,0
YER043C,0.02564102564102564
YER091C,0.028528528528528527
YER172C,0.22507122507122507
YFL017W-A,0.1856060606060606
YGL202W,0.047619047619047616
YGL245W,0.031746031746031744
YGL253W,0.015151515151515152
YGR061C,0
YGR204W,0
YHR019C,0
YHR183W,0.06324110671936758
YHR208W,0
YJL080C,0.044444444444444446
YJL167W,0
YJR104C,0.08333333333333333
YJR105W,0
YJR139C,0
YKL085W,0.03985507246376811
YKL157W,0
YLL026W,0.021052631578947368
YLR153C,0
YLR432W,0.01282051282051282
YLR446W,0
YMR120C,0
YNR001C,0.034482758620689655
YOR120W,0
YOR159C,0.14166666666666666
YOR335C,0
YPL004C,0.01098901098901099
YPL028W,0
YPR082C,0.5
YPR178W,0.15465465465465467
YPR182W,0.11260504201680673
YBR056W,0
YFR007W,0
YBR057C,0.03571428571428571
YCL055W,0.06666666666666667
YDR206W,0.01282051282051282
YGL192W,0.16666666666666666
YKL098W,0
YKR031C,0
YOL059W,0
YOL064C,0
YOL132W,0.11965811965811966
YOR123C,0.21818181818181817
YBR058C-A,1.0
YGR038W,0.7
YLR350W,0.4666666666666667
YMR296C,0.2857142857142857
YER144C,0
YFR014C,0
YGL213C,0.03636363636363636
YGR199W,0.3333333333333333
YJL039C,0.09523809523809523
YML014W,0
YMR144W,0
YOR061W,0.07936507936507936
YPR033C,0
YBR060C,0.6428571428571429
YHR118C,0.8571428571428571
YLL004W,0.5714285714285714
YML065W,0.36363636363636365
YPR162C,0.7619047619047619
YBR061C,0
YBR300C,0
YDR383C,0
YDR461W,0
YGR182C,0
YGR195W,0.4083333333333333
YGR201C,0
YGR219W,0
YGR235C,0
YGR277C,0
YHR008C,0
YHR022C,0
YHR059W,0
YJL016W,0
YJL097W,0
YJL140W,0.38461538461538464
YJL166W,0
YBR063C,0
YDR369C,0.047619047619047616
YBR064W,0
YBR065C,0.4666666666666667
YBR066C,0
YBR067C,0
YNL237W,0
YPR138C,0
YDR046C,0.39285714285714285
YJR001W,0
YDL199C,0
YLR343W,0.2564102564102564
YOL109W,0
YPL233W,0
YBR070C,0
YJL019W,0
YBR094W,0.14285714285714285
YBR103W,0.0812807881773399
YCR005C,0
YDL193W,0.02197802197802198
YFL034C-B,0.0380952380952381
YGL208W,0.021538461538461538
YHR107C,0.05555555555555555
YHR120W,0.022222222222222223
YIL046W,0.06060606060606061
YIL128W,0.13043478260869565
YIL147C,0.11538461538461539
YJR053W,0.12380952380952381
YJR076C,0.06456456456456457
YKL139W,0.0380952380952381
YLL011W,0.07971014492753623
YLR097C,0.125
YLR208W,0.12631578947368421
YML112W,0.05128205128205128
YMR055C,0.10526315789473684
YNL128W,0.045454545454545456
YNR019W,0
YOR319W,0.06884057971014493
YPL169C,0.04395604395604396
YBR073W,0.16666666666666666
YBR074W,0
YMR083W,0
YBR076W,0
YBR077C,0
YKR007W,0.1
YMR004W,0
YOR045W,0
YBR078W,0
YDL005C,0.21846153846153846
YDR091C,0.10714285714285714
YDR429C,0.3047619047619048
YIL071C,0.2
YJR007W,0.1857707509881423
YLR192C,0.4642857142857143
YOR039W,0.10984848484848485
YPR016C,0.13800904977375567
YBR080C,0
YBR253W,0.2172043010752688
YCL010C,0.6666666666666666
YDR146C,0.04093567251461988
YDR167W,0.11596638655462185
YGL066W,0.5277777777777778
YGL244W,0.24444444444444444
YGR252W,0.23529411764705882
YLR055C,0.6190476190476191
YMR223W,0.4222222222222222
YMR236W,0.2549019607843137
YOL148C,0.5606060606060606
YPL254W,0.75
YPR025C,0.07575757575757576
YDR529C,0
YJL047C,0.04395604395604396
YKL010C,0
YKL161C,0.11052631578947368
YCR008W,0
YDR466W,0.13333333333333333
YGL019W,0.13015873015873017
YGL099W,0.12087912087912088
YHR013C,0.19047619047619047
YJR059W,0.044444444444444446
YBR085W,0
YHR002W,0
YBR086C,0
YNL194C,0.1
YHR191C,0.47619047619047616
YLR390W,0
YMR078C,0.39285714285714285
YMR181C,0
YOR144C,1.0
YCR092C,0.038461538461538464
YER041W,0.044444444444444446
YHR031C,0
YJR043C,0.16666666666666666
YKL113C,0.06666666666666667
YLR035C,0.07142857142857142
YML021C,0
YML056C,0.022222222222222223
YMR167W,0.07692307692307693
YFR037C,0.1
YGL133W,0.3333333333333333
YLR033W,1.0
YLR321C,0.07272727272727272
YNR003C,0.3047619047619048
YOR110W,0.027777777777777776
YBR089W,0
YBR090C,0
YBR091C,0.3333333333333333
YJL054W,0.5
YKL002W,0.005128205128205128
YOR297C,0.5
YKR106W,0
YML077W,0.5
YBR095C,0.14285714285714285
YMR159C,0.04395604395604396
YBR096W,0
YLR240W,0
YBR099C,0
YHL021C,0
YKL171W,0.125
YLL062C,0
YLR194C,0
YMR092C,0.14285714285714285
YMR173W,0
YOL011W,0
YPL136W,0
YIL068C,0.14285714285714285
YLR166C,0.26666666666666666
YNR046W,0
YPR055W,0.26666666666666666
YCR033W,0.6428571428571429
YDR155C,0.046798029556650245
YEL064C,0
YGR239C,0.06666666666666667
YGR296W,0
YIL112W,0.5
YJR141W,0
YLR409C,0.25
YMR155W,0
YOL068C,0.5357142857142857
YBR105C,0.3333333333333333
YBR110W,0.3465909090909091
YBR243C,0.3333333333333333
YBR283C,0.2554112554112554
YBR287W,0
YBR293W,0.19047619047619047
YBR298C,0.1111111111111111
YCR028C,0.06666666666666667
YCR037C,1.0
YCR098C,0.047619047619047616
YDL128W,0.1
YDR297W,0.4700854700854701
YDR456W,0.05228758169934641
YDR508C,0.08333333333333333
YEL017C-A,0.19692307692307692
YER056C,0.3333333333333333
YER060W-A,1.0
YFL025C,0
YGL054C,0
YGL055W,0.06666666666666667
YGL167C,0
YGR224W,0
YGR289C,0.20512820512820512
YHR094C,0.16666666666666666
YHR142W,0.24666666666666667
YJL012C,0.03636363636363636
YJL059W,0
YJL108C,0.21428571428571427
YJR124C,0
YKL146W,0.07142857142857142
YKL165C,0
YLL006W,0.1111111111111111
YLL023C,0.13043478260869565
YLL061W,0.08571428571428572
YLR378C,0.07272727272727272
YML123C,0.06878306878306878
YMR274C,1.0
YNL101W,0.3076923076923077
YNL275W,0
YNL321W,0.16666666666666666
YNR013C,0.2
YNR055C,0.3333333333333333
YPL189W,0
YPL274W,0.24242424242424243
YPR124W,0.022222222222222223
YPR194C,0.14285714285714285
YBR107C,0.027777777777777776
YBR211C,0.047619047619047616
YDR254W,0
YDR318W,0.0038461538461538464
YJR135C,0
YPL018W,0.1111111111111111
YGR136W,0.020390070921985817
YBR213W,0
YBR229C,0
YDR231C,0
YDR292C,0
YDR356W,0.175
YER023W,0.10714285714285714
YFL003C,0
YFL010W-A,0
YFR054C,0
YGL043W,0
YGL063W,0
YGL141W,0
YGL229C,0.08333333333333333
YGR034W,0
YGR050C,0
YGR144W,0.047619047619047616
YGR253C,0.14285714285714285
YHR028C,0
YHR179W,0.0735930735930736
YIL021W,0.1753846153846154
YJR073C,0
YKL067W,0.10714285714285714
YKL175W,0
YKL182W,0.03260869565217391
YKR025W,0.6666666666666666
YLL050C,0.09666666666666666
YLL051C,0
YLR433C,0.029239766081871343
YLR443W,0
YML094C-A,0
YMR111C,0
YMR200W,0
YMR250W,0
YNL066W,0
YNL079C,0.3333333333333333
YNL202W,0
YNL281W,0
YNR035C,0.2727272727272727
YOR029W,0
YOR035C,0.1
YOR326W,0.05533596837944664
YPL242C,0.03636363636363636
YBR109W-A,0
YGR105W,0.3333333333333333
YBR111W-A,1.0
YPL047W,1.0
YBR112C,0.05454545454545454
YCR096C,0.14285714285714285
YDR043C,0
YGL162W,0
YMR240C,0.16666666666666666
YNL167C,0.3333333333333333
YPL181W,0.2
YBR113W,0
YCR028C-A,0.2
YDR453C,0
YFL018C,0.01870748299319728
YGR193C,0.13333333333333333
YJR052W,0.16363636363636364
YKL112W,0.6
YMR190C,0.13333333333333333
YMR201C,0.11764705882352941
YMR226C,0.030303030303030304
YMR315W,0
YOL097C,0
YOR332W,0.15833333333333333
YPL154C,0
YGL154C,0
YBR116C,0
YBR117C,0
YPR074C,0
YCR094W,0
YDL220C,0.04678362573099415
YDR522C,1.0
YFL014W,0
YGR173W,0
YGR280C,0.03571428571428571
YHR014W,0.07142857142857142
YHR111W,0.16666666666666666
YHR188C,0.06315789473684211
YKL021C,0.38095238095238093
YKL166C,0.10541310541310542
YLR024C,0
YLR216C,0.07142857142857142
YLR262C,0.0784313725490196
YLR306W,0.047619047619047616
YMR022W,0.06593406593406594
YNL271C,0.12631578947368421
YOL128C,0.016666666666666666
YOR339C,0
YPL048W,0
YPL236C,0
YPR017C,0.05714285714285714
YBR119W,0.27450980392156865
YDR110W,0.05454545454545454
YDR235W,0.3787878787878788
YDR240C,0.6666666666666666
YGR013W,0.48366013071895425
YHR086W,0.27705627705627706
YKL012W,0.32967032967032966
YLR223C,0.06666666666666667
YLR298C,0.6263736263736264
YLR449W,0.2
YML016C,0.043478260869565216
YML046W,0.3181818181818182
YNL227C,0.1
YNL277W,0
YPL178W,0.21428571428571427
YJR082C,0
YBR122C,0
YDR362C,0
YGR047C,0.10714285714285714
YGR246C,0.3
YPL007C,0
YBR124W,0
YBR125C,0.047619047619047616
YDR186C,0
YBR265W,0
YDR028C,0.42857142857142855
YFL033C,0.10989010989010989
YIL177C,0
YIR032C,0
YLR411W,0
YML100W,0.2
YMR251W,0
YMR261C,1.0
YOR089C,0.034274193548387094
YPR035W,0
YBR203W,0.03571428571428571
YDR092W,0.016666666666666666
YDR138W,0.08088235294117647
YDR202C,0.8
YGR188C,0.022222222222222223
YHR039C-A,0.3333333333333333
YJR033C,0.42857142857142855
YKL080W,0.19444444444444445
YMR054W,0.1523809523809524
YMR093W,0.15833333333333333
YOR270C,0.2564102564102564
YBR128C,0
YDR162C,0.018461538461538463
YPL120W,0
YBR129C,0
YJL071W,0
YLR092W,0
YBR131W,0
YGL124C,0.13333333333333333
YML001W,0.1111111111111111
YBR132C,0.06666666666666667
YDL154W,0.027777777777777776
YER087W,0
YGL187C,0
YKL101W,0.10714285714285714
YBR134W,0
YBR252W,0.1
YBR295W,0
YDR078C,0.1
YDR170W-A,0
YER138C,0
YGR108W,0.3
YGR109C,0.32142857142857145
YKR091W,0.3333333333333333
YLR079W,0.18681318681318682
YLR210W,0.3
YLR226W,0.16666666666666666
YMR199W,0.09523809523809523
YCR004C,0.16666666666666666
YDR499W,0.041666666666666664
YJL090C,0.06060606060606061
YBR137W,0.06666666666666667
YKR083C,0.13333333333333333
YOR007C,0
YBR138C,0
YBR139W,0.3333333333333333
YBR280C,0.3333333333333333
YOR381W,0
YBR140C,0.5
YBR141C,0
YGL091C,0
YBR142W,0.2391304347826087
YDR170C,0.03133903133903134
YGL111W,0.45098039215686275
YHR052W,0.20317460317460317
YHR066W,0.2942528735632184
YKL014C,0.23636363636363636
YLR398C,0.3333333333333333
YMR163C,0
YNL002C,0.43333333333333335
YOR272W,0.21921182266009853
YPL141C,0.16911764705882354
YIL129C,0
YLR386W,0.005847953216374269
YMR080C,0.03676470588235294
YBR144C,0
YBR145W,0
YBR146W,0.5
YDL211C,0
YDL030W,0.07971014492753623
YDL098C,0.42857142857142855
YER029C,0.18972332015810275
YGR075C,0.8333333333333334
YOR308C,0.24166666666666667
YBR154C,0.33986928104575165
YDL140C,0.08527131782945736
YDR404C,0.40441176470588236
YER071C,0
YFL023W,0
YKL144C,0.3047619047619048
YLR384C,0.2948717948717949
YOR224C,0.36666666666666664
YOR341W,0.16666666666666666
YPL203W,0.08350951374207188
YDR463W,0.5
YGR187C,0.1
YGR234W,0.015151515151515152
YJR032W,0.3
YBR156C,1.0
YGR113W,0.06666666666666667
YBR157C,0
YBR158W,0.16666666666666666
YDR111C,0
YGR163W,0.03571428571428571
YCR011C,0.1
YCR024C-A,0.2761904761904762
YDL210W,0.12727272727272726
YFL062W,0.047619047619047616
YGR191W,0.13636363636363635
YGR295C,0.041666666666666664
YIL005W,0.2
YIR022W,0.2857142857142857
YJL222W,0.07142857142857142
YJR161C,0.6666666666666666
YKL008C,0.3076923076923077
YLL043W,0.06666666666666667
YLR004C,0.5714285714285714
YLR056W,0.044444444444444446
YLR080W,0.06666666666666667
YNL279W,0.13333333333333333
YNR070W,0
YPR003C,0.1
YCL051W,0
YCR065W,0
YDL089W,0.047619047619047616
YDL106C,0.16666666666666666
YDL189W,0
YDR001C,0.16666666666666666
YDR027C,0.25
YDR093W,0
YDR113C,0.09090909090909091
YDR123C,0
YDR217C,0.12121212121212122
YDR223W,0
YDR285W,0.1
YDR389W,0.1
YDR439W,0.25
YDR501W,0
YEL065W,0
YER129W,0.16666666666666666
YFL029C,0
YFR015C,0.13333333333333333
YFR027W,0.1
YFR046C,0
YGL003C,0.11462450592885376
YGL075C,0.06666666666666667
YGL116W,0.06666666666666667
YGL216W,0
YGL235W,0
YGR035C,0.1
YGR186W,0.3111111111111111
YGR238C,0.6071428571428571
YGR270W,0.1
YHL022C,0
YHL035C,0
YHL050C,0
YHR149C,0.1
YHR159W,0
YIL031W,0
YIL050W,0.10714285714285714
YIL101C,0
YIL122W,0
YIL131C,0.06417112299465241
YIL140W,0
YIR031C,0
YJL060W,0
YJL084C,0.047619047619047616
YJR054W,0
YJR083C,0.06060606060606061
YJR092W,0.4
YKL043W,0
YKL048C,0.05555555555555555
YKL116C,0
YKL185W,0
YKR077W,1.0
YKR078W,0
YKR089C,0
YKR090W,0
YLL003W,0.3333333333333333
YLR006C,0.18181818181818182
YLR086W,0.05555555555555555
YLR131C,0.1111111111111111
YLR183C,0
YLR187W,0
YLR190W,0.26666666666666666
YLR219W,0
YLR278C,0
YLR319C,0.16666666666666666
YLR394W,0.09523809523809523
YLR401C,0
YLR457C,0
YML027W,0
YML034W,0
YML119W,0
YMR005W,0.19047619047619047
YMR129W,0.3
YNL042W,0.2
YNL058C,0.16666666666666666
YNL257C,0
YNL278W,0
YNL298W,0.11688311688311688
YNL309W,0.3333333333333333
YNL339C,0
YNR047W,0.05454545454545454
YOL058W,0
YOR001W,0.4222222222222222
YOR037W,0
YOR058C,0
YOR066W,0.3333333333333333
YOR075W,0.10714285714285714
YOR081C,0.3333333333333333
YOR083W,0
YOR104W,0
YOR177C,0
YOR188W,0.16666666666666666
YOR195W,0.1
YOR315W,0
YOR372C,0.3333333333333333
YPL155C,0.16666666666666666
YPL250C,0
YPL255W,0.06593406593406594
YPL267W,0.3333333333333333
YPR018W,0.10606060606060606
YPR141C,0.1388888888888889
YPR174C,0
YEL042W,0
YBR192W,0
YDR238C,0.30303030303030304
YER086W,0.038461538461538464
YGR249W,0
YNL217W,0
YPR155C,0
YBR162W-A,0
YIL027C,0
YML108W,0
YBR163W,0
YBR166C,0
YBR257W,0
YGR030C,0
YHR062C,0
YNL221C,0
YNL282W,0
YBR168W,0
YBR170C,0.13333333333333333
YGR048W,0.07142857142857142
YBR171W,0.10909090909090909
YCL057W,0
YER053C,0
YBR172C,0.3333333333333333
YBR173C,0.16666666666666666
YGL011C,0.28095238095238095
YBR174C,0
YHR177W,0
YIL160C,0.3333333333333333
YLR403W,0.03636363636363636
YPL029W,0
YBR176W,0.14285714285714285
YBR177C,0
YBR178W,0
YHR122W,0
YBR179C,0
YBR180W,0
YBR182C,0
YDR039C,0
YDR506C,0
YER087C-B,0
YFL041W,0.16911764705882354
YBR184W,0
YNL225C,0.26666666666666666
YBR185C,0
YBR187W,0
YBR188C,0.3
YBR190W,0
YEL037C,0.16507936507936508
YER148W,0.10510510510510511
YOR264W,0.0026455026455026454
YBR194W,0
YPR152C,0
YBR195C,0.022222222222222223
YLR418C,0.3090909090909091
YDR436W,0.15555555555555556
YER116C,0
YIL113W,0.07142857142857142
YJL069C,0.07058823529411765
YKL189W,0.045454545454545456
YKR055W,0.017543859649122806
YMR291W,0.05555555555555555
YNL183C,0.07792207792207792
YNL260C,0
YOR353C,0.14285714285714285
YPL074W,0.047619047619047616
YPL262W,0.17857142857142858
YBR197C,0
YNR037C,0
YCR042C,0.32142857142857145
YDR145W,0.3787878787878788
YER160C,0
YHR137W,0
YJR064W,0.02857142857142857
YJR072C,0.01282051282051282
YML015C,0.35555555555555557
YML061C,0
YML098W,0.3333333333333333
YPL011C,0.32142857142857145
YBR199W,0
YDR384C,0
YCL005W,0
YDL086W,0
YDR177W,0
YDR242W,0
YDR243C,0
YDR368W,0
YEL043W,0.15555555555555556
YIL060W,0
YJL079C,0
YKL040C,0
YKL082C,0.08333333333333333
YLL049W,0.1
YLR318W,0
YLR361C,0
YMR195W,0
YMR212C,0
YMR247C,0
YMR287C,0
YNR067C,0
YNR071C,0.1
YOL093W,0
YOR108W,0
YOR129C,0
YPL085W,0.23809523809523808
YPL105C,0.09523809523809523
YBR201W,0
YBR202W,0.4
YGL001C,0
YCL037C,0.037037037037037035
YKL006C-A,0.2
YBR204C,0
YPL096W,0
YHR105W,0
YBR207W,0
YEL022W,0
YOR068C,0
YBR208C,0.25
YBR209W,0
YGR179C,0.19047619047619047
YLR052W,0.09523809523809523
YBR212W,0
YMR206W,0
YBR214W,0
YBR215W,0
YBR216C,0.6666666666666666
YDR022C,0.2
YDR465C,0.1
YGL016W,0.13333333333333333
YGL078C,0
YHR033W,0.021052631578947368
YHR076W,0.03571428571428571
YHR201C,0
YIL125W,0.0989010989010989
YKL145W,0.35798319327731093
YLL042C,0
YLR031W,0
YLR059C,0
YLR424W,0.0196078431372549
YLR438W,0.007352941176470588
YML055W,0
YMR056C,0
YNL208W,0
YPR049C,0
YPR108W,0.4676923076923077
YBR218C,0
YBR219C,0
YBR220C,0
YDR430C,0.26666666666666666
YLR218C,0
YML059C,0.3333333333333333
YBR222C,0
YFL020C,0
YBR225W,0.7
YGL197W,0.23076923076923078
YBR226C,0
YDL049C,0
YBR227C,0
YBR228W,0
YLR135W,0
YBR230C,0
YBR231C,0.2
YNR030W,0
YBR233W,0
YIL062C,1.0
YJR065C,0.4
YKL013C,0.5833333333333334
YLR370C,0.4444444444444444
YML069W,0.14285714285714285
YNL040W,0
YBR235W,0
YBR236C,0.3333333333333333
YBR237W,0
YDR073W,0
YKR043C,0
YBR239C,0.047619047619047616
YPL133C,0
YBR240C,0
YDL080C,0
YBR241C,0
YBR242W,0
YBR244W,0
YCR052W,0.1
YKR008W,0
YLR163C,0.14285714285714285
YOL017W,0
YBR246W,0
YDL148C,0.3333333333333333
YDR449C,0.42857142857142855
YGR081C,0.16666666666666666
YHR148W,0.42857142857142855
YJR002W,0.5357142857142857
YKL143W,0.17777777777777778
YMR128W,0.17777777777777778
YNL075W,0.5
YNL132W,0.1028225806451613
YOL010W,0.06666666666666667
YOR056C,0.2
YPR144C,0.5
YBR248C,0
YBR249C,0
YEL047C,0
YOR050C,0
YDL045W-A,0
YDL138W,0
YDR041W,1.0
YDR175C,0.3333333333333333
YDR337W,0.14285714285714285
YDR347W,1.0
YGR084C,0.3
YGR150C,0
YGR170W,0
YGR215W,0.3333333333333333
YIL093C,0.6666666666666666
YJR101W,1.0
YKL003C,0
YKL155C,0.5
YNL137C,1.0
YNL186W,0
YNL306W,1.0
YOR205C,0
YOR243C,0.3333333333333333
YPL013C,0
YPL118W,0.2
YLL037W,0
YPL248C,0.20833333333333334
YBR254C,0.10989010989010989
YDR108W,0.16666666666666666
YDR246W,1.0
YDR407C,0.3333333333333333
YDR472W,1.0
YGR143W,0
YJR116W,0
YKR068C,0.2222222222222222
YMR218C,0.3333333333333333
YOR115C,0.3333333333333333
YBR255W,0
YBR260C,0.06666666666666667
YGR196C,0.047619047619047616
YIL118W,0.10714285714285714
YJL058C,0.03296703296703297
YBR261C,0
YBR262C,0
YBR263W,0
YML018C,0
YER136W,0.041666666666666664
YGL161C,0.15263157894736842
YGL198W,0.16666666666666666
YNL263C,0.12418300653594772
YOR370C,0.03571428571428571
YCR107W,0
YLR255C,0
YBR266C,0
YPR031W,0
YBR267W,0.3
YHR170W,0.06666666666666667
YJL122W,0.16666666666666666
YBR269C,0
YLR276C,0.23809523809523808
YBR270C,0.030303030303030304
YER093C,0.14285714285714285
YFL047W,0.16666666666666666
YFR050C,0.17582417582417584
YHR077C,0.07142857142857142
YIL105C,0.07692307692307693
YNL004W,0.03571428571428571
YNL018C,0
YNL047C,0.11538461538461539
YPL124W,0.07608695652173914
YBR271W,0
YDR363W-A,0.8
YDR427W,0.35333333333333333
YFR052W,0.4187192118226601
YGR232W,0.49846153846153846
YLL022C,0.5
YBR273C,0
YDL042C,0.09846153846153846
YDR168W,0.2
YJL036W,0
YKR010C,0.38181818181818183
YLR152C,0
YMR102C,0.07142857142857142
YMR255W,0.14285714285714285
YPR010C-A,0.32142857142857145
YBR275C,0.16363636363636364
YDL230W,0.05555555555555555
YLR019W,0.125
YNL216W,0.07142857142857142
YOR208W,0
YBR276C,0
YLR359W,0
YBR277C,0
YBR278W,0.08333333333333333
YIL006W,0
YKL011C,0.10714285714285714
YLR181C,0
YBR279W,0.2878787878787879
YOL145C,0.15263157894736842
YNL141W,0
YBR281C,0
YNL191W,0
YBR282W,0
YIL162W,0
YLR311C,0
YPL234C,0.1111111111111111
YPR028W,0.1737891737891738
YBR284W,0
YDL238C,0
YMR138W,0.06666666666666667
YBR285W,0
YIL049W,0
YBR286W,0
YPL200W,0
YGR261C,0.2
YJL024C,1.0
YPL016W,0.15
YPL195W,0.2
YFL049W,0.4
YHL025W,0.21428571428571427
YPR034W,0.5
YEL036C,0.14285714285714285
YGL012W,1.0
YPL087W,1.0
YPL132W,0
YBR291C,0
YHR096C,0.047619047619047616
YGR174C,0
YIL030C,0
YBR296C,0.1
YLR137W,0
YML089C,0
YDR284C,0.06666666666666667
YGR041W,0
YNL008C,0
YBR299W,0
YBR301W,0
YLR237W,0
YOR192C,0
YPR063C,0
YCL004W,0
YCL007C,0
YJL172W,0.16666666666666666
YLR119W,0.16666666666666666
YPL065W,1.0
YCL009C,0
YER094C,0.5
YCL011C,0.09558823529411764
YDL084W,0.13333333333333333
YDR120C,0.16666666666666666
YHR167W,0.3333333333333333
YML062C,0.6
YMR216C,0.0641025641025641
YNL139C,0.2857142857142857
YNL253W,0
YPR161C,0.030303030303030304
YIL104C,0.1
YCL016C,0
YGR020C,0.25274725274725274
YHL023C,0
YLR123C,0
YPL135W,0
YDL116W,0.0748663101604278
YDR080W,0.2222222222222222
YHR070W,0.1
YLL010C,0
YLR247C,0.05555555555555555
YLR248W,0.047619047619047616
YNL230C,0.05263157894736842
YPL139C,0.2
YCL019W,0.16666666666666666
YDR261W-A,0.3333333333333333
YDR261W-B,1.0
YHR189W,0
YCL020W,0
YCL023C,0
YML008C,0
YDL232W,0.2679738562091503
YIR038C,0.01904761904761905
YJR095W,0
YPL265W,0
YCL026C-A,0
YCR048W,0
YLR177W,0
YDR072C,0
YER090W,0.1
YER149C,0.027777777777777776
YGR070W,0
YIL159W,0.10989010989010989
YIR014W,0
YJL153C,0.045454545454545456
YJR030C,0
YKL092C,0
YKL105C,0
YKL202W,0
YKR023W,0
YKR049C,0
YKR101W,0.19047619047619047
YMR103C,0
YMR140W,0
YMR156C,0
YMR265C,0
YNL267W,0
YNL291C,0
YNR064C,0.08888888888888889
YOL046C,0
YOR155C,0.2
YPL156C,0
YPL224C,0
YPR008W,0.1
YPR023C,0.23636363636363636
YPR160C-A,0
YEL021W,0
YCL029C,0.13333333333333333
YER016W,0.16666666666666666
YCL030C,0
YOL082W,0.04329004329004329
YDL016C,0
YDR309C,0.15441176470588236
YER040W,0.06666666666666667
YER047C,0.07272727272727272
YHR061C,0.24358974358974358
YKL061W,0.08333333333333333
YKR020W,0.3333333333333333
YNL086W,0.03636363636363636
YOL043C,0
YPR051W,0.3333333333333333
YPR075C,0
YPR076W,0
YPR193C,0.1
YCL033C,0
YCL035C,0
YKL198C,0.01282051282051282
YCL036W,0
YLR263W,0
YPR088C,0.02197802197802198
YHR178W,0
YMR009W,0
YCL046W,0
YDR516C,0.2
YKL056C,0.10606060606060606
YML099C,0.05555555555555555
YPL126W,0.09523809523809523
YCL042W,0
YER189W,0
YLR354C,0.027777777777777776
YCL044C,0
YGL115W,0.09259259259259259
YPL208W,0
YCL049C,0
YCL050C,0
YJR106W,0
YCL054W,0.25
YGR103W,0.17864693446088795
YKR081C,0.19020408163265307
YNL154C,0.07272727272727272
YOR310C,0.3333333333333333
YGL036W,0
YNL196C,0
YCL056C,0
YDL157C,0
YNL100W,0
YCL058C,0
YDL166C,0
YDR299W,0.16363636363636364
YDR324C,0.2222222222222222
YDR457W,0
YER127W,0.047619047619047616
YGR145W,0.3333333333333333
YJL109C,0.1619047619047619
YKR060W,0.4
YLR197W,0.18333333333333332
YNL308C,0.047619047619047616
YPL217C,0.2
YCL061C,0
YNL273W,0
YCL063W,0
YER150W,0
YJL043W,0
YPL005W,0
YNL056W,0.06666666666666667
YCL065W,0
YLR374C,0
YCL069W,0
YCR075C,0
YCL076W,0
YOR209C,0
YOR241W,0
YNL166C,0.5357142857142857
YCR003W,0
YIR039C,0
YLR253W,0
YPL245W,0
YCR007C,0
YGL060W,0.08974358974358974
YMR232W,0
YNL055C,0.029239766081871343
YOR232W,0.05847953216374269
YCR010C,0.16666666666666666
YFL055W,0
YGL098W,0
YEL031W,0
YJL110C,0.09523809523809523
YOL085C,0
YCR015C,0
YDL231C,0
YEL053C,1.0
YCR021C,0
YJL068C,0
YKL220C,0
YCR022C,0
YCR023C,0
YMR075C-A,0
YMR075W,0.16666666666666666
YCR024C,0
YCR027C,0
YNR065C,0
YJR144W,0.06060606060606061
YJR126C,0
YMR132C,0
YHR007C,0.16483516483516483
YOR049C,0
YCR035C,0.5833333333333334
YGR095C,0.3897058823529412
YNL232W,0.6212121212121212
YOL021C,0.375
YCR036W,0
YGL153W,0.08088235294117647
YDR532C,0
YCR039C,0
YMR043W,0.1111111111111111
YCR041W,0
YJL031C,0
YML114C,0
YCR044C,0.3333333333333333
YCR045C,0
YOR348C,0
YCR046C,0
YCR047C,0
YLR339C,0
YCR050C,0
YCR054C,0
YDR365C,0.05138339920948617
YGL171W,0.3333333333333333
YGR128C,1.0
YGR135W,0.36363636363636365
YGR154C,0
YGR210C,0
YHR196W,0.0457516339869281
YKL099C,1.0
YLR129W,0.8
YNR043W,0
YNR054C,1.0
YOL038W,0.2878787878787879
YOR078W,0
YCR059C,0
YDR400W,0
YJL160C,0
YCR060W,0
YHR034C,0
YDL035C,0
YER001W,0
YHR103W,0.1
YIL134W,0
YLR138W,0
YMR243C,0
YNL318C,0
YNR066C,0.3333333333333333
YOR266W,0
YPR058W,0
YCR063W,0.3333333333333333
YDR408C,0.16666666666666666
YGL058W,0
YLR032W,1.0
YCR067C,0
YNL171C,0
YCR068W,0
YER019W,0
YCR071C,0
YCR072C,0.4642857142857143
YER126C,0.3722943722943723
YGR245C,0.4117647058823529
YIL051C,0
YCR076C,0
YDL216C,0.2
YDR141C,0
YGL143C,0
YIL154C,0.16666666666666666
YMR002W,0
YNR027W,0
YNR053C,0.19607843137254902
YGL062W,0.015151515151515152
YMR277W,0
YNL014W,0.044444444444444446
YOR323C,0
YPL160W,0.16666666666666666
YOR023C,0
YDL105W,0.07142857142857142
YJL156C,0
YLR313C,0
YNL021W,0.10714285714285714
YPL220W,0
YPL258C,0.015503875968992248
YCR086W,0.04666666666666667
YDL214C,0.047619047619047616
YDR061W,0
YER106W,0
YFL008W,0.11594202898550725
YGL175C,0.3333333333333333
YHR152W,0.013071895424836602
YKL077W,0
YOR281C,0.16666666666666666
YCR087C-A,0.1
YKR092C,0
YLR265C,0
YCR087W,0
YDR425W,0.17857142857142858
YDR444W,0
YLL031C,0
YOL089C,0
YOR367W,1.0
YPL008W,0
YPL019C,0.1
YCR091W,0
YNR058W,0
YDR376W,0
YIL038C,0.20512820512820512
YGL090W,0.044444444444444446
YHL029C,0
YNL099C,0.06666666666666667
YCR097W,0
YJL184W,0.06666666666666667
YGR203W,0.13333333333333333
YIL059C,0
YIL110W,0
YCR101C,0
YGR216C,0
YCR105W,0
YJL096W,0
YOR114W,0
YDL001W,0
YDR207C,0.038461538461538464
YMR079W,0
YDL076C,0.2
YER092W,0.3333333333333333
YFL013C,0.1
YGL150C,0.16666666666666666
YDL003W,0.42857142857142855
YDR180W,0.3333333333333333
YER147C,0.3333333333333333
YIL026C,0.32142857142857145
YJL074C,0.07509881422924901
YER157W,0.22727272727272727
YDL006W,0.08888888888888889
YFR010W,0.7166666666666667
YLR102C,0.37777777777777777
YDL011C,0
YEL023C,0
YDL012C,0
YDR151C,0
YFR047C,0.16666666666666666
YHR032W,0
YIL172C,0
YJL065C,0
YGR159C,0
YHR072W-A,0.8333333333333334
YKL078W,0.16363636363636364
YDR173C,0.3333333333333333
YFR057W,0
YGR059W,0
YGR099W,0
YHR184W,0.1
YHR185C,0
YIL041W,0
YJR089W,0.2
YKL039W,0
YLR134W,0.03636363636363636
YLR231C,0
YLR331C,0
YLR421C,0.5303030303030303
YNR048W,0
YOL091W,0
YOR006C,0
YOR214C,0
YOR313C,0
YPL218W,0.05555555555555555
YDL019C,0.5
YDL022W,0
YDL023C,0
YDL024C,0
YEL017W,0.045454545454545456
YGR016W,0
YHR009C,0
YLR002C,0.32727272727272727
YOR294W,0.09090909090909091
YDL026W,0
YDL027C,0
YER018C,0.3333333333333333
YGL093W,1.0
YIR010W,0
YJR112W,0.1323529411764706
YKL042W,0.23636363636363636
YKL089W,0.3333333333333333
YOL069W,0.10153846153846154
YOR257W,0.17857142857142858
YOR373W,0.2
YFL016C,0.0846774193548387
YJR029W,0
YKL211C,0
YLR309C,0.047619047619047616
YDL044C,0
YDR421W,0
YDR485C,0.3333333333333333
YML104C,0
YDL031W,0.4666666666666667
YDL036C,0
YDL037C,0
YDL041W,0
YDR363W,0
YJR057W,0.6666666666666666
YLL001W,0.06666666666666667
YMR307W,0
YDR409W,0.2
YER113C,0
YJL146W,0
YLL014W,0
YLR058C,0.038461538461538464
YML028W,0.02197802197802198
YMR302C,0
YNL023C,0.047619047619047616
YNL286W,0
YPR121W,0
YDR505C,0
YGR056W,0
YDL045C,0
YDL046W,0
YDL219W,0
YFR019W,0
YGL246C,0.3333333333333333
YKL029C,0
YKL195W,0
YKR028W,0.10714285714285714
YMR028W,0.3
YMR196W,0
YNL187W,0
YMR289W,0
YOR311C,0
YDL050C,0
YDL051W,0.1111111111111111
YNL016W,0.06315789473684211
YDL052C,0.07575757575757576
YFR009W,0.2
YJL057C,0.015151515151515152
YER140W,0
YMR013C,0
YDR266C,0.027777777777777776
YJR042W,0.275
YDL056W,0
YHR206W,0.1
YDL130W,0.02857142857142857
YER031C,0.06593406593406594
YER052C,0.01818181818181818
YER062C,0.03571428571428571
YFL045C,0.01098901098901099
YGR049W,0
YIL053W,0.02564102564102564
YKL127W,0
YER006W,0.22134387351778656
YOR145C,0.3
YDL061C,0
YDL062W,0
YPL131W,0.2
YMR168C,0.2
YDR244W,0.32142857142857145
YGR242W,0
YJL210W,0.1
YLR063W,0.3333333333333333
YML042W,0.022222222222222223
YNL214W,0.5238095238095238
YOL147C,0
YDL066W,0
YPL109C,0
YDL067C,0
YHR051W,0
YNL052W,0
YDL069C,0
YLR399C,0.12727272727272726
YOL131W,0
YDL071C,0
YDR183W,0
YGR269W,0
YNL155W,0
YDL072C,0
YDL073W,0
YDL074C,0.16363636363636364
YDR295C,0.17777777777777778
YNL153C,0.1
YPL055C,0
YDL075W,0
YER088C,0
YMR263W,0.14285714285714285
YDL077C,0.4
YDL079C,0
YDR081C,0
YDL081C,0.027777777777777776
YEL054C,0.06666666666666667
YGR209C,0
YPR078C,0
YDL082W,0
YER063W,0.047619047619047616
YMR314W,0.31666666666666665
YDL085W,0
YGR139W,0
YDL087C,0.31620553359683795
YDL088C,0.3333333333333333
YML031W,0.1
YMR153W,0.026455026455026454
YDR233C,0
YLR324W,0.08888888888888889
YDL090C,0
YKL019W,0
YIL022W,0.2
YDL092W,1.0
YKL122C,1.0
YDL094C,0
YDL196W,0
YDL095W,0
YDL096C,0
YDL099W,0
YKL050C,0
YDL121C,0
YDR304C,0
YDR415C,0
YDR431W,0
YDR513W,0
YER083C,0
YGL020C,0
YGR189C,0
YHR057C,0
YHR128W,0
YHR180W,0
YJL075C,0
YKL062W,0
YKR100C,0
YML101C,0
YNL199C,0.027777777777777776
YOL111C,0
YOL159C,0
YOR164C,0.06666666666666667
YPL252C,0
YPR037C,0
YDR051C,0
YFL030W,0
YGR130C,0.047619047619047616
YLR234W,0.16666666666666666
YMR031C,0
YMR086W,0
YPL269W,0
YDL102W,1.0
YJR006W,0.3333333333333333
YDL103C,0
YDR288W,0
YDL104C,0
YHR216W,0.1111111111111111
YKR099W,0
YDL108W,0.12727272727272726
YDR460W,0.4
YGL134W,0.18181818181818182
YLR005W,0.2
YOR299W,0
YDL110C,0
YKL015W,0
YLR125W,0
YDL111C,0.6388888888888888
YDL114W,0
YDL123W,0.16666666666666666
YLR040C,0
YDL115C,0
YDR335W,0.11956521739130435
YGL092W,0.23157894736842105
YGL179C,0.06666666666666667
YGL263W,0
YKL057C,0.2857142857142857
YKR082W,0.509090909090909
YOL014W,0
YOR180C,0.1
YPL091W,0
YDR104C,1.0
YDR208W,0
YGL144C,0.1
YGR233C,0.10714285714285714
YGR276C,0
YJL083W,0
YKR027W,0.16666666666666666
YLR073C,0
YLR142W,0
YLR410W,0
YNL277W-A,0
YOL095C,0
YPL009C,0
YDL118W,0
YDL119C,0
YMR305C,0
YDL125C,0
YDR049W,1.0
YER007W,0
YGR078C,0.4
YJR017C,0.023333333333333334
YML068W,0
YPR015C,0.027777777777777776
YDL127W,0
YER005W,0.25
YKL102C,0
YDL129W,0
YDR367W,0
YDR399W,0
YJL208C,0
YJR012C,0
YJR108W,0
YLR051C,0.16666666666666666
YLR287C,0.3333333333333333
YDL131W,0
YDR054C,0.2857142857142857
YDR139C,0.38095238095238093
YDR274C,0
YER156C,0
YFL009W,0.18181818181818182
YGL249W,0
YGR171C,0
YHR073W,0.1
YHR124W,1.0
YJL149W,1.0
YLR100W,0
YLR352W,0.19047619047619047
YLR368W,0.03636363636363636
YML088W,0.16666666666666666
YMR297W,0
YNL015W,0.3
YOR057W,0.2222222222222222
YMR052W,0.08333333333333333
YER159C-A,0.16666666666666666
YGR142W,0
YHR075C,0.3333333333333333
YPR040W,0.022222222222222223
YDL135C,0
YDL137W,0.2
YDR007W,0
YEL026W,0.1
YJL186W,0
YLL015W,0
YMR035W,0
YPL145C,0
YPR077C,0
YJL164C,0.14130434782608695
YJR110W,0.06593406593406594
YKR062W,0.3333333333333333
YNL251C,0.3333333333333333
YNL266W,0
YOL005C,0.5277777777777778
YOR210W,0.175
YPL228W,1.0
YPR187W,0.23076923076923078
YGL119W,0
YDL144C,0
YDR088C,0.06666666666666667
YER122C,0.17857142857142858
YFR051C,0.4065934065934066
YPL010W,0.9333333333333333
YPL222W,0
YKL070W,0
YDR179C,0.13333333333333333
YDR201W,0.0989010989010989
YDR341C,0
YJL001W,0.15555555555555556
YDL149W,0.1
YKL064W,0
YLR065C,0
YDL150W,0.6666666666666666
YDR040C,0
YDR269C,0
YDR422C,0.038461538461538464
YFL001W,0
YGL250W,0
YGR160W,0
YGR290W,0
YHR203C,0
YJL175W,0
YNL280C,0
YOL118C,0
YOR252W,0
YOR309C,0
YOR314W,0
YOR321W,0
YPR029C,0.23809523809523808
YGL170C,0.13333333333333333
YMR224C,0.2
YER107C,0.14285714285714285
YIL115C,0.20512820512820512
YDL158C,0
YLR113W,0.036923076923076927
YMR276W,0.15384615384615385
YDL159W-A,0
YGR178C,0.03571428571428571
YDL161W,0.2
YOR111W,0
YDL162C,0
YOR378W,0
YDL168W,0
YER117W,0.009523809523809525
YDL172C,0
YEL070W,0
YMR303C,0.01098901098901099
YOR204W,0
YDL178W,0
YDL180W,0
YLR452C,0.005847953216374269
YGR089W,0.022222222222222223
YKR054C,0.09523809523809523
YDL183C,0
YNL313C,0
YDL186W,0
YML092C,0.11827956989247312
YML126C,0.07142857142857142
YNL085W,0.058333333333333334
YOR157C,0.16363636363636364
YOR362C,0.1286549707602339
YPL003W,0
YER057C,0
YDL191W,0.3
YPR176C,0
YFL022C,0
YGR062C,0
YOR026W,0
YDL195W,0.13333333333333333
YIL109C,0.25757575757575757
YPR181C,0.12554112554112554
YEL024W,0
YKL073W,0.16666666666666666
YLR109W,0.027777777777777776
YDL201W,0
YDL202W,0
YER009W,0.19696969696969696
YGR058W,0.027777777777777776
YMR110C,0
YOL065C,0.2
YDL207W,0.3
YOR206W,0.29411764705882354
YLR426W,0
YGL230C,0
YNL238W,0.4
YDR194C,0.10714285714285714
YEL055C,0.14285714285714285
YFR032C,0
YGL068W,0
YGR198W,0
YHL038C,0
YJR041C,0
YKR024C,0.2
YLL027W,0
YMR229C,0.13186813186813187
YEL013W,0
YML011C,0
YDL215C,0
YMR025W,0.13333333333333333
YOL117W,0.3333333333333333
YDL218W,0
YGL044C,0.030303030303030304
YDR082W,0.3333333333333333
YLR010C,1.0
YDL221W,0
YDL223C,0
YDL224C,0
YJR070C,0.06666666666666667
YDR264C,0.06666666666666667
YKL126W,0.07272727272727272
YKR088C,0.027777777777777776
YOL129W,0
YOR327C,0.03636363636363636
YPR113W,0
YPR183W,0.1
YHR117W,0
YGL226C-A,0.9523809523809523
YOR085W,0.4444444444444444
YOR103C,0.7142857142857143
YDL233W,0
YDL235C,0
YDL236W,0
YDL237W,0
YLR085C,0
YPR148C,0
YDR273W,0
YKL192C,0
YLR072W,0
YNR012W,0.022222222222222223
YOR324C,0.03571428571428571
YDL241W,0
YDL243C,0
YNL331C,0.13333333333333333
YDL245C,0
YDL246C,0.4
YJR037W,0.3333333333333333
YJR159W,0.3333333333333333
YDL248W,0
YFL004W,0
YLR270W,0
YMR235C,0.03636363636363636
YDR003W,0
YDR004W,0.058823529411764705
YJL023C,0
YDR005C,0.1
YDR006C,0
YOR242C,0
YDR009W,0
YDR012W,0
YDR013W,0
YDR016C,0.16666666666666666
YKL052C,0.16666666666666666
YKR037C,0.3333333333333333
YDR017C,1.0
YDR018C,0
YDR479C,0
YDR020C,0
YDR021W,0
YDR024W,0
YDR484W,0.19444444444444445
YJL029C,0.6
YDR031W,0
YDR438W,0
YER038C,0
YER044C,0
YER064C,0
YFR055W,0
YGL125W,0
YGL169W,0
YGL223C,0.6
YGR111W,0
YGR124W,0
YHR060W,0.07272727272727272
YIL145C,0
YIR026C,0.0761904761904762
YJL185C,0
YJR075W,0.3
YLR328W,0.10714285714285714
YMR064W,0
YMR187C,0
YOR009W,0
YPL102C,0
YPL114W,0
YPR136C,0
YMR188C,1.0
YPR056W,0
YDR038C,0
YDR380W,0
YDR042C,0
YLR413W,0
YDR044W,0
YDR077W,0
YDR045C,0.5
YDR050C,0
YDR055W,0
YDR056C,0
YLR221C,0
YOL077C,0.37777777777777777
YPL024W,0
YDR063W,0
YGL239C,0
YDR066C,0
YDR067C,0
YDR068W,0
YDR070C,0
YER089C,0.3333333333333333
YER019C-A,0
YHR011W,0
YIL152W,0
YLR376C,0.16666666666666666
YDR079C-A,0
YPL122C,0.3
YDR079W,0
YJL099W,0
YDR084C,0.027777777777777776
YDR441C,0
YDR442W,0
YER011W,0.16666666666666666
YDR086C,0
YGR175C,0
YER013W,0.1
YGR006W,0
YHR195W,0
YGL087C,0.1
YDR095C,0
YDR096W,0
YDR098C,0
YGL071W,0
YGL220W,0
YGL252C,0
YGR214W,0
YMR137C,0.02564102564102564
YNL293W,0.3333333333333333
YOR298C-A,0
YPL095C,0.4
YDR102C,0
YER132C,0.2222222222222222
YDR105C,0
YNL160W,0
YDR106W,0
YHR129C,0.09523809523809523
YOL015W,0
YIR040C,0
YGR098C,0
YDR115W,0
YKL142W,0
YNL041C,0.13333333333333333
YDR116C,0
YJL041W,0.09420289855072464
YNL185C,0
YDR119W,0
YHR078W,0
YKL188C,0
YHL020C,0
YDR126W,0
YNR051C,0
YEL062W,0.2
YER182W,0
YGL205W,0
YHR134W,0
YIL063C,0.13333333333333333
YDR132C,0.16666666666666666
YJL218W,0.16666666666666666
YDR133C,0
YDR135C,0
YDR136C,0
YDR137W,1.0
YGR003W,0.3333333333333333
YHR160C,0.6666666666666666
YPL226W,0
YPL113C,0
YDR144C,0
YLR390W-A,0
YMR019W,0
YPL121C,0
YFR016C,0.05454545454545454
YFR049W,0.022222222222222223
YLR410W-B,0
YNL092W,0.007389162561576354
YDR150W,0.1111111111111111
YIR005W,0
YDR156W,0
YDR159W,0
YMR031W-A,0
YNL093W,0.13970588235294118
YKR014C,0.24444444444444444
YNR049C,0
YPL232W,0.3
YLR228C,0
YPL089C,0.1
YDR169C,0
YFR044C,0
YKR021W,0.13333333333333333
YDR300C,0
YHR015W,0
YOR069W,0.21428571428571427
YPL190C,0.2857142857142857
YMR042W,0.4
YIL013C,0
YPR104C,0.10714285714285714
YGL013C,0
YJR080C,0
YKL168C,0
YDR178W,0
YDR181C,0.8333333333333334
YMR127C,0.5
YOR213C,0.23809523809523808
YDR184C,0
YOR230W,0.0989010989010989
YMR316W,0
YNL239W,0
YJR069C,0
YNL049C,0.23809523809523808
YOR134W,0
YDR196C,0
YDR198C,0
YFR008W,0.14285714285714285
YMR029C,0.3333333333333333
YHR083W,0
YKL179C,0
YDR205W,0
YKL221W,0
YNR039C,0
YJL030W,0.022222222222222223
YJR094C,0.3333333333333333
YOR260W,0.4090909090909091
YLR030W,0
YPL180W,0.26373626373626374
YDR213W,0
YOL052C,0
YDR215C,0
YPL175W,0
YOL001W,0.07142857142857142
YDR218C,1.0
YDR219C,0
YDR221W,0
YMR151W,0
YHL001W,0
YLR385C,0.5238095238095238
YFL007W,0.16666666666666666
YMR219W,0
YDR229W,0.044444444444444446
YOR165W,0
YOR285W,0.047619047619047616
YJR131W,0
YDR236C,0
YDR245W,0.4
YJL183W,0.5
YER183C,0
YGR200C,0.3888888888888889
YNL210W,0
YNL295W,0
YOL116W,0
YOR028C,0
YPL086C,0.6666666666666666
YDR250C,0
YDR251W,0.16666666666666666
YPL057C,0
YDR252W,0
YHR193C,0.09523809523809523
YJR055W,0
YDR253C,0
YNL103W,0.08333333333333333
YEL077C,0
YDR256C,0.16666666666666666
YGR066C,0
YOR303W,0.03571428571428571
YFL002W-B,0
YDR262W,0
YDR454C,0
YDR263C,0
YJR086W,0.16666666666666666
YKL178C,0
YER098W,0
YHR044C,0
YDR268W,0
YDR270W,0
YNL259C,0
YDR509W,0
YOR244W,0.34065934065934067
YDR275W,0
YOR060C,0.16666666666666666
YDR279W,0
YLR154C,0
YOL142W,0.4666666666666667
YOR076C,0.1978021978021978
YPR189W,0
YDR281C,0
YNL213C,0
YHL017W,0
YPL147W,0
YDR286C,0
YDR287W,0
YHR163W,0
YDR289C,0
YDR290W,0
YDR291W,0
YDR293C,0
YGL086W,0.1
YDR296W,0
YGR125W,0
YOL003C,0.3333333333333333
YHR056C,0
YDR305C,0
YIR017C,0.08333333333333333
YER145C,0.1
YJL091C,0.17857142857142858
YGR207C,0
YKL007W,0.10714285714285714
YMR238W,0.1
YDR310C,0.16666666666666666
YOR279C,0.3333333333333333
YGR258C,0.03571428571428571
YHR113W,0.16666666666666666
YKL028W,0.1
YKR050W,0
YMR294W,0.06060606060606061
YPL170W,0
YDR312W,0
YDR313C,0
YDR314C,0
YDR315C,0
YLR323C,0
YFL053W,0
YDR317W,0
YDR455C,0
YDR478W,0
YDR542W,0
YER035W,0
YER084W,0
YFL015C,0
YGR018C,0
YGR036C,0
YGR146C,0
YJR060W,0.14285714285714285
YLL033W,0
YDR319C,0
YDR320C,0.3333333333333333
YGR167W,0.3333333333333333
YDR321W,0.16666666666666666
YDR323C,0
YDR326C,0
YER007C-A,0
YDR327W,0
YGL149W,0
YGL186C,0
YGR140W,0.17857142857142858
YHR205W,0.3333333333333333
YJL204C,0
YLR224W,0.6666666666666666
YOL098C,0
YPR036W,0.4666666666666667
YGL053W,0.08888888888888889
YJR158W,0
YMR074C,0
YDR333C,0
YML041C,0.16666666666666666
YFR002W,0.24358974358974358
YML103C,0.4
YOR359W,0
YPR084W,0
YGL006W,0
YDR340W,0
YER048C,0
YGL042C,0.027777777777777776
YDR344C,0
YDR345C,0
YDR346C,0
YLR077W,0
YDR349C,0
YLR099C,0
YDR350C,0
YDR351W,0
YNL070W,0
YDR357C,0
YGL079W,0
YDR359C,0.6071428571428571
YFL024C,0.5
YDR361C,0
YJL207C,0
YDR366C,0
YHR065C,0
YDR370C,0
YDR371W,0
YJL053W,0.25
YDR373W,0
YDR374C,0
YIR024C,0
YGL251C,0
YJL139C,0
YLR053C,0
YMR221C,0
YOR320C,1.0
YOR382W,0
YKL214C,0.23809523809523808
YOL104C,0
YPL002C,0.16666666666666666
YNR060W,0
YFR001W,0.2857142857142857
YGR264C,0
YHR143W-A,0.13333333333333333
YML074C,0.030303030303030304
YNL024C,0
YPL108W,0
YPL127C,0.3333333333333333
YDR387C,0
YOR292C,0
YDR515W,0
YGL026C,0.1
YGL226W,0
YJL085W,0
YJL133W,0.3333333333333333
YJL195C,0
YLR243W,0.16666666666666666
YLR436C,0
YMR003W,0
YMR068W,0.19444444444444445
YMR162C,0.13333333333333333
YOR004W,0
YOR042W,0.1
YPL135C-A,0
YPR081C,0.1
YPR095C,0
YDR390C,0.3333333333333333
YPR180W,0.027777777777777776
YDR392W,0.6
YGL074C,0
YDR397C,0
YER159C,0
YLR336C,0
YPL216W,0
YDR403W,0
YKR053C,0
YGR063C,0.3333333333333333
YDR405W,0
YDR410C,0.3333333333333333
YDR412W,0.3333333333333333
YDR413C,0
YGR151C,0
YDR503C,0
YEL004W,1.0
YFL040W,0.047619047619047616
YGL259W,0.16666666666666666
YJL193W,0
YLL056C,1.0
YMR292W,0.3333333333333333
YNL326C,0
YNR026C,1.0
YOL075C,0
YOR305W,0
YGR129W,1.0
YJR050W,0.35714285714285715
YPL077C,0
YPR101W,0.47619047619047616
YDR424C,0
YPL280W,0
YNR059W,0
YDR428C,0
YDR433W,0
YDR435C,0
YFR003C,0.047619047619047616
YKL088W,0.1
YKR072C,1.0
YMR311C,0.16666666666666666
YOR054C,0.16666666666666666
YPR005C,1.0
YML022W,0
YDR445C,0
YDR446W,0
YFL031W,0
YDR450W,0
YDR452W,0
YIL039W,0
YOR031W,0
YLL046C,0
YLR173W,0
YNR056C,0
YPL092W,0
YDR464W,0
YJR021C,0
YHR088W,0.5833333333333334
YOR201C,0.027777777777777776
YEL005C,0
YDR475C,0
YJL089W,0.3333333333333333
YNL218W,0
YHR039C,0
YGL028C,0
YDR483W,0
YDR487C,0
YIL135C,0
YOR172W,0
YFR043C,0
YJL072C,0
YDR490C,0.022222222222222223
YHR207C,0
YLR466W,0
YDR492W,0
YJR067C,0
YDR498C,0.6666666666666666
YGL145W,0.06666666666666667
YDR500C,0
YPL125W,0.13333333333333333
YER049W,0
YNR074C,0
YDR504C,0
YMR211W,0
YOL034W,0
YOR156C,0.06666666666666667
YDR511W,0
YDR512C,0
YDR514C,0
YNL173C,0
YGR169C,0
YDR517W,0
YKR034W,0.09523809523809523
YDR524C,0
YDR526C,0
YDR527W,0
YDR528W,0
YDR530C,0
YDR531W,0
YHR079C,0
YKL194C,0
YDR533C,0
YMR010W,0
YDR534C,0
YDR536W,0
YDR538W,0
YDR541C,0
YOR187W,0
YDR545W,0
YPR011C,0
YEL003W,1.0
YLR200W,0.1111111111111111
YML094W,0.6666666666666666
YGR107W,0
YEL006W,0
YEL008W,0
YHR145C,0
YEL011W,0
YEL012W,0
YLR254C,0
YPR185W,0.14285714285714285
YGR116W,0.23809523809523808
YJR140C,0
YEL016C,0
YMR299C,0
YGR121C,0.16666666666666666
YKL063C,0
YPL244C,0
YEL018W,0.3333333333333333
YEL019C,0
YEL020C,0
YHR174W,0
YLR207W,0.07142857142857142
YHR080C,0
YPL050C,0
YER143W,0.06666666666666667
YER162C,0.23809523809523808
YIL143C,0.06060606060606061
YLR441C,0
YEL038W,0
YEL039C,0
YJR049C,0
YER073W,0
YJL152W,0.3333333333333333
YLR250W,0
YEL046C,0
YNL220W,0
YEL048C,0
YIL136W,0
YEL049W,0
YOL039W,0
YEL057C,0
YEL058W,0
YEL059W,0
YJR130C,0
YLR454W,0
YOR138C,0
YGR057C,0
YOR161C,0
YOR345C,0
YIR034C,0.14285714285714285
YEL066W,0.13333333333333333
YPL112C,0
YLR225C,0
YEL071W,0
YEL072W,0
YEL074W,0
YEL075C,0
YER002W,0.6666666666666666
YER004W,0
YJR014W,0
YJL120W,0
YOR349W,0
YER010C,0
YOR274W,0
YKL206C,0
YLR199C,0
YKR066C,0.16666666666666666
YMR089C,0.3333333333333333
YER104W,0
YPR065W,0
YOR371C,0.3333333333333333
YPL036W,0
YFR038W,0
YGL027C,0.3333333333333333
YGR243W,0
YHL005C,0
YHL044W,0
YHL045W,0
YHR116W,0
YIL078W,0.16666666666666666
YJL142C,0
YJR148W,0.3333333333333333
YKL051W,0
YKR093W,0
YLL020C,0
YLL065W,0.3333333333333333
YML082W,0
YMR039C,0
YMR087W,0
YMR114C,0
YMR118C,0
YMR293C,0
YNL073W,0
YNL159C,0
YNL211C,0
YNL235C,0
YNL301C,0.3333333333333333
YNR024W,0
YOL022C,0
YOL042W,0
YOL106W,0
YOR072W,0
YOR143C,0
YOR334W,0
YOR336W,0
YPL053C,0
YPL098C,1.0
YLR215C,0.09523809523809523
YLR220W,0
YER030W,0
YNL146W,0
YOR070C,0
YLR456W,0
YER033C,0.26666666666666666
YGR206W,0
YNL142W,0
YER037W,0
YML023C,0
YPL051W,0
YER045C,0
YGR247W,0
YOR059C,0
YPL205C,0
YGR271W,0
YER051W,0
YLR121C,0
YKR079C,0
YLR326W,0
YER055C,0
YER058W,0
YMR165C,0
YOR392W,0
YER061C,0
YPL073C,0
YHL032C,0
YPL201C,0
YOR333C,1.0
YPL172C,0
YPL212C,0.3333333333333333
YPR125W,0
YER065C,0
YER066W,0
YMR154C,0.06666666666666667
YER069W,0
YER070W,0.16666666666666666
YOR171C,0
YPL032C,0
YPL257W,0
YER076C,0
YER077C,0
YFL027C,0
YML036W,0.14285714285714285
YER079W,0.16666666666666666
YFR017C,0
YGL039W,0
YGL096W,0.16666666666666666
YGL110C,0
YGR293C,0
YHR215W,0
YIL044C,0
YIL074C,0
YKR073C,0
YLR151C,0
YNR042W,0
YOR189W,0
YOR222W,0
YOR246C,0
YOR258W,0
YOR263C,0
YOR300W,0
YOR318C,0
YOR387C,0
YPL229W,0
YPR046W,0
YPR134W,0
YPR137C-B,0
YPR149W,0
YJL135W,0
YPR112C,0
YMR038C,0
YOR383C,0
YMR233W,0
YPL238C,0
YER096W,0
YER099C,0.3333333333333333
YKL205W,0.027777777777777776
YGL065C,0
YPR001W,0
YHL008C,0
YER109C,0
YOL127W,0
YER111C,0.13333333333333333
YIL029C,0
YKL209C,0.16666666666666666
YLL032C,0
YLR269C,0.3333333333333333
YNL091W,0
YOR219C,0
YPL272C,0
YGL085W,0
YGR257C,0
YHR143W,0
YJL062W,0
YMR065W,0.047619047619047616
YNR033W,0
YER119C,0
YKL055C,0
YLR305C,0
YNL027W,0.047619047619047616
YER121W,0
YER176W,0
YHR003C,0
YFR022W,0
YHR097C,0
YKL020C,0
YKR018C,0
YLR392C,0.3333333333333333
YML111W,0.03571428571428571
YMR171C,0
YMR275C,0.1
YOR018W,0.16666666666666666
YOR340C,0.3333333333333333
YOR385W,0
YHR204W,0
YER128W,0
YPR173C,0.03571428571428571
YLR420W,0
YER131W,0
YLR435W,0
YHR100C,0
YOR227W,0.3333333333333333
YPL137C,0
YFL005W,0.3333333333333333
YGL210W,0.2
YER137C,0
YER139C,0
YOR034C,0
YIL056W,0
YFL066C,1.0
YPL090C,0
YKL058W,0.4
YNL039W,0.2
YOR194C,0.26666666666666666
YIL040W,0
YKL034W,0
YER152C,0
YJL107C,0
YER153C,0
YGR222W,0
YJL170C,0
YOR121C,0
YGR080W,0
YHL031C,1.0
YPR105C,0.0641025641025641
YPL253C,0
YLR389C,0
YLR167W,0
YER163C,0
YNL255C,0
YER166W,0
YGR229C,0
YER168C,0
YER169W,0
YPL071C,0
YER170W,0
YOR142W,0
YHR156C,0.06666666666666667
YHR079C-A,0
YER174C,0.3333333333333333
YER175C,0
YLR158C,0.16666666666666666
YIL028W,0
YKL140W,0.16666666666666666
YKL124W,0
YGR085C,0
YJL125C,0
YNL013C,0
YER180C,0
YER181C,0
YER184C,0
YER186C,0
YER188W,0
YFL002C,0.5
YNL272C,0
YKL159C,0
YPL059W,0.1
YFL011W,0
YFL012W,1.0
YJR084W,0
YPR057W,1.0
YJR051W,0
YGR072W,0.1
YFL021W,0.06666666666666667
YLR068W,0
YLR060W,0
YFL026W,0
YGR141W,0
YIL077C,0
YIR016W,1.0
YFL034W,0
YFL036W,0
YMR228W,0
YOR265W,0.16666666666666666
YIL138C,0
YOR122C,0.13333333333333333
YLR349W,0
YMR266W,0
YFL042C,0.3333333333333333
YFL044C,0
YOL152W,0
YFL050C,0
YFL051C,0
YKL026C,0
YNL316C,0
YFL052W,0
YOR366W,0
YFL054C,0
YFL056C,0
YFL060C,0.3333333333333333
YMR095C,1.0
YMR096W,0.4
YMR322C,0.5
YNL334C,0.06666666666666667
YFL061W,0
YOR071C,0
YOR079C,0
YOR092W,0
YFL063W,0
YFL065C,0
YLR415C,0
YFL067W,0
YIL149C,0
YLR178C,0.5
YIL064W,0
YOR147W,0
YPL179W,0.1
YIR011C,0
YFR006W,0
YLR395C,0
YFR011C,0
YKL119C,0.06666666666666667
YJL137C,0.5
YPL219W,0.5
YOR010C,0
YJL212C,0
YFR018C,0
YLR094C,0
YNL242W,0
YGR241C,0.16666666666666666
YHL027W,0
YHR182W,0
YJL045W,0
YLR422W,0
YNL065W,0
YOL107W,0
YOR247W,0.4
YPR097W,0
YFR026C,0
YMR076C,0
YKL001C,0.16666666666666666
YKL150W,0
YNL001W,0.1
YOR032C,0
YOR093C,0.3333333333333333
YPR042C,0
YPR069C,0
YFR029W,0
YFR033C,0
YJR031C,0
YML127W,0
YFR039C,0
YFR042W,0
YNR025C,0
YFR045W,0
YKR067W,1.0
YJR133W,0
YGL005C,0
YNL328C,0
YGL009C,0
YGL010W,0
YPL144W,0.24444444444444444
YGL014W,0
YNL231C,0
YGL015C,0
YGL017W,0
YGL018C,0
YMR172W,0.6
YNL087W,0
YGL021W,0
YLR133W,0.16666666666666666
YGL023C,0
YGL024W,0
YNR002C,0
YGL029W,0
YGL030W,0
YGL032C,0
YPL025C,0
YGL037C,0.5
YGL038C,0
YGL040C,0.3333333333333333
YGR004W,0.3333333333333333
YGL045W,0
YGL047W,0
YLL034C,0.19047619047619047
YGL050W,0
YMR011W,0
YJL134W,0
YKL153W,0
YOL080C,0
YGL059W,0
YIL042C,0
YIR004W,0
YJL179W,0
YGL064C,0
YGL069C,0
YJL182C,0
YJL190C,0
YJR162C,0
YKL036C,0
YKL086W,0
YKL190W,0
YGL072C,0
YGL073W,0
YGL077C,0
YGL083W,0
YGL084C,0
YLR308W,0
YOL081W,0
YOR220W,0.06666666666666667
YHR036W,0
YGL094C,0
YKL025C,0
YOR364W,0
YLR440C,0
YGL102C,0
YHR194W,0
YGL225W,0.16666666666666666
YPL270W,0
YJL222W-B,0
YMR227C,1.0
YGL113W,0
YGL114W,0
YJL114W,0
YML110C,0
YGL117W,0
YIL002C,0
YNL224C,0
YIL092W,0
YGL126W,0
YGL157W,0
YHR130C,0
YIL025C,0
YJL032W,0
YKL137W,0
YML133C,0
YMR072W,0
YMR202W,0
YNR028W,0
YOR162C,0
YOR289W,0
YOR377W,0
YPL064C,0
YKR058W,0
YGR202C,0
YHR018C,0
YKL204W,0.1
YNL181W,0
YGL138C,0
YGL139W,0
YGL142C,0
YGL146C,0
YGL147C,0
YGL148W,0
YLR284C,0.2
YOL105C,0
YGL254W,0
YGL155W,0
YGL156W,0.2857142857142857
YGR071C,0.16666666666666666
YPL128C,0.1
YNL304W,0.3333333333333333
YGL165C,0
YGL166W,0
YJL154C,0.2222222222222222
YGL168W,0
YLL024C,0.05128205128205128
YGL174W,0
YGL177W,0
YIL010W,0
YIL052C,0
YIL057C,0
YNR068C,0
YOR331C,0
YOR384W,0
YPL188W,0
YGL183C,0
YGL184C,0
YGL189C,0.1
YHR108W,0.16666666666666666
YJL050W,0
YGR138C,0
YGL204C,0
YMR209C,0
YPL106C,0
YGR231C,0
YMR053C,0
YGL214W,0
YGL217C,0
YLL029W,0
YGL221C,0
YGL222C,0
YJL178C,0
YJL211C,0
YKL110C,0.5
YOR090C,0
YOR298W,0
YGL236C,0.1
YMR023C,0
YGR267C,0.0641025641025641
YNL063W,0
YPL166W,0
YPR085C,0
YGL242C,0
YOR048C,0
YGL247W,0
YLR146C,0
YGL258W,0
YJR020W,0
YHR090C,0.6
YLR297W,0
YMR183C,0
YGR010W,0.13333333333333333
YIL009W,0
YGR017W,0
YGR021W,0
YGR023W,0
YLR460C,0
YGR024C,0
YIL082W,0
YGR026W,0
YGR028W,0
YLR067C,0
YGR029W,0
YKL084W,0
YGR031W,0
YOR118W,0
YPL251W,0
YGR042W,0
YGR045C,0
YOR271C,0
YGR046W,0
YLR257W,0
YJL086C,0
YPL060W,0
YGR053C,0
YOR097C,0
YJL129C,0
YJL202C,0
YGR064W,0
YGR065C,0
YJL199C,0.03636363636363636
YHR109W,0
YIL008W,0
YKL149C,0
YGR073C,0
YKL183W,0
YGR076C,0
YGR079W,0
YNL081C,0
YNL138W-A,0
YNL003C,0
YNL131W,0.09523809523809523
YGR251W,0
YGR088W,0
YLR003C,0
YKL170W,0
YNL241C,0
YHR081W,0.5
YGR100W,0
YGR101W,0
YJL213W,0
YPR143W,0.3333333333333333
YOR368W,0.06666666666666667
YGR110W,0
YOL151W,0
YJL064W,0
YLR329W,0
YPR045C,0
YGR114C,0
YGR115C,0
YPR133C,0.3333333333333333
YPR083W,1.0
YGR122W,0
YMR008C,0
YMR021C,0
YNL011C,0
YGR126W,0
YGR131W,0
YGR255C,0
YIL108W,0
YLR149C,0
YNL082W,0.16666666666666666
YOL024W,0
YOR113W,0
YIL121W,0
YGR148C,0
YGR149W,0
YNL219C,0
YGR153W,0
YMR260C,0
YGR161C-D,0
YML121W,0.047619047619047616
YGR168C,0
YGR177C,0
YOL103W,0
YJL035C,0
YJR135W-A,1.0
YPL177C,0
YGR185C,0
YLR283W,0
YGR194C,0
YGR197C,0
YHR187W,0.5714285714285714
YJR127C,0
YMR312W,0.6666666666666666
YPL101W,1.0
YGR208W,0
YKL177W,0
YGR211W,0
YGR213C,0
YGR217W,0
YJR134C,0.16666666666666666
YLL060C,0
YLL067W-A,0
YML120C,0
YMR180C,0
YNL164C,0
YOR184W,0
YPL056C,0
YKL167C,0
YKR006C,0
YML009C,0
YMR193W,0
YMR225C,0
YPL183W-A,0
YNR045W,0
YGR223C,0
YGR228W,0
YGR236C,0
YOR389W,0.5
YNL045W,0
YGR244C,0
YOL063C,0.1
YOR225W,0
YNR036C,0
YGR256W,0
YIL047C,0
YKR052C,0
YMR150C,0
YMR257C,0
YKR038C,0.6666666666666666
YLR174W,0
YOR073W,0
YGR263C,0
YGR266W,0
YOR124C,0
YOR302W,0.05555555555555555
YKL201C,0
YGR275W,0
YNR015W,0
YGR279C,0
YPR021C,0
YGR283C,0
YGR291C,0
YLR054C,0
YGR294W,0
YHL018W,0.047619047619047616
YJL056C,0
YKR009C,0
YMR189W,0
YNR005C,0
YNR006W,1.0
YOR067C,0
YMR158W,0
YLR046C,0
YHL009C,1.0
YHL015W,0
YOR350C,0
YLR170C,0.8333333333333334
YOR107W,0
YHL024W,0
YHL026C,0
YOR275C,0.16666666666666666
YHL033C,0
YHL036W,0
YPR163C,0.06666666666666667
YHL039W,0
YNL329C,0
YHL043W,0
YKR035C,0
YHL046C,0
YHL047C,0
YKL079W,0
YHL049C,0
YOL099C,0
YHR001W,0
YMR069W,0
YPR004C,0
YHR012W,0.5
YKL109W,0
YPR052C,0
YPR188C,0
YHR024C,0.6666666666666666
YHR025W,0
YIL088C,0
YLR346C,0
YPR047W,0
YHR035W,0
YHR038W,0
YHR040W,0
YJL015C,0
YLR164W,0
YLR344W,0
YPR203W,0
YHR043C,0
YHR045W,0
YHR046C,0
YHR047C,0
YNL192W,0
YHR049W,0
YHR050W,0.16666666666666666
YHR053C,0
YHR063C,0
YHR067W,0
YHR068W,0.6666666666666666
YHR071W,0
YHR074W,0
YHR085W,0.3333333333333333
YLR356W,0
YHR087W,0
YMR239C,0
YHR091C,0
YOL088C,0
YHR092C,0
YJR048W,0
YNL136W,0
YLR365W,0
YHR106W,0
YMR198W,0.09523809523809523
YPL241C,0
YJL010C,0
YHR112C,0
YPR145W,0
YIR021W,0
YJL174W,0
YKR032W,0
YLL054C,0
YLR081W,0.16666666666666666
YLR112W,0
YLR136C,0
YLR461W,0
YML131W,0
YOL002C,0
YOR175C,0
YPL063W,0.3333333333333333
YPL277C,1.0
YPR094W,0
YOR215C,0
YHR127W,0
YJR008W,0
YHR132C,0
YPL171C,0
YHR136C,0
YMR152W,0
YHR138C,0
YIL023C,0
YJL131C,0
YOR316C,0
YHR144C,0
YLR448W,0
YHR151C,0
YNL193W,0
YLR132C,0
YOR173W,0
YHR154W,0
YJR010W,0
YHR157W,0
YJR122W,0
YKR044W,0
YLR451W,0
YKL075C,0
YKL134C,0
YNL212W,0
YIL091C,0
YHR175W,0
YMR020W,0
YNL252C,0
YLR185W,0
YHR190W,0
YOR065W,0
YLR009W,0.1
YLR075W,0
YMR142C,0
YOR063W,0
YHR198C,0
YNL095C,0
YNL034W,0
YHR209W,0
YHR211W,0
YOR360C,0
YHR212W-A,0
YHR214C-B,0
YHR214W-A,0
YIL001W,0
YIL166C,0
YIL009C-A,0
YIL011W,0
YIL014W,0
YMR222C,0
YIL019W,0
YIL020C,0
YIL024C,0
YOR352W,0
YIL032C,0
YOR295W,0
YPL037C,0
YIL037C,0
YPL231W,0
YNL245C,0
YOR087W,0
YJL165C,0
YIL054W,0
YIL055C,0
YLR017W,0
YLR213C,0
YMR044W,0
YOR346W,0
YIL065C,0.1
YJL112W,0
YNL134C,0
YIL072W,0
YIL082W-A,0
YIL085C,0
YIL086C,0
YNR040W,0
YIL096C,0
YIL098C,0
YIL103W,0
YKL191W,0
YPL187W,0.16666666666666666
YIL117C,0
YLR114C,0
YIL119C,0
YPL191C,0
YIL130W,0
YJL197W,0
YIL137C,0
YIL139C,0
YPL260W,0
YOR142W-A,0
YNL327W,0
YIL153W,0
YIL157C,0
YIL158W,0
YIL163C,0
YKL217W,0
YMR057C,0
YNL036W,0
YNL165W,0
YOR011W,0
YLR202C,0
YIR012W,0
YJR004C,0
YIR013C,0
YJL102W,0
YLR437C,0
YNL314W,0.3333333333333333
YIR025W,0
YPR164W,0.16666666666666666
YIR027C,0
YIR028W,0
YIR035C,0
YIR036C,0
YIR037W,0
YMR119W,0
YIR042C,0
YML019W,0
YJL006C,1.0
YJL011C,0.8
YJR143C,0
YJR152W,0
YJL118W,0
YJR023C,0
YJR047C,0
YJR149W,0
YMR184W,0
YPL202C,1.0
YLR316C,0
YLR312W-A,0
YPL207W,0
YJL048C,0
YOR132W,1.0
YJL055W,0
YJL143W,0.2
YNR029C,0
YJL067W,0
YML093W,0
YJL078C,0
YJL082W,0
YLR014C,0
YMR280C,0.3333333333333333
YJL094C,0
YLR193C,0
YJL209W,0
YJL100W,0
YPL040C,0
YMR100W,0
YOR099W,0
YJL123C,0
YNL163C,0
YNL276C,0
YLR256W-A,0
YPL247C,1.0
YJL158C,0
YJL163C,0
YOR380W,0
YJL181W,0
YMR204C,0
YJL189W,0
YJL191W,0
YJL192C,0
YJL198W,0
YLR198C,0
YJL200C,0
YMR285C,0
YOL136C,0
YKL222C,0
YJL215C,0
YJL222W-A,0
YJL225C,0
YNR075W,0
YJR003C,0
YML053C,0
YJR011C,0
YJR016C,0
YJR019C,0
YLR143W,0
YNL050C,0
YNR050C,0
YOL031C,0
YOL140W,0
YJR024C,0
YJR025C,0
YJR027W,0
YJR028W,0
YJR034W,0
YMR318C,0
YJR038C,0
YPL046C,0
YPL193W,0
YNL148C,0
YLR406C,0
YOR262W,0
YJR074W,1.0
YOR084W,0
YJR079W,0
YLR217W,0
YNL051W,0
YOR354C,0
YPR096C,0
YJR119C,0
YJR123W,0
YKL076C,0
YKL111C,0
YKL117W,0.5
YKL138C,0
YKL160W,0
YKL224C,0
YKR040C,0
YKR087C,0
YLL030C,0
YLR037C,0
YLR066W,0
YLR104W,0
YLR118C,0
YLR172C,0
YLR205C,0
YLR333C,0
YLR379W,0
YML013W,0
YMR067C,0
YMR160W,0
YMR278W,0
YNL109W,0
YNL215W,0
YOL072W,0
YOL101C,0
YOR008C,0
YOR033C,0.3333333333333333
YOR379C,0
YPL052W,0
YPL088W,0
YPL159C,0
YPR114W,0
YPR130C,0
YML030W,0
YJR097W,0
YJR098C,0
YJR099W,0
YJR100C,0
YJR102C,0.2
YLR417W,0.3333333333333333
YMR077C,0.1
YLR301W,0
YJR120W,0
YJR125C,0
YJR136C,0
YKL033W,0
YJR146W,0
YLR246W,0
YJR154W,0
YJR157W,0
YNR072W,0
YPR122W,0
YKL017C,0
YKL024C,0
YMR090W,0
YKL038W,0
YKL044W,0
YKL047W,0
YPL130W,0
YKL049C,0
YLR285W,0
YOR344C,0
YNL122C,0
YKL069W,0
YKL072W,0
YOR148C,0
YKL087C,0
YKL093W,0
YOR239W,0
YKL106W,0
YKL107W,0
YKL114C,0
YKR069W,0.3333333333333333
YML106W,0
YOL073C,0
YKL133C,0
YML043C,0
YMR210W,0
YNL178W,0
YKL147C,0
YKL163W,0
YKL164C,0
YLR012C,0
YKL176C,0
YKL180W,0
YNL104C,0
YKL186C,0
YPL163C,0
YKL197C,0
YOR198C,0
YOR003W,0
YNR034W,0
YKL208W,0
YKL216W,0
YKL219W,0
YOR221C,0
YKR005C,0
YKR016W,0
YLR388W,0
YLR289W,0.1
YMR269W,0
YOR190W,0
YLL002W,0
YKR051W,0
YKR061W,0
YKR063C,0
YKR064W,0
YKR065C,0
YLR036C,0
YKR070W,0
YKR071C,0
YKR074W,0
YKR080W,0
YKR084C,0
YLR462W,0
YPL023C,0
YPL067C,0
YPR177C,0
YKR095W-A,0
YNL246W,0
YOL009C,0
YOR112W,0
YLL012W,0
YOR095C,0
YOR282W,0
YOL112W,0
YLR459W,0
YLL038C,0
YLL047W,0
YLL059C,0
YOL143C,0
YLR001C,0
YNL019C,0
YLR007W,0
YLR008C,0
YLR011W,0
YLR021W,0
YLR027C,0
YLR028C,0
YLR038C,0
YML125C,0
YLR042C,0
YLR434C,0
YLR050C,0
YLR057W,0
YLR070C,0
YNL038W,0
YLR076C,0
YMR177W,1.0
YPL162C,0
YLR087C,0
YOL138C,0
YLR110C,0
YPR137C-A,0
YLR124W,0
YMR030W,0
YLR261C,0
YOR390W,0
YLR141W,0
YMR088C,0
YPR014C,0
YPR066W,0
YLR168C,0
YLR171W,0
YLR330W,0
YML035C,0
YPR157W,0
YLR201C,0
YLR203C,0
YLR204W,0
YLR450W,0.1
YOL013C,0.6666666666666666
YLR209C,0
YLR211C,0
YOR154W,0
YLR227C,0
YLR239C,0
YOL110W,0
YLR251W,0
YLR252W,0
YLR266C,0
YLR271W,0
YLR281C,0
YLR290C,0
YNL158W,0
YNL190W,0
YLR294C,0
YLR455W,1.0
YML079W,0
YMR141C,0
YNL009W,0
YNL205C,0
YNL324W,0
YOL008W,0
YOL050C,0
YPR118W,0
YLR299W,0
YOL137W,0
YLR300W,0
YLR303W,0
YOR013W,0
YPL100W,0
YLR312C,0
YLR317W,0
YNL140C,0
YLR327C,0
YLR332W,0
YLR334C,0
YLR377C,0.1
YLR351C,0
YLR358C,0
YNL145W,0
YLR363C,0
YLR366W,0
YOR312C,0
YLR369W,0
YPL107W,0
YLR387C,0
YOL056W,0
YLR393W,0
YOR338W,0
YOR025W,0
YLR412W,0
YLR416C,0
YPR135W,0
YMR017W,0.16666666666666666
YPR179C,0.3333333333333333
YOR053W,0
YLR428C,0
YML107C,0
YOR096W,0
YLR465C,0
YNL028W,0
YPR006C,0
YNL072W,0
YNL133C,0
YNR009W,0
YPL034W,0
YPR071W,0
YML020W,0
YML037C,0
YNL046W,0
YNL300W,0.3333333333333333
YML054C,1.0
YML060W,0
YMR063W,0
YNL097C,0.1
YML078W,0
YML070W,0
YML071C,0
YOR102W,0
YPR099C,0
YOL144W,0
YNL119W,0
YPR007C,0
YMR014W,0
YMR045C,0
YNL284C-B,0
YMR041C,0
YMR157C,0
YNL319W,0
YNR061C,0
YOL146W,0
YOR251C,0
YOR286W,0
YPL214C,0
YNR008W,0
YPL263C,0
YMR097C,0
YPR167C,0
YPL134C,0
YMR123W,0
YMR131C,0
YMR133W,0
YMR134W,0
YMR176W,0
YMR178W,0
YMR179W,0
YNR011C,0
YMR230W,0
YNL096C,0
YMR271C,0
YMR282C,0
YMR317W,0
YMR323W,0
YNR018W,0
YNL029C,0
YNL062C,1.0
YNL074C,0
YNL129W,0
YNL336W,0
YNL151C,1.0
YPR062W,0
YNL197C,0
YPL075W,0
YNL226W,0
YNL248C,1.0
YNL289W,0
YNL292W,0
YNL320W,0
YOR130C,0
YNR004W,0
YOL124C,0
YNR063W,0
YOL035C,0
YPL196W,0
YOL066C,0
YOL103W-B,0
YOR051C,0
YOR074C,0
YPL116W,0
YPR068C,0
YPR169W,0
YOR393W,0
YOR131C,0
YOR146W,0
YOR202W,0
YOR283W,0
YOR356W,0
YOR288C,0
YOR293W,0
YPR102C,0
YOR325W,0
YPL104W,0
YPR123C,0
YPR073C,0
YPL097W,0
YPL210C,0
YPL243W,0
YPL257W-B,0
YPR067W,0
