MEL1,0
YJL092W,0
RRP13,0
SSR1,0
YOL132W,0
YPL149W,0.3333333333333333
YAL001C,1.0
YBR123C,0.5238095238095238
YDR362C,0.47619047619047616
YGR047C,0.26666666666666666
YOR110W,0.1568627450980392
YPL007C,1.0
YAL003W,0.39285714285714285
YBR025C,0.1111111111111111
YBR118W,0.2857142857142857
YKL081W,0.2545454545454545
YKR084C,0.6
YOL139C,0.18494623655913978
YPL048W,1.0
YPL226W,1.0
YPR080W,0.9
YAL004W,0
YGL181W,0.015503875968992248
YML109W,0.07816091954022988
YAL005C,0.10909090909090909
YAR002W,0.06666666666666667
YDR192C,0.05591397849462366
YHR069C,0.5904761904761905
YLR310C,0.06666666666666667
YLR335W,0.19117647058823528
YLR347C,0.06980433632998413
YNL007C,0
YNL064C,0.01818181818181818
YOR098C,0.022067363530778164
YOR160W,0.09523809523809523
YPL240C,0.0915032679738562
YAL007C,1.0
YGL200C,0.6111111111111112
YML012W,0.6111111111111112
YAL011W,0.06666666666666667
YDL181W,0.4789473684210526
YER081W,0.0015677491601343784
YHR158C,0.01818181818181818
YIR018W,0
YOR127W,0.08333333333333333
YOR269W,0.03571428571428571
YAL012W,0.2
YER003C,0
YGR061C,0.5
YGR204W,0.13636363636363635
YJR091C,0.0007893942559959137
YMR101C,0
YMR205C,0.10476190476190476
YAL013W,0
YDR207C,0.06535947712418301
YGL061C,0.04093567251461988
YAL014C,0
YER133W,0.06219512195121951
YIL034C,0.005847953216374269
YAL015C,0
YAL016W,0.6
YDL134C,0.3090909090909091
YDL188C,0.6666666666666666
YGL190C,0.2545454545454545
YMR109W,0.135632183908046
YNL127W,0
YAL017W,0
YAL029C,0.38095238095238093
YCL027W,0.01
YAL018C,0
YLR264W,0.595509893455099
YAL019W,0
YJL124C,0.015015015015015015
YAL021C,0.45454545454545453
YDL160C,0.20948616600790515
YDR443C,0.41904761904761906
YFL028C,0.7307692307692307
YGR092W,0.4117647058823529
YIL106W,0.43333333333333335
YJR122W,0.6666666666666666
YKR036C,0.6813186813186813
YLR180W,0.06666666666666667
YNL025C,0.2826086956521739
YNR052C,0.32679738562091504
YPL042C,0.3137254901960784
YAL022C,0
YGL132W,0
YAL024C,0
YIR009W,0.10984848484848485
YAL025C,0.6
YHR052W,0.5120020429009193
YJR044C,0
YKR081C,0.6716297786720322
YNL110C,0.7188811188811188
YOR272W,0.6170212765957447
YAL026C,0
YDL192W,0.2916666666666667
YOR153W,0
YPL146C,0
YAL028W,0
YBL050W,0.03650793650793651
YDL239C,0.021848739495798318
YLR233C,0.022222222222222223
YBR130C,0.09523809523809523
YFL039C,0.0570409982174688
YGL106W,0.3333333333333333
YHR023W,0.16666666666666666
YKL130C,0.009523809523809525
YOR326W,0.08225108225108226
YAL030W,0
YDR468C,0.2
YGR009C,0.045454545454545456
YAL031C,0
YAL032C,0.07575757575757576
YBR017C,0.17857142857142858
YDR416W,0.09166666666666666
YER013W,0.45454545454545453
YJL203W,0.4072398190045249
YKL095W,0.3333333333333333
YKL173W,0.4631578947368421
YLR338W,0
YLR345W,0.047619047619047616
YLR423C,0.014925373134328358
YNL189W,0.006890380313199105
YOR036W,0.06666666666666667
YPL151C,0.34502923976608185
YAL033W,0.7777777777777778
YBL018C,0.7777777777777778
YBR167C,0.7777777777777778
YBR257W,1.0
YGR030C,1.0
YHR062C,0.7777777777777778
YIR015W,1.0
YJR115W,0.3333333333333333
YNL221C,0.6222222222222222
YNL282W,0.6222222222222222
YAL034C,0.2857142857142857
YBR198C,0.30158730158730157
YDL140C,0.19457013574660634
YDR044W,0.2
YLR055C,0.3333333333333333
YML114C,0.35555555555555557
YOL004W,0.09558823529411764
YAL034WA,0
YGL172W,0.15333333333333332
YGR120C,0.09941520467836257
YKL103C,0.09090909090909091
YAL035W,0.44563279857397503
YBR009C,0.09686609686609686
YBR079C,0.29797979797979796
YBR086C,0.9
YBR143C,0.5238095238095238
YDL213C,0.5428571428571428
YDR101C,0.6108848574601999
YDR429C,0.383399209486166
YDR496C,0.4361851332398317
YGL049C,0.27450980392156865
YGL099W,0.582942097026604
YGR162W,0.3804878048780488
YJL109C,0.3535947712418301
YJR007W,0.4268774703557312
YLR106C,0.5388127853881278
YLR192C,0.5238095238095238
YLR241W,0
YLR409C,0.4017821782178218
YMR012W,0.23172905525846701
YMR049C,0.5370725034199726
YMR116C,0.525154170723791
YMR146C,0.5808823529411765
YMR290C,0.5298048650093558
YMR309C,0.49453551912568305
YMR310C,0.4071969696969697
YNL002C,0.6638282117734172
YNL132W,0.4554752248280727
YOL041C,0.39910044977511244
YOL077C,0.4009596456692913
YOR206W,0.438001638001638
YOR361C,0.4702660406885759
YPL012W,0.3652505446623094
YPL093W,0.4177405498281787
YPR041W,0.65
YAL036C,0.11538461538461539
YCL037C,0.42424242424242425
YCR038C,0.1
YDL051W,0.6386554621848739
YDL065C,0.04395604395604396
YDR152W,0
YGR250C,0
YJL138C,0.2
YLR150W,0.1
YLR175W,0.4330532212885154
YNR022C,0
YOR243C,0.34545454545454546
YAL038W,0
YNL307C,0
YOR226C,0
YOR347C,0
YAL040C,0.03571428571428571
YBR160W,0.039525691699604744
YJL013C,0
YJL157C,0.15555555555555556
YJR132W,0
YLL021W,0.047619047619047616
YPL014W,0
YAL041W,0.05228758169934641
YER114C,0.09090909090909091
YGL052W,0
YGL127C,0.005541346973572037
YGL233W,0.38181818181818183
YGR152C,0.3
YGR221C,0
YGR268C,0.02564102564102564
YHL007C,0.10256410256410256
YIL079C,0
YJL008C,0.5111111111111111
YJL187C,0
YLR206W,0
YLR229C,0.125
YMR298W,0.16666666666666666
YOR212W,0.07272727272727272
YPL161C,0.05238095238095238
YAL042W,0
YAL043C,0.3523809523809524
YDL014W,0.44141512495942875
YDL195W,0.42424242424242425
YDR301W,0.7424242424242424
YDR311W,0.07112375533428165
YGL044C,0.12433862433862433
YGR156W,0.16666666666666666
YJR093C,0.5164835164835165
YKL018W,0.2087912087912088
YKR002W,0.5512820512820513
YLR115W,0.4852941176470588
YLR277C,0.3835978835978836
YMR182C,0
YNL317W,0.2894736842105263
YNR054C,0.6473429951690821
YOR250C,0.5512820512820513
YAL044C,1.0
YDR019C,1.0
YFL018C,0.07602339181286549
YMR189W,1.0
YAL045C,0
YJR063W,0.2746031746031746
YAL047C,0.02197802197802198
YCL032W,0.011764705882352941
YEL061C,0
YGL212W,0.05228758169934641
YGR218W,0.01751412429378531
YHR172W,0.26666666666666666
YIL026C,0.23809523809523808
YIL061C,0.20851624231782265
YLR045C,0
YLR429W,0
YMR047C,0.007516778523489933
YNL126W,0.4
YNL188W,0
YAL049C,0
YNL094W,0.031578947368421054
YAL051W,0
YOR363C,0
YAL054C,0
YHR041C,0.13709677419354838
YLR049C,0
YAL055W,0
YAL056W,1.0
YER020W,0.2
YGL121C,0.2
YAL058W,0
YOR236W,0
YAL059W,0
YER165W,0.0935672514619883
YAL060W,0
YAL062W,0
YLR267W,0
YAL064W,0
YHR114W,0.0029421945309795776
YKR011C,0
YMR149W,0.48484848484848486
YAL064WB,0
YPR126C,0
YAL066W,0
YAR002CA,0
YER110C,0.09655172413793103
YDL229W,0.16666666666666666
YDR385W,0.09523809523809523
YGL097W,0.14285714285714285
YJL080C,0
YLR293C,0.10457516339869281
YAR003W,0.32142857142857145
YBL026W,0.022222222222222223
YBR175W,0.2
YBR258C,0.6
YDR140W,0
YHR119W,0.3111111111111111
YLR015W,0.4166666666666667
YAR007C,0.15333333333333332
YBR114W,0.3111111111111111
YBR136W,0.42857142857142855
YCR028CA,1.0
YCR092C,0.6666666666666666
YDL007W,0.7926829268292683
YDL097C,0.7198228128460686
YDL225W,0.42857142857142855
YDR034C,0.002048131080389145
YDR097C,0.45454545454545453
YDR499W,0.23809523809523808
YER021W,0.7914634146341464
YER095W,0.08333333333333333
YHR164C,0.4
YJL026W,0.1111111111111111
YJL173C,0.25
YLR033W,0.23636363636363636
YML032C,0.21323529411764705
YMR167W,0.3787878787878788
YMR190C,0.5333333333333333
YNL082W,0.6
YNL312W,0.6
YOL006C,0.09523809523809523
YOL090W,0.27472527472527475
YPL235W,0.062003968253968256
YAR008W,0.3
YBL051C,0
YLR105C,0.2
YMR059W,1.0
YPL083C,0.5
YAR009C,0
YHL002W,0.026143790849673203
YNL118C,0.03492063492063492
YAR014C,0
YDR195W,0.38333333333333336
YER054C,0.17777777777777778
YER158C,0
YIL045W,0.1
YMR071C,0
YNL333W,0.25
YOL154W,0
YAR018C,0.022222222222222223
YBL106C,0.01282051282051282
YGR285C,0
YML064C,0.007326007326007326
YOR167C,0.6480331262939959
YAR019C,0
YAR020C,0
YBR222C,0
YDR455C,0
YAR027W,0
YAR030C,0
YBR135W,0.10714285714285714
YAR031W,0
YBR217W,0.054945054945054944
YCR030C,0.0380952380952381
YAR033W,0
YGL051W,0
YKL174C,0
YAR035W,0
YGR069W,0
YLR295C,0.011099691675231244
YLR381W,0
YLR447C,0.018831294894195303
YAR042W,0.3333333333333333
YAR044W,0.16666666666666666
YDL019C,0.3333333333333333
YHL020C,0.1
YER120W,0
YLR191W,0.0989010989010989
YAR047C,0
YAR060C,0
YKR019C,0
YAR061W,0
YJR086W,0.2
YAR064W,0
YBR109C,0.00909090909090909
YGL070C,0.05817028027498678
YAR066W,0
YDR074W,0.1111111111111111
YLR145W,0
YPR086W,0.0022123893805309734
YAR069C,0
YPL215W,0.16666666666666666
YAR071W,0
YLR453C,0.0012658227848101266
YAR073W,1.0
YLR432W,0.07142857142857142
YML056C,0.3333333333333333
YBL001C,0.16666666666666666
YDR510W,0.024615384615384615
YER067W,0
YPL068C,0
YBL002W,0.36363636363636365
YBL003C,0.49507389162561577
YBR010W,0.22794117647058823
YCL066W,0.10714285714285714
YDR194C,0.7523809523809524
YDR224C,0.358974358974359
YDR225W,0.2857142857142857
YIL126W,0.35947712418300654
YNL030W,0.3371212121212121
YNL031C,1.0
YOL012C,0.13333333333333333
YDL166C,0.7036199095022625
YDR324C,0.6885245901639344
YDR365C,0.6765873015873016
YER127W,0.5967604433077579
YFR037C,0.15268817204301074
YGR090W,0.38932443703085906
YGR128C,0.6624708624708625
YGR145W,0.4694938440492476
YHR196W,0.6716346153846153
YLR003C,0.7607843137254902
YLR186W,0.6504807692307693
YLR222C,0.5286486486486487
YMR072W,0
YMR075W,0
YNL075W,0.6157349896480331
YOR056C,0.7444897959183674
YPL126W,0.565068493150685
YPR137W,0.6694638694638695
YBL004W,0.3741956241956242
YBL088C,0
YBR084W,0.5541871921182266
YBR142W,0.8448051948051948
YBR247C,0.7016129032258065
YBR267W,0.7644649257552484
YCL054W,0.8191167574107683
YCL059C,0.5933503836317136
YCR035C,0.5220588235294118
YCR057C,0.615686274509804
YDL031W,0.8312159709618875
YDL060W,0.5776255707762558
YDL111C,0.7692307692307693
YDR087C,0.7803379416282642
YDR170C,0.1388888888888889
YDR280W,0.5490196078431373
YDR299W,0.8737541528239202
YDR300C,0.03571428571428571
YEL026W,0.5963414634146341
YER006W,0.7115384615384616
YER126C,0.8065573770491803
YFL002C,0.8546470999301188
YGL111W,0.7657324167107351
YGL120C,0.346374829001368
YGL171W,0.7850877192982456
YGL195W,0.5428571428571428
YGR081C,0.7044025157232704
YGR095C,0.47058823529411764
YGR158C,0.4444444444444444
YGR195W,0.5916666666666667
YGR245C,0.9102040816326531
YHR066W,0.9269195189639223
YHR085W,0.8016393442622951
YHR088W,0.8708357685563998
YHR089C,0.6666666666666666
YHR148W,0.7706122448979592
YHR169W,0.7910552061495457
YHR170W,0.8076502732240437
YHR197W,0.7509920634920635
YJL033W,0.7727272727272727
YJR002W,0.803633822501747
YKL014C,0.5762345679012346
YKL143W,0.5243128964059197
YKL172W,0.7688524590163934
YKR086W,0.005847953216374269
YLL008W,0.6320395738203958
YLL011W,0.8220211161387632
YLL034C,0.8324258923169994
YLR002C,0.7195838986883764
YLR009W,0.8269812462189957
YLR074C,0.763265306122449
YLR129W,0.7951020408163265
YLR276C,0.6604068857589984
YMR128W,0.6367816091954023
YMR308C,0.10634920634920635
YNL061W,0.6853146853146853
YNL182C,0.6965174129353234
YNL207W,0.5862068965517241
YNL232W,0.7307692307692307
YNR053C,0.5522807017543859
YOL010W,0.7583673469387755
YOL021C,0.47368421052631576
YOL142W,0.45263157894736844
YOR145C,0.6531468531468532
YOR310C,0.7652173913043478
YOR341W,0.48860759493670886
YPL043W,0.6357589984350548
YPL190C,0
YPL217C,0.5025594700391448
YPL266W,0.8029350104821803
YPR016C,0.7254237288135593
YPR110C,0.3184885290148448
YPR112C,0.7909090909090909
YBL005W,0.3333333333333333
YCR009C,0.0989010989010989
YDR176W,0.058823529411764705
YDR388W,0.043434343434343436
YBL006C,0
YDR489W,0
YBL007C,0.08505747126436781
YBR098W,0.3333333333333333
YBR205W,0.022222222222222223
YCL034W,1.0
YCR088W,0.13333333333333333
YDR172W,0.10714285714285714
YFR024C,0.1
YGL104C,0.1
YGL206C,0.18181818181818182
YIL095W,1.0
YIR006C,0.14285714285714285
YIR012W,0
YJL004C,0.16666666666666666
YJL151C,0.14285714285714285
YKR030W,0.03571428571428571
YLR064W,0
YLR078C,0.18153846153846154
YLR337C,0.31868131868131866
YMR253C,0.16666666666666666
YNL084C,0.1111111111111111
YNL138W,0.08974358974358974
YNL152W,0
YNL243W,0.18421052631578946
YOR181W,0.09090909090909091
YOR284W,0.11764705882352941
YPL246C,0.10714285714285714
YPR159W,0.1
YBL008W,0.6
YBR289W,0.4727272727272727
YJL115W,0.2
YJL176C,0.34615384615384615
YOR038C,1.0
YOR290C,0.4909090909090909
YBL009W,0
YBL010C,0
YKR022C,0
YBL014C,0.4
YER148W,0.17354196301564723
YHL004W,0.31194295900178254
YJL025W,0.6666666666666666
YML043C,0.5
YOR158W,0.4696969696969697
YBL015W,0
YLR304C,0.03636363636363636
YMR105C,0.15555555555555556
YMR303C,0.09523809523809523
YBL016W,0.08791208791208792
YDL159W,0.26666666666666666
YDR103W,0.10909090909090909
YDR469W,0.06666666666666667
YDR480W,0.17857142857142858
YER075C,0
YGL057C,0
YGL178W,0.3333333333333333
YGR040W,0.2222222222222222
YHR005C,0.01904761904761905
YHR168W,0
YIL169C,0
YLR362W,0.08974358974358974
YNL053W,0
YPL049C,0.15555555555555556
YBL017C,0
YDR432W,0.2727272727272727
YMR197C,0.2948717948717949
YBL019W,0
YEL009C,0.15833333333333333
YBL020W,0
YBL021C,0
YHL006C,0.047619047619047616
YKL109W,0
YBL022C,0.16666666666666666
YHR200W,0.7409988385598142
YLL039C,0.023715415019762844
YOR136W,0.054945054945054944
YBL023C,0.6066666666666667
YBR060C,0.7233201581027668
YBR202W,0.8894736842105263
YBR265W,0
YBR278W,0.5543478260869565
YDL017W,0.14736842105263157
YDL102W,1.0
YDR052C,0.42424242424242425
YDR318W,0.001422475106685633
YEL032W,0.8894736842105263
YGL201C,0.5666666666666667
YHR118C,0.7922077922077922
YIL150C,0.47619047619047616
YJL194W,0.3569230769230769
YJR006W,0.8947368421052632
YJR043C,0.8105263157894737
YLL004W,0.7233201581027668
YLR103C,0.868421052631579
YLR274W,0.868421052631579
YML065W,0.6133333333333333
YNL261W,0.7233201581027668
YNL262W,0.2941970310391363
YOR196C,0
YPR019W,0.8894736842105263
YPR162C,0.7922077922077922
YPR175W,0.47354497354497355
YBL024W,0
YGR237C,0
YBL025W,0.047619047619047616
YDL113C,0
YIL141W,0
YJR087W,0
YKL135C,0.1388888888888889
YLR141W,0.16666666666666666
YMR270C,0.13333333333333333
YBL066C,0.1
YCR020CA,0
YCR066W,0
YDL175C,0
YDR166C,0.6785714285714286
YDR440W,0
YDR473C,0.6318234610917538
YEL015W,0.1
YER025W,0.4666666666666667
YER112W,0.2571428571428571
YER146W,0.04433497536945813
YFL017WA,0.26666666666666666
YGL173C,0.2857142857142857
YGL185C,0
YGR077C,0
YIL048W,0.3333333333333333
YIL066C,0.26666666666666666
YIL132C,0.03571428571428571
YLR039C,0
YLR120C,0
YLR126C,0
YLR128W,0
YMR066W,0
YMR207C,0
YMR237W,0
YNL147W,0.24444444444444444
YNL264C,0
YNL287W,0.3235294117647059
YOL102C,0
YOL149W,0.25833333333333336
YOL163W,0
YOR017W,0.16666666666666666
YOR043W,0
YOR191W,0
YPL115C,0.07142857142857142
YPL119C,0
YPL213W,0.3333333333333333
YPL249CA,0.8651162790697674
YPR032W,0
YPR184W,0.06666666666666667
YBL027W,0.9753086419753086
YBL087C,0.952122854561879
YBL092W,0.9515206263173743
YBR031W,1.0
YBR084CA,1.0
YBR191W,1.0
YDL075W,0.9527250828063836
YDL081C,0.8452285485164395
YDL082W,1.0
YDL130W,0.754897276636407
YDL133CA,1.0
YDL136W,1.0
YDL184C,1.0
YDL191W,1.0
YDR012W,0.9756172839506173
YDR382W,0.7447405329593267
YDR418W,0.9756172839506173
YDR471W,1.0
YDR500C,0.9762345679012345
YEL054C,0.9518217404396266
YER056CA,1.0
YER117W,0.975925925925926
YFL034CA,1.0
YFR031CA,0.9756172839506173
YFR032CA,1.0
YGL030W,0.952122854561879
YGL031C,1.0
YGL076C,1.0
YGL103W,1.0
YGL135W,0.9297678518953865
YGL147C,0.9753086419753086
YGR034W,0.9753086419753086
YGR085C,0.9524239686841313
YGR148C,0.9756172839506173
YHL001W,0.9753086419753086
YHL033C,0.9762345679012345
YHR010W,1.0
YHR141C,1.0
YIL018W,1.0
YIL052C,0.9753086419753086
YIL133C,1.0
YIL148W,1.0
YJL177W,1.0
YJL189W,0.9753086419753086
YJR094WA,1.0
YKL006W,1.0
YKL180W,0.9753086419753086
YKR094C,1.0
YLL045C,1.0
YLR029C,1.0
YLR061W,1.0
YLR075W,0.9753086419753086
YLR185W,0.9753086419753086
YLR325C,0.9285924184543051
YLR340W,1.0
YLR344W,0.9753086419753086
YLR406C,0.9756172839506173
YLR448W,0.9753086419753086
YML073C,1.0
YMR121C,1.0
YMR142C,0.9753086419753086
YMR194W,1.0
YMR242C,0.9753086419753086
YNL067W,1.0
YNL069C,1.0
YNL162W,1.0
YNL301C,0.9294739935351161
YOL039W,0.9753086419753086
YOL120C,1.0
YOL127W,0.9518217404396266
YOR063W,0.9518217404396266
YOR234C,1.0
YOR312C,1.0
YPL079W,1.0
YPL131W,0.9515206263173743
YPL143W,1.0
YPL198W,1.0
YPL220W,1.0
YPR043W,1.0
YPR102C,0.9294739935351161
YBL030C,0.1
YEL020WA,0.5333333333333333
YER178W,0.15555555555555556
YGR082W,0.42424242424242425
YHR005CA,0.45263157894736844
YBL031W,0
YBL032W,0.1111111111111111
YFR012W,0
YML105C,0.38095238095238093
YBL033C,0
YNL105W,0
YPR172W,0
YBL034C,0
YDR330W,0
YFL037W,0.06666666666666667
YBL035C,0.8571428571428571
YBR087W,0.39705882352941174
YIR008C,0.6666666666666666
YKL045W,0.6666666666666666
YNL102W,0.3516483516483517
YNL290W,0.696969696969697
YOL094C,0.5604395604395604
YOR217W,0.5824175824175825
YBL036C,0
YBL037W,0.3333333333333333
YBR288C,0.3333333333333333
YGR261C,0.2857142857142857
YJR005W,0.10714285714285714
YBL038W,0.8307254623044097
YBR122C,0.7994310099573257
YBR268W,0.9354838709677419
YBR282W,0.8307254623044097
YCR003W,0.8770161290322581
YCR046C,0.729064039408867
YDL202W,0.8238636363636364
YDR115W,0.7102272727272727
YDR116C,0.7821969696969697
YDR237W,0.8873015873015873
YDR296W,0.9046153846153846
YDR322W,0.8483483483483484
YDR462W,0.8218623481781376
YGR033C,0
YGR076C,0.8768768768768769
YGR220C,0.8483483483483484
YHR147C,0.8307254623044097
YJL063C,0.7426829268292683
YJL096W,0.7754010695187166
YKL138C,0.8790322580645161
YKL167C,0.8591749644381224
YKL170W,0.8863636363636364
YKR006C,0.7634146341463415
YKR085C,0.8768768768768769
YLR312WA,0.9109848484848485
YML009C,0.9629629629629629
YML025C,0.8472906403940886
YMR024W,0.7682926829268293
YMR193W,0.7794871794871795
YMR225C,0.8663663663663663
YMR286W,0.9354838709677419
YNL005C,0.8065433854907539
YNL185C,0.8025641025641026
YNL252C,0.7487179487179487
YNL284C,0.8904761904761904
YOR150W,0.8307254623044097
YPL173W,0.9354838709677419
YPL183WA,0.8994708994708994
YPR100W,0.9166666666666666
YBL039C,0
YJL074C,0.0915032679738562
YJR103W,0
YKL104C,0.06842105263157895
YPL070W,0.05591397849462366
YBL041W,0.8141025641025641
YBR173C,0.8888888888888888
YCR073C,0.3333333333333333
YDL020C,0.9428571428571428
YDL147W,0.6424242424242425
YDR069C,0.7653846153846153
YDR394W,0.629951690821256
YDR427W,0.6067632850241546
YER012W,0.7537746806039489
YER094C,0.9294294294294294
YER105C,0.05555555555555555
YFR004W,0.7054263565891473
YFR010W,0.9679802955665024
YFR050C,0.6357487922705314
YFR052W,0.5395918367346939
YGL011C,0.7456445993031359
YGL048C,0.5842198581560284
YGR135W,0.865047233468286
YGR232W,0.8813813813813813
YGR253C,0.8164642375168691
YGR270W,0.9949579831932773
YHR027C,0.6987179487179487
YIL007C,0.10714285714285714
YIL075C,0.8367071524966262
YJL001W,0.6818181818181818
YKL145W,0.6289855072463768
YML092C,0.435016835016835
YMR314W,0.6535353535353535
YOL038W,0.7021040974529347
YOR117W,0.6626262626262627
YOR157C,0.7154471544715447
YOR259C,0.6555555555555556
YOR261C,0.8705547652916074
YOR362C,0.6464646464646465
YPR103W,0.6202020202020202
YPR108W,0.9075391180654339
YBL042C,0
YBL043W,0
YBL101WA,0
YDR099W,0.005847953216374269
YBL044W,0
YJL050W,0.16666666666666666
YJL159W,0
YBL045C,0.3333333333333333
YBR039W,0.43722943722943725
YDR529C,0.6222222222222222
YEL024W,0.7777777777777778
YFR033C,0.7777777777777778
YGR183C,1.0
YHR001WA,1.0
YIL125W,0.17777777777777778
YJL166W,0.6222222222222222
YKL085W,0.15151515151515152
YLR090W,0.16666666666666666
YOR065W,0.7777777777777778
YPL078C,0.6274509803921569
YPR160W,0.16363636363636364
YPR191W,0.509090909090909
YBL047C,0
YBL049W,0.3333333333333333
YGR172C,0.13071895424836602
YBR080C,0.3333333333333333
YBR272C,0
YCR082W,0.06666666666666667
YDL133W,0
YDL173W,0
YDR160W,0
YDR189W,0.30303030303030304
YER101C,0
YIL084C,0.3333333333333333
YKL090W,0
YKL196C,0.2948717948717949
YLL009C,0
YLR026C,0.17543859649122806
YLR093C,0.47619047619047616
YLR117C,0.054945054945054944
YLR130C,0
YLR268W,0.24736842105263157
YLR273C,0
YNL204C,0
YOL018C,0.18181818181818182
YOL032W,0
YOL036W,0
YOL135C,0.14285714285714285
YOR106W,0.26666666666666666
YOR245C,0
YOR307C,0
YPL192C,0
YIL151C,0
YKR096W,0
YBL052C,0
YBR274W,0
YGL207W,0.14545454545454545
YNL258C,0
YOR064C,0
YPL129W,0.1603145795523291
YBL053W,0
YEL069C,0
YPR165W,0.026143790849673203
YBL054W,0
YBL056W,0
YDR071C,0
YOR020C,0.1388888888888889
YBL058W,0
YLR044C,0.23636363636363636
YBL059W,0
YCR099C,0
YBL061C,0
YBR023C,0
YNL233W,0
YBL063W,0
YBL065W,0
YER022W,0.01463963963963964
YGR117C,0
YNL210W,0
YBL067C,0
YBL068W,0
YOL061W,0.06666666666666667
YBL071C,0
YBL072C,0.8431693989071039
YBR048W,0.9328493647912885
YBR181C,1.0
YBR189W,1.0
YCR031C,1.0
YDL061C,0.9649122807017544
YDL083C,1.0
YDR025W,0.9328493647912885
YDR064W,1.0
YDR447C,1.0
YDR450W,0.9649122807017544
YDR459C,1.0
YER074W,1.0
YER102W,0.9018118059614261
YER131W,0.9018118059614261
YFL017C,0.027777777777777776
YGL123W,1.0
YGL189C,0.8711864406779661
YGR027C,1.0
YGR118W,0.9316394434361767
YGR214W,0.9316394434361767
YHL015W,0.9316394434361767
YHR021C,1.0
YHR203C,0.9328493647912885
YIL069C,1.0
YJL136C,1.0
YJL190C,0.9316394434361767
YJL191W,0.9649122807017544
YJR123W,0.9667919799498746
YJR145C,0.9328493647912885
YKL156W,1.0
YKR057W,1.0
YLR048W,1.0
YLR140W,0
YLR167W,0.9649122807017544
YLR287CA,1.0
YLR333C,0.9667919799498746
YLR367W,1.0
YLR388W,0.9649122807017544
YLR441C,0.9316394434361767
YML024W,1.0
YML026C,1.0
YML063W,1.0
YMR143W,1.0
YMR230W,1.0
YNL096C,0.9316394434361767
YNL178W,0.9316394434361767
YNL302C,1.0
YOL040C,1.0
YOL121C,1.0
YOR096W,0.9316394434361767
YOR182C,1.0
YOR293W,1.0
YOR369C,1.0
YPL081W,1.0
YPL090C,0.9655388471177945
YPR132W,1.0
YBL074C,0.9092436974789916
YBR055C,0.6898954703832753
YBR119W,0.6180836707152496
YDL030W,0.39935064935064934
YDL043C,0.4132730015082956
YDR088C,0.788235294117647
YDR235W,0.698780487804878
YDR240C,0.6644518272425249
YDR243C,0.9734848484848485
YER029C,0.41437755698421974
YGR006W,0.8709677419354839
YGR013W,0.8317460317460318
YGR074W,0.4804421768707483
YGR075C,0.8213213213213213
YGR091W,0.7512820512820513
YHR165C,0.5374653098982424
YKL012W,0.7395411605937922
YLL036C,0.7333333333333333
YLR147C,0.37402597402597404
YLR275W,0.7516869095816464
YLR298C,0.9176470588235294
YML046W,0.602020202020202
YMR125W,0.5415384615384615
YMR240C,0.598989898989899
YMR268C,0.8168168168168168
YOR159C,0.49795918367346936
YPR057W,0.8620689655172413
YPR101W,0.7024390243902439
YPR178W,0.6057585825027686
YPR182W,0.6695121951219513
YBL075C,0
YER103W,0
YBL076C,0
YBR121C,0.3333333333333333
YPL160W,0
YBL077W,0
YBL078C,0.09523809523809523
YHR171W,0.09523809523809523
YIL004C,0.3382352941176471
YNL223W,0.3333333333333333
YNR007C,0.3
YOL083W,0
YBL079W,0.3333333333333333
YJL061W,0.1794871794871795
YKL068W,0.08522727272727272
YBL080C,0
YCR106W,0
YBL081W,0.3333333333333333
YDL167C,0
YBL082C,0
YKL210W,0
YBL084C,1.0
YDL008W,1.0
YDR118W,1.0
YFR036W,0.6818181818181818
YGL240W,1.0
YHR166C,0.3382352941176471
YKL022C,0.5769230769230769
YLR102C,0.5769230769230769
YLR127C,0.6818181818181818
YNL172W,1.0
YOR249C,1.0
YBL085W,0.08888888888888889
YBR200W,0.10606060606060606
YDR085C,0
YER124C,0.13333333333333333
YJR056C,0.16666666666666666
YMR032W,0.02766798418972332
YNL078W,0.01818181818181818
YBL086C,0
YJR040W,0
YLR322W,0
YDR361C,0.16666666666666666
YMR176W,0
YBL089W,0
YOR082C,0
YPL022W,0.007352941176470588
YBL090W,0.7628458498023716
YBR146W,0.6534391534391535
YBR251W,0.42780748663101603
YDL045WA,0.8315789473684211
YDR041W,0.7647058823529411
YDR175C,0.6123188405797102
YDR337W,0.6481481481481481
YDR347W,0.7210144927536232
YGL129C,0.65
YGR084C,0.6164021164021164
YGR215W,0.7916666666666666
YIL093C,0.6736842105263158
YJR101W,0.8823529411764706
YJR113C,0.6416666666666667
YKL003C,0.8315789473684211
YMR158W,0.8368421052631579
YMR188C,0.7427536231884058
YNL137C,0.8523809523809524
YNL306W,0.698005698005698
YNR037C,0.6231884057971014
YPL013C,0.584045584045584
YPL118W,0.5277777777777778
YDR026C,0
YDR398W,0
YBL093C,0.13333333333333333
YBR169C,0
YER179W,0.10080645161290322
YKL129C,0.16842105263157894
YOR140W,0.3
YBL094C,0
YBL095W,0
YBR162C,0
YBL097W,0
YLR373C,0.004032258064516129
YBL098W,0
YDL226C,0.03333333333333333
YBL099W,0.775
YDL004W,1.0
YDR298C,0.8857142857142857
YDR322CA,1.0
YDR377W,1.0
YJL180C,0.3333333333333333
YJR121W,0.6013071895424836
YKL016C,0.8857142857142857
YML081CA,1.0
YNL315C,1.0
YOL077WA,1.0
YPL271W,0.8666666666666667
YPR020W,0.6764705882352942
YBL100C,0
YJL070C,0
YBL101C,0
YFL002WA,0
YJL162C,0
YNL229C,0.13333333333333333
YBL102W,0
YFL058W,0
YGR068C,0
YBL103C,0.1
YDL126C,0.2
YFR021W,0
YNL098C,0.26666666666666666
YOL067C,1.0
YOL108C,0.015151515151515152
YBL104C,0
YNL054W,0
YBL105C,0.08791208791208792
YBR045C,0.2
YEL002C,0.7111111111111111
YER118C,0.023715415019762844
YGL022W,0.7222222222222222
YJL002C,0.6666666666666666
YJL020C,0.08823529411764706
YOR231W,0.047619047619047616
YPR154W,0.005263157894736842
YCL017C,0
YHR098C,0.1
YHR161C,0.047619047619047616
YIL033C,0.05555555555555555
YOR197W,0.027777777777777776
YPL174C,0.047619047619047616
YBL107C,0
YML116W,0
YBL109W,0
YBL112C,0
YBL113C,0
YLR348C,0
YBR001C,0
YDR001C,0
YBR003W,0
YJR022W,0.041742286751361164
YBR004C,0
YLR082C,0.14285714285714285
YBR006W,0
YKL023W,0
YBR008C,0
YCR084C,0.047619047619047616
YDL208W,0.6966666666666667
YDR227W,0.14545454545454545
YDR303C,0.25757575757575757
YEL056W,0.13333333333333333
YER164W,0
YFL024C,0
YGR252W,0.07142857142857142
YHR193C,0
YJL081C,0.2857142857142857
YLR176C,0
YLR442C,0.3333333333333333
YMR061W,0.32193732193732194
YOL054W,0
YDR477W,0.10833333333333334
YJL168C,0
YKL011C,0.007905138339920948
YPL209C,0.3
YBR011C,0
YGR087C,0.06666666666666667
YHR183W,0
YLR354C,0
YBR012C,0
YPL221W,0
YBR012WB,0
YLR116W,0.0457516339869281
YLR157CA,0
YBR013C,0
YGR292W,0
YBR014C,0
YBR101C,0
YGR119C,0.07827260458839407
YNR069C,0
YBR018C,0
YBR019C,0
YHL019C,0
YOL150C,0
YBR020W,0
YML051W,0.3333333333333333
YBR021W,0
YOR128C,0
YBR024W,0
YBR037C,0
YPR119W,0.01282051282051282
YGL245W,0.047619047619047616
YMR186W,0.14285714285714285
YBR027C,0.16666666666666666
YLR353W,0.16666666666666666
YOR046C,0.2
YBR028C,0
YBR033W,0
YNL228W,0
YBR034C,0
YDR249C,0
YER017C,0.3333333333333333
YGR165W,0
YGR181W,0.3333333333333333
YMR048W,0
YBR035C,0
YBR038W,0
YCL022C,0
YHR123W,0.3333333333333333
YPL020C,0
YPR106W,0
YBR126C,0.0735930735930736
YDR343C,0
YKL150W,0.26666666666666666
YLL041C,0.3333333333333333
YOR142W,0
YBR040W,0
YCL040W,0
YBR041W,0
YDL153C,0.010084033613445379
YBR042C,0
YHR115C,0
YBR043C,0
YJL155C,0
YBR044C,0.5
YKL141W,0.3333333333333333
YKL148C,0.8333333333333334
YOR178C,0.15151515151515152
YBR047W,0
YJL128C,0.1
YOR285W,0.03571428571428571
YBR049C,0.28888888888888886
YDR130C,0.09523809523809523
YMR239C,0.5
YNR003C,0.5026455026455027
YOR116C,0.5317460317460317
YBR050C,0
YBR052C,0
YDR032C,0.13333333333333333
YBR054W,0
YDR190C,0
YOR040W,0
YDL064W,0.09523809523809523
YER172C,0.41025641025641024
YJR084W,1.0
YLR438CA,0.21082621082621084
YLR446W,0
YOR319W,0.5525525525525525
YPR082C,0.39285714285714285
YBR056W,0
YFR007W,0
YBR057C,0.1
YCL055W,0.1
YDR206W,0
YGL192W,1.0
YIL144W,0.042105263157894736
YBR058C,0
YOL059W,0
YOL064C,0
YOL113W,0
YOL156W,0
YOR123C,0.1111111111111111
YBR059C,0
YER144C,0
YGR199W,0
YJL039C,0.06666666666666667
YML014W,0
YMR144W,0
YNL330C,0.25
YBR061C,0
YBR300C,0
YDR383C,0.027777777777777776
YDR461W,0
YER028C,0
YGR182C,0
YGR201C,0
YGR219W,0
YGR235C,0
YGR277C,0
YHL011C,0.2
YHR008C,0
YHR022C,0
YHR026W,0.6764705882352942
YHR058C,0.14285714285714285
YHR059W,0.7017543859649122
YJL017W,0
YJL097W,0
YJL140W,0.5052631578947369
YBR064W,0
YOR317W,0
YBR065C,0
YJR050W,0.16666666666666666
YLR249W,0.4015151515151515
YOR308C,0.5142857142857142
YBR066C,0
YBR067C,0
YNL237W,0
YPR138C,0
YBR068C,1.0
YOR133W,1.0
YBR069C,0
YOL109W,0
YBR070C,0
YJL018W,0
YBR072W,0
YPL169C,0
YBR073W,0
YGL213C,0
YBR074W,0
YMR083W,0
YBR076W,0
YBR077C,0
YKR007W,0.16666666666666666
YMR004W,0
YOR045W,0.6222222222222222
YDL145C,0.41904761904761906
YER155C,0.19230769230769232
YIL071C,0.16666666666666666
YJL005W,0.16483516483516483
YKR054C,0.10714285714285714
YKR059W,0.4857142857142857
YML085C,0.07142857142857142
YNL062C,0.7142857142857143
YNL244C,0.32806324110671936
YOL145C,0.10526315789473684
YPL211W,0.7725490196078432
YPL237W,0.3561253561253561
YBR081C,0
YDR392W,0.23809523809523808
YGL241W,0.19047619047619047
YBR082C,0
YKL010C,0
YBR083W,0
YHR084W,0.19047619047619047
YEL046C,0.2
YER065C,0
YGR155W,0.5454545454545454
YGR240C,0.05263157894736842
YKL009W,0.8151260504201681
YBR085W,1.0
YMR056C,0.16666666666666666
YMR319C,0.16666666666666666
YBR088C,0.15384615384615385
YJR068W,0.8928571428571429
YLR390W,0
YLR390WA,0
YMR078C,0.8333333333333334
YNL088W,0.32051282051282054
YOR144C,0.8
YDL164C,0
YHR031C,0
YKL113C,0
YLR035C,0.06666666666666667
YML021C,0
YBR089CA,1.0
YBR089W,0
YBR090C,0
YBR091C,0.38095238095238093
YDL217C,0.38095238095238093
YJL054W,0.5333333333333333
YKL002W,0.004645760743321719
YLR288C,0.0029403902699812884
YOR297C,0.5
YBR093C,0
YKR106W,0
YML077W,0.4
YBR094W,1.0
YBR095C,0
YPL139C,0.37777777777777777
YBR096W,0
YBR097W,0
YLR240W,0
YHR016C,0.05627705627705628
YBR099C,0
YDR171W,0
YHL021C,0
YJL117W,0.1
YKL171W,0
YLL062C,0
YLR194C,0
YMR092C,0.13333333333333333
YMR173W,0
YOL011W,0
YPL136W,0
YBR102C,0.3055555555555556
YIL068C,0.6785714285714286
YLR166C,0.4444444444444444
YNR046W,0
YPR055W,0.5833333333333334
YBR103W,0
YCR033W,0.1111111111111111
YCR077C,0.013071895424836602
YGR239C,0.044444444444444446
YIL112W,0
YJR141W,0
YBR105C,0
YBR106W,0
YBR107C,0
YBR108W,0.16666666666666666
YGR136W,0.07142857142857142
YBR213W,0
YBR229C,0
YDR231C,0
YDR292C,0
YER023W,0.2
YFL003C,0
YFL010WA,0
YFR054C,0
YGL043W,0
YGL063W,0
YGL229C,0.01818181818181818
YGR050C,0
YGR144W,0.09523809523809523
YHR028C,0
YHR179W,0
YIL021W,0.6047619047619047
YJR073C,0
YKL175W,0
YKR025W,0.672514619883041
YLL050C,0.1388888888888889
YLL051C,0
YLR443W,0
YML095CA,0
YMR111C,0
YMR200W,0
YMR250W,0
YNL066W,0
YNL079C,0
YNL202W,0
YNR035C,0.5357142857142857
YOR029W,0
YOR035C,0.26666666666666666
YOR358W,0
YPL242C,0.01818181818181818
YBR112C,0.07142857142857142
YCR096C,0.07142857142857142
YDR043C,0
YGL035C,0.06666666666666667
YGL162W,0
YNL167C,0
YPL181W,0.2
YBR113W,0
YHL024W,0.16666666666666666
YKL112W,0.6
YBR115C,0
YGL154C,0
YOL086C,0.10457516339869281
YBR116C,0
YBR117C,0
YPR074C,0
YNL271C,0.10476190476190476
YDR110W,0.030303030303030304
YLR223C,0
YLR449W,0.5783475783475783
YML016C,0.047619047619047616
YNL227C,0
YNL277W,0
YBR120C,0.8571428571428571
YDL044C,0.37142857142857144
YGR222W,0.65
YIR021W,0.8571428571428571
YJL133W,1.0
YJR082C,0
YKR052C,0.8571428571428571
YLR382C,1.0
YMR023C,0.7428571428571429
YMR287C,0.7428571428571429
YOR334W,0.7428571428571429
YPL029W,1.0
YPR134W,0.8681318681318682
YDR037W,0.26666666666666666
YOR335C,0.3333333333333333
YGR246C,0.3
YBR124W,0
YBR125C,0
YDR028C,0.24444444444444444
YDR216W,0.18181818181818182
YFL033C,0
YJL167W,0
YML100W,1.0
YMR261C,0.6666666666666666
YNL160W,0.3333333333333333
YPR035W,1.0
YPR183W,0
YBR127C,0.7205882352941176
YDL184WB,1.0
YDL185W,0.31384615384615383
YDR202C,0.7333333333333333
YDR328C,0.053763440860215055
YEL027W,1.0
YEL051W,0.6470588235294118
YGR020C,0.6143790849673203
YHR039CA,0.7583333333333333
YKL080W,0.8666666666666667
YMR054W,0.7583333333333333
YOR270C,0.6985294117647058
YOR332W,0.6405228758169934
YPL234C,0.8761904761904762
YPR036W,1.0
YBR128C,0
YPL120W,0
YBR129C,0
YHR107C,0.16339869281045752
YJL071W,0
YBR131W,0
YML001W,0.21818181818181817
YBR133C,0
YDL154W,0.027777777777777776
YER087W,0
YGL187C,0.4666666666666667
YKL101W,0.09523809523809523
YBR134W,0
YBR252W,0
YDR078C,0.1
YGR108W,0.3333333333333333
YLR210W,0.16666666666666666
YLR234W,0
YBR137W,0.06666666666666667
YKR083C,0.13333333333333333
YOR007C,0
YBR138C,0
YIL046W,0.0380952380952381
YBR139W,0
YEL060C,0.03636363636363636
YOR381W,0
YBR140C,0.5
YOL081W,0
YBR141C,0
YDR372C,0
YER059W,0
YGL091C,0
YDR060W,0.7580645161290323
YFR001W,0.8168831168831169
YGR103W,0.5443037974683544
YLR197W,0.45699952221691353
YLR221C,0.5357142857142857
YPR010C,0.432258064516129
YMR080C,0.054945054945054944
YBR144C,0
YBR145W,0
YFR049W,0.3761904761904762
YHR075C,0.8571428571428571
YIL070C,1.0
YKL142W,0.45614035087719296
YPR166C,1.0
YBR149W,0
YDL211C,0
YNL128W,0
YBR152W,0.2
YGL128C,0.6666666666666666
YLR424W,0.10952380952380952
YBR154C,0.4166666666666667
YDL150W,0.8538011695906432
YDR045C,0.7111111111111111
YDR156W,0.8571428571428571
YDR404C,0.7647058823529411
YER071C,0
YFL023W,0
YGR005C,0.6323529411764706
YGR063C,0.803030303030303
YGR186W,0.8241758241758241
YHR143WA,0.5443349753694581
YIL128W,0.08333333333333333
YJL011C,0.9010989010989011
YJL148W,1.0
YKL144C,0.6702898550724637
YLR384C,0.37777777777777777
YLR418C,0.7083333333333334
YML010W,0.5163398692810458
YNL113W,0.5423280423280423
YNL151C,0.9415204678362573
YNL248C,0.8809523809523809
YOL005C,0.8602941176470589
YOR151C,0.43655913978494626
YOR207C,0.4071969696969697
YOR210W,0.48295454545454547
YOR224C,0.4746031746031746
YOR340C,0.7282608695652174
YPR187W,0.4438122332859175
YPR190C,0.7965367965367965
YBR155W,0.14285714285714285
YDR463W,0
YGR187C,0.16666666666666666
YJR032W,0.3
YLL026W,0.027777777777777776
YBR156C,1.0
YGR113W,0.05847953216374269
YBR157C,0
YBR158W,0
YDR111C,0
YDL106C,0
YDR113C,0
YFL029C,0
YIL050W,0
YJR090C,0.08888888888888889
YKL108W,0
YKR077W,1.0
YMR199W,0.13636363636363635
YNL298W,0.1794871794871795
YNL309W,0.26666666666666666
YPL256C,0.16666666666666666
YPR120C,0.02857142857142857
YBR161W,0
YBR192W,0
YCR012W,0.14285714285714285
YGR249W,0
YNL217W,0
YOL028C,0
YPR155C,0
YBR162WA,0
YIL027C,0
YML108W,0
YBR166C,0.3333333333333333
YDR127W,0.2857142857142857
YJR109C,0.25
YBR168W,0
YIL077C,0
YBR170C,0.16666666666666666
YDR259C,0.03260869565217391
YGR048W,0.06666666666666667
YBR171W,0.19047619047619047
YCL057W,0
YDR245W,0.26666666666666666
YLR292C,0.5
YOR254C,0.4
YPL094C,0.2
YBR172C,1.0
YKL074C,0.1388888888888889
YBR174C,0
YHR177W,0
YIL160C,0.3333333333333333
YOR047C,0.0071301247771836
YBR176W,0.14285714285714285
YLR291C,0.08465608465608465
YBR178W,0
YHR122W,0
YBR179C,0
YBR180W,0
YBR184W,0
YNL225C,0.3333333333333333
YBR185C,0
YBR186W,0
YBR187W,0
YNR032W,0.1
YPR171W,0.13333333333333333
YBR188C,0.2
YBR190W,0
YER078C,0
YBR193C,0.13333333333333333
YEL037C,0.1471861471861472
YOR264W,0
YBR194W,0
YPR152C,0
YBR195C,0.16666666666666666
YHR004C,0
YML102W,0.3333333333333333
YPR018W,0.26666666666666666
YBR196C,0.3333333333333333
YBR197C,0
YDR145W,0.5882352941176471
YDR167W,0.17142857142857143
YFR051C,0.46153846153846156
YGL112C,0.28698752228163993
YGR274C,0.3952569169960474
YHR099W,0.23636363636363636
YHR137W,0
YML015C,0.49122807017543857
YML061C,0
YML098W,0.7523809523809524
YMR227C,1.0
YMR236W,0.35507246376811596
YPL011C,0.6544117647058824
YPR072W,0.38181818181818183
YEL043W,0.13333333333333333
YGR134W,0
YBR201W,0
YBR203W,0
YKL006CA,0
YBR204C,0
YPL096W,0
YDL101C,0
YFL038C,0.125
YHR105W,0
YPR107C,0.6727272727272727
YBR207W,0
YFL041W,0
YOR068C,0
YBR208C,0
YBR209W,0
YBR211C,0
YGR179C,0
YLR052W,0.06666666666666667
YBR212W,0
YMR206W,0
YBR214W,0
YBR215W,0
YBR216C,0.6666666666666666
YML007W,0.19444444444444445
YDR022C,0.16666666666666666
YDR465C,0.16666666666666666
YGL078C,0
YLL042C,0
YLR031W,0
YML055W,0.06666666666666667
YMR159C,0.02564102564102564
YBR218C,0.3333333333333333
YGL062W,0.3333333333333333
YLR438W,0.06666666666666667
YBR219C,0
YBR220C,0
YBR221C,0.25
YGR193C,0.2857142857142857
YLR218C,0
YNL071W,0.7
YBR223C,0
YBR225W,0
YGL197W,0
YBR226C,0
YDL049C,0
YBR228W,0
YLR135W,0.06666666666666667
YBR230C,0
YDR506C,0
YOR014W,0
YBR231C,0
YNR030W,0
YBR233W,0
YBR234C,0.4888888888888889
YDL029W,0.42424242424242425
YIL062C,1.0
YJR065C,0.41818181818181815
YKL013C,0.5833333333333334
YLR370C,0.7142857142857143
YBR235W,0
YBR237W,0
YDR073W,0.32051282051282054
YBR238C,0
YKR043C,0
YBR239C,0
YPL133C,0
YBR240C,0
YBR241C,0
YBR242W,0
YBR243C,0
YBR244W,0
YBR246W,0
YDR520C,0
YML130C,0.26666666666666666
YMR093W,0.6474576271186441
YBR248C,0
YBR249C,0
YEL047C,0
YGL026C,0.1
YOR050C,0
YBR250W,0
YML038C,0
YNL012W,0
YDL138W,0
YLR439W,0.7631578947368421
YLL037W,0
YBR253W,0.5947712418300654
YCR081W,0.6923076923076923
YDR308C,0.4152046783625731
YGR104C,0.6666666666666666
YLR071C,0.49707602339181284
YMR112C,0.6666666666666666
YNL236W,0.14130434782608695
YOL051W,0.4632352941176471
YPL248C,0.14705882352941177
YBR254C,0.23809523809523808
YDR472W,0.6666666666666666
YJR116W,0
YKR068C,0.6
YMR218C,0
YOR115C,0.4
YBR255W,0
YPL138C,0.23809523809523808
YBR260C,0.06666666666666667
YGR196C,0
YIL118W,0.10714285714285714
YJL058C,0
YKR055W,0
YBR261C,0
YBR262C,0
YBR263W,0
YML018C,0
YBR264C,0.3333333333333333
YGL161C,0.15789473684210525
YGL198W,0.18571428571428572
YNL263C,0.1437908496732026
YCR107W,0
YLR255C,0
YBR266C,0
YPR031W,0
YCR072C,0.6923076923076923
YER002W,0.9532019704433498
YJL122W,1.0
YDR405W,0.7351778656126482
YBR269C,0
YBR270C,0.030303030303030304
YER093C,0
YFL047W,0
YHR077C,0.047619047619047616
YIL105C,0.10714285714285714
YKR026C,0.10144927536231885
YNL004W,0
YNL018C,0
YNL047C,0.1111111111111111
YPL124W,0.07142857142857142
YPL255W,0.05128205128205128
YBR271W,0
YEL034W,0.1
YBR273C,0
YDR217C,0
YER171W,0.43956043956043955
YJL036W,0
YLR258W,0.10909090909090909
YMR255W,0.14285714285714285
YNL234W,0
YNR013C,0
YBR275C,1.0
YNL216W,0.07142857142857142
YBR276C,0
YBR277C,0
YDR448W,0.01282051282051282
YIL006W,0
YLR181C,0
YBR279W,0.2857142857142857
YDR138W,1.0
YBR280C,0
YBR281C,0
YNL191W,0
YBR283C,0
YIL162W,0
YLR311C,0
YBR284W,0
YDL238C,0
YMR138W,0
YBR285W,0
YIL049W,0
YPR156C,0
YBR286W,0
YPL200W,0
YPL195W,0.26666666666666666
YHL025W,0.5833333333333334
YPL016W,0.3076923076923077
YPR034W,0.45588235294117646
YBR291C,0
YBR293W,0
YBR295W,0
YKR091W,0
YBR296C,0
YHR188C,0
YLR137W,0
YML089C,0
YBR299W,0
YBR301W,0
YBR302C,0
YPL105C,0.13333333333333333
YPR063C,0
YCL004W,0
YCL005W,0
YCL007C,0
YCL008C,0.3
YJL172W,0.3333333333333333
YLR119W,0.16666666666666666
YPL065W,1.0
YCL009C,0
YMR108W,0.1
YCL010C,0
YMR223W,0
YPL254W,0
YCL011C,0
YDR120C,0.16666666666666666
YFL034CB,0
YCL012W,0
YIL104C,0
YJR092W,0
YCL014W,0.047619047619047616
YLR189C,0
YLR371W,0.038461538461538464
YCL016C,0
YHL023C,0
YHR191C,0
YLR123C,0
YCL019W,0.16666666666666666
YDR261WA,0.3333333333333333
YDR261WB,0.6666666666666666
YHR189W,0
YOL030W,0
YCL020W,0.16666666666666666
YCL023C,0
YML008C,0
YCL024W,0.7333333333333333
YCR002C,0.8571428571428571
YDR507C,0.3181818181818182
YJR076C,0.14736842105263157
YKR048C,0.06315789473684211
YLR314C,0.2878787878787879
YCL025C,0
YIR038C,0.014285714285714285
YCL026CA,0
YCR048W,0
YLR177W,0
YER032W,0.015151515151515152
YER149C,0.027777777777777776
YGR070W,0
YIL159W,0.044444444444444446
YIR014W,0
YKL092C,0
YKL105C,0
YKR023W,0
YKR101W,0.2
YML058W,0.1
YNL058C,0
YPR008W,0
YCL028W,0.16666666666666666
YDR188W,0.3181818181818182
YOR027W,0.17857142857142858
YCL029C,0.2
YER016W,0.16666666666666666
YPL155C,0.3333333333333333
YCL030C,0
YCL031C,0.883855981416957
YDL148C,0.8153846153846154
YDR449C,0.5826932923707118
YOL082W,0.0392156862745098
YDL016C,0
YDR309C,0.15441176470588236
YDR386W,0.047619047619047616
YER040W,0.07142857142857142
YER047C,0.047619047619047616
YHR061C,0.24358974358974358
YKL061W,0.08333333333333333
YKR020W,0
YLL049W,0.16666666666666666
YMR117C,0.07692307692307693
YNL086W,0.03636363636363636
YOL043C,0
YOL123W,0.16483516483516483
YPR051W,0
YPR076W,0
YPR193C,0.1
YCL033C,0
YCL035C,0
YDR453C,0
YCL036W,0
YLR256W,0
YCL038C,0
YHR178W,0
YMR009W,0
YCL039W,0
YDR516C,0
YML099C,0.1111111111111111
YCL043C,0
YER189W,0
YML074C,0
YCL044C,0
YDL116W,0.0735632183908046
YCL045C,0
YCL046W,0
YGL115W,0.16363636363636364
YPL208W,0
YCL049C,0
YCL050C,0
YCL051W,0
YCL052C,0
YDR412W,0.5833333333333334
YNL154C,0.022222222222222223
YNL308C,0.5612535612535613
YGL036W,0
YMR147W,0
YNL196C,0
YCL056C,0
YDL157C,0
YNL100W,0
YOR037W,0
YCL058C,0
YDR457W,0
YER082C,0.7058823529411765
YJR041C,0.9090909090909091
YCL061C,0
YCL062W,0
YER150W,0
YJL043W,0
YPL005W,0
YCL063W,0
YCL065W,0
YLR374C,0
YGR284C,0
YLR378C,0.06666666666666667
YMR043W,0.13333333333333333
YCL067C,0
YCL069W,0
YCL076W,0
YOR209C,0
YCLX08C,0
YCR001W,0
YOR241W,0
YNL166C,0.47619047619047616
YIR039C,0
YCR004C,0
YLR253W,0
YCR005C,0
YJL042W,0.3333333333333333
YPL245W,0
YCR007C,0
YCR008W,0
YDR154C,0
YDR277C,0.022222222222222223
YDR395W,0.22727272727272727
YLR433C,0.045454545454545456
YMR192W,0.07142857142857142
YMR232W,0
YCR011C,0
YHR174W,0.21212121212121213
YKL060C,0.3333333333333333
YNL006W,0.3333333333333333
YCR014C,0
YJL110C,0.09523809523809523
YOL085C,0
YOR005C,0
YCR016W,0
YDL231C,0
YCR021C,0
YJL068C,0
YCR022C,0
YCR023C,0
YMR075CA,0
YCR024C,0
YCR024CA,0.5
YEL017CA,1.0
YGL008C,1.0
YPL036W,0.3
YCR027C,0
YDR158W,0.4
YJR126C,0
YMR132C,0
YNL106C,0
YDR155C,0.027777777777777776
YDR381W,0.03571428571428571
YOL068C,0.09523809523809523
YCR034W,0.3333333333333333
YGR032W,0.6666666666666666
YLR342W,0.09523809523809523
YOR049C,0
YHR081W,0.6
YOR001W,0.7636363636363637
YCR036W,0
YGL153W,0.06666666666666667
YDR532C,0
YCR041W,0
YCR065W,0
YJL031C,0.3333333333333333
YCR042C,0
YCR044C,0
YCR045C,0
YOR348C,0
YCR047C,0
YLR339C,0
YCR050C,0
YCR052W,0.48717948717948717
YGR056W,0.5606060606060606
YKR008W,0.5512820512820513
YLR321C,0.20553359683794467
YLR357W,0.5757575757575758
YMR033W,0.7090909090909091
YOR213C,0.35
YOR232W,0.06060606060606061
YCR053W,0.3055555555555556
YHR018C,0.3333333333333333
YHR208W,0.5
YLR027C,0.1388888888888889
YLR134W,0.08333333333333333
YPL028W,0.3333333333333333
YCR054C,0
YGL019W,0.27
YGR154C,0
YJL069C,0.792022792022792
YKL099C,0.8138528138528138
YKR060W,0.8150537634408602
YOR061W,0.3243589743589744
YPR144C,0.7667140825035562
YCR059C,0
YDR400W,0
YJL160C,0
YOL117W,0
YCR060W,0
YHR034C,0
YCR063W,0
YDR408C,0.16666666666666666
YGL058W,0
YLR032W,0
YCR067C,0
YNL171C,0
YCR068W,0
YER019W,0
YCR071C,0
YLR006C,0
YCR076C,0
YDL139C,0
YDL216C,0
YDR141C,0
YDR389W,0
YER115C,0.16666666666666666
YGL143C,0
YIL154C,0
YMR002W,0
YNR027W,0
YCR079W,0
YMR277W,0
YGR161CC,0
YOR023C,0.06666666666666667
YDL105W,0.07142857142857142
YNL021W,0.10714285714285714
YCR086W,0.014285714285714285
YDL089W,0.047619047619047616
YDL214C,0
YDR061W,0
YDR439W,0
YER106W,0
YFL008W,0.10869565217391304
YGL175C,0.3333333333333333
YHR152W,0.02197802197802198
YKL077W,0
YKR010C,0
YML095C,0.13333333333333333
YOL020W,0
YOR281C,0.16666666666666666
YCR087CA,0.1
YKR092C,0
YLR265C,0
YCR087W,0
YDR146C,0
YDL047W,0.3
YDR129C,0.6666666666666666
YIR003W,0
YNL020C,0
YCR091W,0
YCR093W,0.32105263157894737
YDL165W,0.27485380116959063
YDR376W,0
YER068W,0.8
YMR005W,0.16666666666666666
YCR094W,0
YGL090W,0
YCR095C,0
YHL029C,0
YNL099C,0
YPL027W,0
YCR097W,0
YCR098C,0
YJL184W,0
YGR203W,0
YGR205W,0
YGR262C,0
YIL059C,0
YLR208W,0.38181818181818183
YCR100C,0
YIL110W,0
YCR101C,0
YOR114W,0
YCRX16C,0.1
YDL001W,0
YLR457C,0
YMR079W,0
YDL002C,0.2
YER092W,0.3333333333333333
YDL003W,0.3333333333333333
YDR180W,0.16666666666666666
YFR027W,0.16666666666666666
YMR001C,0.047619047619047616
YDL005C,0.3333333333333333
YDL006W,0
YFR006W,1.0
YLR421C,0.9934640522875817
YDL011C,0
YEL023C,0
YDL012C,0
YDR151C,0
YFR047C,0.16666666666666666
YHR032W,0
YHR140W,0
YIL172C,0
YJL065C,0
YOR355W,0
YDL013W,0.07142857142857142
YER116C,0
YGR159C,0
YHR072WA,0.6666666666666666
YMR229C,0.6551724137931034
YDL015C,0
YDL132W,0.058333333333333334
YDR173C,0.5
YFR057W,0
YGR099W,0
YJL088W,0
YKL039W,0
YNR048W,0
YOR006C,0
YGR086C,0
YDL022W,0
YDL023C,0
YDL024C,0
YEL017W,0.045454545454545456
YDL025C,0
YDL026W,0
YDL028C,0
YDL209C,0.75
YDR421W,0
YDR485C,1.0
YML049C,0.8205128205128205
YML104C,0
YMR288W,0.4
YPR143W,0
YDL035C,0
YDL036C,0
YDL037C,0
YDL040C,1.0
YGR254W,0.16666666666666666
YHR013C,1.0
YDL041W,0
YIR002C,0.1
YDL042C,0.14285714285714285
YDR363W,0
YNR023W,0.3
YOL017W,0
YDR131C,0
YDR409W,0.2
YER113C,0
YJL146W,0
YKL155C,0
YLL014W,0
YMR302C,0
YNL023C,0
YNL286W,0
YPL233W,0
YDR505C,0
YER086W,0.09090909090909091
YLR386W,0.038461538461538464
YDL045C,0
YDL046W,0
YFR040W,1.0
YJL098W,1.0
YKR028W,0.3
YNL187W,0
YMR289W,0
YOR311C,0
YDL050C,0
YIR001C,0
YDL052C,0
YDL053C,0
YDL054C,0
YER140W,0
YGR173W,0
YDL055C,0.16666666666666666
YDL056W,0
YHR206W,0.1
YLR182W,0.05555555555555555
YDL059C,0
YFL059W,0.25
YGR049W,0
YDR023W,0
YDR091C,0.5514705882352942
YKR024C,0.7647058823529411
YPL204W,0.07142857142857142
YDL062W,0
YDL063C,0
YMR168C,0.5
YDR329C,0
YGR242W,0
YLR063W,0.3333333333333333
YML042W,0
YMR155W,0
YMR163C,0
YDL066W,0
YDL067C,0.75
YGL191W,1.0
YHR051W,1.0
YLR038C,0.75
YLR395C,0.75
YMR256C,1.0
YNL052W,1.0
YDL070W,0
YGL075C,0
YOL131W,0
YDL071C,0
YDR183W,0
YEL068C,0.1
YGR269W,0
YNL155W,0
YDL072C,0
YDL074C,0.25
YDR295C,0.25
YFR031C,0.19444444444444445
YNL153C,0.2
YOL069W,0.10507246376811594
YOR195W,0.16666666666666666
YJR067C,0.3333333333333333
YDL076C,0
YLR098C,0
YDL077C,0.3333333333333333
YLR148W,0.2857142857142857
YMR231W,0.6666666666666666
YPL045W,0.6666666666666666
YDL078C,1.0
YGR209C,0
YOR229W,0.16666666666666666
YPR078C,0
YDL084W,0
YER063W,0.047619047619047616
YDL085W,0
YGR139W,0
YDL086W,0
YDL087C,0
YDL088C,0.3333333333333333
YML031W,0.16666666666666666
YMR153W,0.022792022792022793
YDR233C,0
YLR324W,0.08333333333333333
YMR316CB,0
YPR028W,0.3333333333333333
YDL090C,1.0
YKL019W,0.16666666666666666
YKL152C,0.26666666666666666
YDL091C,0
YIL022W,0.2
YDL092W,1.0
YKL122C,1.0
YPL210C,0.8
YPL243W,0.8
YDL093W,0
YGL055W,0
YDL094C,0
YDL193W,0
YDL196W,0
YDL096C,0
YDL098C,0
YDL099W,0
YKL050C,0
YDL100C,0
YDL121C,0
YDR304C,0
YDR415C,0
YDR431W,0
YDR513W,0
YGR189C,0
YHR057C,0
YHR128W,0
YHR180W,0
YJL075C,0
YJL153C,0
YKR100C,0
YML101C,0
YNL199C,0.06666666666666667
YOL111C,0
YOL126C,0
YOL159C,0
YOR164C,0.1
YPL252C,0
YPR037C,0
YDR051C,0
YHR135C,0
YPL153C,0
YPL269W,0
YDL103C,0
YDR288W,0
YDL104C,0
YHR216W,0.26666666666666666
YLR216C,0.1111111111111111
YNR031C,0
YFR034C,0.12727272727272726
YKR099W,0
YDL108W,0.45054945054945056
YDR460W,0.6515151515151515
YGL134W,0
YGR258C,1.0
YIL143C,0.48717948717948717
YKL028W,0.4444444444444444
YLR005W,0.4945054945054945
YOR299W,0
YPL122C,0.5909090909090909
YPR025C,0.4095238095238095
YPR056W,0.5303030303030303
YDL110C,0
YKL015W,0
YLR125W,0
YOR078W,0.5384615384615384
YDL112W,0
YDR075W,0
YDL114W,0
YDL123W,0.5
YDR348C,0
YLR040C,0
YDL115C,0
YDR335W,0.16666666666666666
YGL092W,0.17786561264822134
YGL100W,0.5
YGL179C,0
YGL263W,0
YHR033W,0
YJL090C,0
YJR042W,0.3939393939393939
YKL057C,0.20512820512820512
YKR082W,0.6190476190476191
YOL014W,0
YOR180C,0.1
YOR294W,0
YPL091W,0
YDL118W,0
YMR305C,0
YDL125C,0
YKL213C,0.3333333333333333
YDL127W,0
YPL031C,0.009523809523809525
YDL128W,0
YKL102C,0
YDL129W,0
YDR367W,0
YDR399W,0
YJL208C,0
YJL210W,0
YJR012C,0
YJR108W,0
YJR144W,0
YLR051C,0.16666666666666666
YLR287C,0
YDL131W,0
YLR427W,0
YDR054C,0.23809523809523808
YDR274C,0
YDR285W,0.06666666666666667
YGL249W,0
YLR079W,0.5
YLR100W,0
YLR368W,0.027777777777777776
YMR052W,0.027777777777777776
YMR273C,0.4166666666666667
YPR040W,0.03571428571428571
YDL135C,0
YNL176C,0
YDL137W,0
YDR007W,0
YJL186W,0
YLL015W,0
YLR313C,0
YMR035W,0
YPL145C,0
YPR023C,0
YPR077C,0
YPR079W,0
YGL130W,1.0
YKR062W,0.6666666666666666
YMR201C,0.1111111111111111
YNL266W,0
YPL228W,1.0
YDL143W,0.36363636363636365
YDR212W,0.5833333333333334
YIL142W,0.75
YJL014W,0.75
YJL111W,1.0
YJR064W,0.5833333333333334
YOR260W,0.38095238095238093
YDL144C,0
YDR238C,0.9333333333333333
YGL137W,0.6181818181818182
YIL076W,0.5512820512820513
YPL010W,0.9444444444444444
YDL146W,0
YKL070W,0
YDR201W,0.0989010989010989
YDR341C,0.3333333333333333
YPL026C,0
YDL149W,0
YLR065C,0
YDR040C,0
YDR269C,0
YDR307W,0.16666666666666666
YDR422C,0.13636363636363635
YFL001W,0
YGL250W,0
YGR160W,0
YGR290W,0
YJL076W,0.16666666666666666
YJL175W,0
YNL125C,0
YNL280C,0
YOL118C,0
YOR252W,0
YOR309C,0
YOR314W,0
YOR321W,0
YPL076W,0
YPR029C,0.3
YER173W,0
YGL025C,0.4642857142857143
YGL170C,0.2
YLR394W,0.13333333333333333
YMR224C,0.3333333333333333
YDL155W,0
YGL003C,0
YDL156W,0
YDL158C,0
YER125W,0.022058823529411766
YGR178C,0.03571428571428571
YIL038C,0.4444444444444444
YMR213W,0.1
YDL161W,0
YOR111W,0
YDL162C,0
YGR014W,0
YIL035C,0.2833333333333333
YDL168W,0
YDL171C,0
YIL094C,0.26666666666666666
YDL172C,0
YNR073C,0
YDL178W,0
YDL179W,0
YDL180W,0
YLR452C,0.005847953216374269
YGR089W,0.022222222222222223
YNL250W,0.38095238095238093
YDL183C,0
YNL055C,0
YDL186W,0
YDL189W,0
YDL190C,0
YGR130C,0.3333333333333333
YPR176C,0.3333333333333333
YFL022C,0.1
YGR062C,0
YOR026W,0
YIL109C,0.41025641025641024
YPL085W,0.7857142857142857
YPL218W,0.3717948717948718
YPR181C,0.30833333333333335
YDL200C,0
YDL201W,0
YDR165W,0
YER009W,0.12727272727272726
YDL203C,0
YGR058W,0
YOR372C,0
YDL204W,0
YMR110C,0
YOL065C,0.1
YDL207W,0.3
YIL115C,0.1388888888888889
YNL124W,0.13333333333333333
YLR426W,0
YDL210W,0
YGL230C,0
YDL212W,0
YDR508C,0.16666666666666666
YFR032C,0
YEL013W,0
YML011C,0
YDL215C,0
YPR048W,0
YMR025W,0.06666666666666667
YHR102W,0
YDL218W,0
YDL219W,0
YDL220C,0.16666666666666666
YDR082W,0.16666666666666666
YLR010C,1.0
YDL221W,0
YDL224C,0
YDR264C,0.044444444444444446
YEL064C,0
YKL126W,0
YKR088C,0
YOL129W,0
YOR327C,0
YPR113W,0
YDL230W,0
YDL232W,0.9642857142857143
YGL226CA,0.9642857142857143
YML019W,0.75
YOR085W,0.9642857142857143
YOR103C,0.9642857142857143
YDL233W,0
YDL235C,0
YIL147C,0
YDL236W,0
YDL237W,0
YLR085C,0
YPR148C,0
YDR148C,0.15151515151515152
YDR273W,0
YHR184W,0
YKL042W,0.3333333333333333
YKL192C,0
YLR072W,0
YLR242C,0
YMR124W,0.09523809523809523
YNL201C,0
YNR012W,0.022222222222222223
YOL091W,0
YOR324C,0
YOR373W,0.13333333333333333
YDL240W,0
YDL241W,0
YDL243C,0
YNL331C,0.2
YDL246C,0.4
YJR037W,0.3333333333333333
YJR159W,0.2857142857142857
YDL247W,0
YGL252C,0
YLR270W,0
YDR002W,0.2
YMR235C,0.06666666666666667
YDR003W,0
YDR004W,0.25
YDR076W,1.0
YGL163C,1.0
YJL023C,0
YDR005C,0
YDR006C,0
YOR242C,0
YDR008C,0
YDR009W,0.3333333333333333
YDR010C,0
YDR013W,0
YDR016C,0.16666666666666666
YKL052C,0.16666666666666666
YKR037C,0.3333333333333333
YDR017C,0
YDR018C,0
YDR479C,0
YDR020C,0
YDR021W,0
YDR027C,0
YLR262C,0.09090909090909091
YER027C,0.6
YNL076W,0
YDR030C,0
YDR031W,0
YDR342C,0
YDR417C,0
YDR438W,0
YDR456W,0
YER038C,0
YER043C,0
YER044C,0
YER064C,0
YFR046C,0
YFR055W,0
YGL125W,0
YGL169W,0
YGL223C,0.6
YGR111W,0
YGR124W,0
YGR295C,0
YHR060W,0.08888888888888889
YIL145C,0
YIR026C,0
YJL185C,0
YJR075W,0.5
YLR328W,0.14285714285714285
YMR064W,0
YMR094W,0.19047619047619047
YMR187C,0
YOR009W,0
YPL102C,0
YPL114W,0
YPL178W,0
YPR136C,0
YDR036C,0.5714285714285714
YGR150C,0.3
YHR019C,0.26666666666666666
YLL018C,0.3
YDR038C,0
YDR380W,0
YOR205C,1.0
YDR042C,0
YLR413W,0
YDR077W,0
YDR049W,1.0
YGL246C,0.6666666666666666
YDR050C,1.0
YFL009W,0.06666666666666667
YDR056C,0
YPL024W,0
YDR062W,0
YMR296C,0
YDR063W,0
YGL239C,0
YDR066C,0
YDR067C,0
YDR068W,0
YLR237W,0
YDR070C,0
YER089C,0
YDR072C,0
YDR107C,0
YML068W,0
YER019CA,0
YMR251W,0
YIL152W,0
YLR376C,0.16666666666666666
YDR079W,0
YJL099W,0
YDR080W,0.3333333333333333
YLR396C,0.4
YDR084C,0.027777777777777776
YDR441C,0
YDR442W,0
YER011W,0
YDR086C,1.0
YER087CA,0.3333333333333333
YDR092W,0
YDR095C,0
YDR098C,0
YGL071W,0
YER177W,0.3333333333333333
YGR123C,0
YNL042W,0
YNL293W,0
YOR298CA,0
YDR100W,0.13333333333333333
YPL095C,0.4
YER036C,0
YNL112W,0.42857142857142855
YOR048C,1.0
YDR102C,0
YER132C,0
YDR105C,0
YDR106W,0
YHR129C,0.09523809523809523
YOL015W,0
YDR108W,0
YGR234W,0.2
YIR040C,0
YER161C,0.06666666666666667
YLR095C,0
YGL116W,0.06666666666666667
YGR060W,0
YGR098C,0
YNL041C,0.13333333333333333
YGL064C,0.6666666666666666
YDR121W,0
YDR122W,0
YDR123C,0
YDR126W,0
YNR051C,0
YOR303W,0.07142857142857142
YDR128W,0
YHR134W,0
YDR132C,0.16666666666666666
YJL218W,0.16666666666666666
YDR133C,0
YDR134C,0
YDR135C,0
YDR136C,0
YDR139C,0
YLR306W,0
YDR142C,0.35714285714285715
YDR244W,0.2857142857142857
YHR160C,0.6666666666666666
YNL214W,0.7
YDR143C,0
YDR144C,0
YPL121C,0
YNL092W,0.0049261083743842365
YDR150W,0.23809523809523808
YJR112W,0.125
YJR104C,0
YKR105C,0
YML078W,0
YNL135C,0
YDR159W,0
YJL041W,0.2692307692307692
YDR162C,0
YDR164C,0.16666666666666666
YKR014C,0.26666666666666666
YNR049C,0
YPL232W,0.16666666666666666
YER008C,0.32727272727272727
YJL085W,0.7619047619047619
YGR097W,0
YIL129C,0
YLR228C,0
YPL089C,0
YPR115W,0
YDR168W,0.6666666666666666
YDR169C,0
YMR042W,0.5
YDR174W,0.03636363636363636
YIL013C,0
YGL068W,1.0
YGL013C,0
YJR080C,0
YDR177W,0
YDR178W,0.5
YDR179C,0
YJR015W,0
YER147C,0
YDR181C,0.8333333333333334
YMR127C,0.5
YDR184C,0
YLR319C,0.19047619047619047
YDR214W,0
YFL016C,0.03571428571428571
YPL231W,0
YMR316W,0
YNL239W,0
YOR075W,0.13333333333333333
YER107C,0.13333333333333333
YGL122C,0.10909090909090909
YJR069C,0
YNL049C,0.5
YOR134W,0
YOR204W,0
YDR193W,0
YDR228C,0.2573099415204678
YOR179C,0.6
YDR196C,0
YDR199W,0
YDR200C,0
YLR238W,0
YHR083W,0
YKL179C,0
YJR033C,0.3333333333333333
YDR203W,0
YOR087W,0
YDR205W,0
YNR039C,0
YJL030W,0.022222222222222223
YJR094C,0.3333333333333333
YMR139W,0.13333333333333333
YMR263W,0.19444444444444445
YDR211W,0.6888888888888889
YGR083C,0.6909090909090909
YLR030W,0
YDR213W,0
YOL052C,0
YDR215C,0
YPL175W,0
YDR218C,1.0
YDR219C,0
YDR221W,0
YMR151W,0
YDR378C,0.125
YLR183C,0.3333333333333333
YDR226W,0
YOR176W,0
YMR219W,0
YMR284W,0
YPR049C,0
YDR229W,0.047619047619047616
YGL066W,0
YJR131W,0
YDR236C,0
YGR278W,0.4
YHR086W,0.3333333333333333
YGL205W,0
YEL036C,0.2
YJL183W,1.0
YDR247W,0
YDR250C,0
YDR251W,0
YPL057C,0
YDR252W,0
YJR055W,0
YDR253C,1.0
YIR017C,0.07272727272727272
YNL103W,0.13333333333333333
YDR254W,0
YEL077C,0
YIL111W,0
YDR255C,0
YDR256C,0.3333333333333333
YDR484W,0.06666666666666667
YFR015C,0.06666666666666667
YGR066C,0
YDR260C,0
YFL002WB,0
YDR262W,0
YDR454C,0
YDR263C,0
YOR214C,0
YKL178C,0
YOR101W,0.1
YDR266C,0
YDR267C,0
YDR268W,0
YDR270W,0
YNL259C,0
YDR271C,0
YDR509W,0
YOR244W,0
YDR275W,0
YGL237C,0
YOR060C,0.16666666666666666
YDR279W,0
YIL131C,0
YLR154C,0
YOR076C,0.08333333333333333
YPR189W,0.4
YDR281C,0
YDR283C,1.0
YIL072W,1.0
YLR263W,0.06666666666666667
YDR286C,0
YDR287W,0
YHR163W,0
YDR289C,0
YDR290W,0
YKL154W,0
YGL086W,0.1
YLR131C,0
YHR056C,0
YPL082C,0.6666666666666666
YDR305C,0
YDR306C,0
YER145C,0.16666666666666666
YER157W,0.20512820512820512
YOR174W,0.17857142857142858
YGR207C,0
YKL007W,0
YKL082C,0.2
YMR055C,0.08333333333333333
YMR238W,0.1
YDR310C,1.0
YOR279C,0.3333333333333333
YER162C,0.14285714285714285
YHR113W,0.16666666666666666
YKR050W,0
YMR294W,0.06060606060606061
YOR089C,0.09523809523809523
YPL170W,0
YDR313C,0
YNL044W,0.08888888888888889
YDR314C,0
YDR315C,0
YJR117W,0
YLR323C,0
YDR316W,0
YDR317W,0
YDR478W,0
YDR542W,0
YER035W,0
YER084W,0
YFL015C,0
YGR018C,0
YGR036C,0
YGR146C,0
YHL042W,0
YHR142W,0
YJR060W,0.16666666666666666
YJR135C,0
YLL033W,0
YDR319C,0
YDR320C,0.3333333333333333
YGR167W,0.3333333333333333
YDR321W,0.16666666666666666
YGL095C,0.16666666666666666
YDR323C,0
YDR326C,0
YER007C,0
YER007CA,0
YDR327W,0
YOR378W,0
YGL149W,0
YGR140W,0.4
YJL204C,0
YJR089W,0.3333333333333333
YLR224W,1.0
YLR399C,0
YMR258C,0
YOR057W,0.1
YDR331W,0
YDR332W,0
YMR074C,0
YDR333C,0
YDR334W,0
YFR002W,0.23809523809523808
YML103C,0.5
YOR359W,0
YPR084W,0
YDR339C,0
YDR340W,0
YER048C,0
YLR081W,0
YDR344C,0
YDR345C,0
YDR346C,0
YLR077W,0
YMR295C,0
YDR349C,0
YLR099C,0
YDR350C,0
YDR351W,0
YNL070W,0.42424242424242425
YDR353W,0.06666666666666667
YDR356W,0.14285714285714285
YGR078C,0
YLR212C,1.0
YOR257W,0
YDR357C,0
YGL079W,0
YMR226C,0
YDR366C,0
YGR054W,0.14285714285714285
YHR065C,0
YDR368W,0
YDR369C,0
YDR370C,0
YFL049W,0
YDR371W,0
YJL053W,0.23809523809523808
YLR352W,0
YDR373W,0
YDR374C,0
YIR024C,0
YGL251C,0
YJL139C,0
YLR053C,0
YMR221C,0
YOR320C,0.3333333333333333
YDR379W,0
YOR382W,0
YEL050C,0
YLR083C,0
YLR315W,0
YOL104C,0
YPL002C,0.16666666666666666
YDR384C,0
YNL024C,0
YPL108W,0
YDR387C,0
YOR292C,0
YDR515W,0
YGL016W,0.14285714285714285
YJR083C,0.03571428571428571
YLR144C,0.3333333333333333
YLR337W,0.5238095238095238
YLR436C,0
YPR088C,0.3
YDR390C,0.3333333333333333
YPR180W,0.06666666666666667
YOL148C,0.3333333333333333
YGL074C,0
YMR216C,0.06666666666666667
YOL070C,0.09523809523809523
YDR397C,0
YER159C,0
YPL216W,0
YDR403W,0
YKR053C,0
YDR407C,0
YDR410C,0
YDR413C,0
YGR151C,0
YGR289C,0
YOR305W,0
YGR129W,0.5
YPL077C,0
YDR419W,0
YJL089W,0.3333333333333333
YDR423C,0
YDR425W,0.23809523809523808
YJR110W,0
YPL280W,0
YGR067C,1.0
YMR276W,0.6
YNR059W,0
YPL001W,0.3333333333333333
YDR428C,0
YJR070C,0.16666666666666666
YLR190W,0
YDR430C,1.0
YDR433W,0
YNL116W,0
YDR435C,0
YFL040W,0
YDR436W,0
YML022W,0
YNL288W,0.1
YDR444W,0
YDR445C,0
YDR446W,0
YFL031W,0
YDR452W,0
YIL039W,0
YLL046C,0
YLR173W,0
YOR108W,0
YDR464W,0
YJR021C,0
YMR018W,0
YEL005C,0
YDR474C,0
YNL218W,0
YNL257C,0
YHR039C,0
YDR482C,0
YGL028C,0
YOR276W,0.5
YDR483W,0
YDR487C,0
YDR488C,0
YIL135C,0
YFR043C,0
YJL072C,0
YML034W,0
YDR490C,0
YHR207C,0
YIR044C,0
YLR466W,0
YDR492W,0
YOR315W,0
YDR494W,0
YPL276W,0
YGR264C,0.16666666666666666
YPL128C,0.16666666666666666
YDR498C,1.0
YPR179C,0
YDR502C,0.16666666666666666
YPL125W,0.13333333333333333
YDR503C,0
YER049W,0
YNR074C,0
YDR504C,0
YKL043W,0
YMR211W,0
YOR156C,0.06666666666666667
YPR104C,0
YDR511W,0
YDR512C,0
YDR514C,0
YNL173C,0
YGR169C,0
YKR034W,0.09523809523809523
YDR523C,0
YDR524C,0
YOR066W,0
YDR526C,0
YDR527W,0
YDR528W,0
YNL206C,0
YDR530C,0
YDR531W,0
YHR079C,0
YIL134W,0
YKL194C,0
YDR533C,0
YMR010W,0
YDR534C,0
YDR536W,0
YDR538W,0
YDR541C,0
YLR025W,0.10714285714285714
YOR187W,0
YEL003W,0.5
YLR200W,0.1111111111111111
YML094W,1.0
YGR107W,0
YEL006W,0
YEL008W,0
YHR145C,0
YPL038W,0
YEL011W,0
YEL012W,0
YHR195W,0
YLR254C,0
YPR185W,0.06666666666666667
YGR116W,0.3333333333333333
YJR140C,0
YEL016C,0
YEL042W,0
YGL098W,0
YGR121C,1.0
YKL063C,0
YPL244C,0
YPR174C,0
YEL018W,0
YEL019C,0
YOR266W,0
YEL020C,0
YNR017W,0.1388888888888889
YEL021W,0
YLR398C,0
YJR047C,0
YHR080C,0
YPL050C,0
YER143W,0
YHL030W,0.1
YEL038W,0
YEL041W,0
YJR049C,0
YER073W,0
YJL152W,0.3333333333333333
YLR250W,0
YNL220W,0
YEL048C,0
YHR030C,0.029411764705882353
YIL136W,0
YEL049W,0
YEL055C,0.4642857142857143
YLR196W,0.1
YLL022C,0
YMR021C,0
YEL057C,0
YEL059W,0
YJR130C,0
YMR275C,0
YMR304W,0
YNL208W,0
YLR454W,0
YEL062W,0
YOR138C,0
YEL063C,0
YGR057C,0
YOR345C,0
YIR034C,0
YNR058W,0
YEL066W,0.13333333333333333
YPL112C,0
YLR225C,0
YEL070W,0
YEL071W,0
YLR153C,0
YEL072W,0
YOR273C,0
YEL074W,0
YEL075C,0
YEL076WC,0
YFR053C,0
YER001W,0
YER004W,0
YER007W,0
YJL120W,0
YOR349W,0
YJL095W,0.21428571428571427
YIL063C,0.3333333333333333
YOR185C,0.2
YER010C,0
YOR274W,0
YNR011C,0.7142857142857143
YKR066C,0.16666666666666666
YMR089C,1.0
YER018C,0.3333333333333333
YER104W,0
YPR065W,0
YOR371C,0.3333333333333333
YFR038W,0
YGL027C,1.0
YGL261C,0
YGR243W,0
YHL005C,0
YHL044W,0
YHL045W,0
YHR116W,0
YIL078W,0
YJL142C,0
YJR148W,0.3333333333333333
YKL051W,0
YKR093W,0
YLL020C,0
YLL065W,0.3333333333333333
YLR331C,0
YML082W,0
YMR039C,0
YMR058W,0
YMR087W,0
YMR114C,0
YMR118C,0
YMR181C,0
YMR244W,0
YMR293C,0
YNL073W,0
YNL159C,0
YNL211C,0
YNL235C,0
YNL281W,0
YNR001C,0
YNR024W,0
YNR071C,0.16666666666666666
YOL022C,0
YOL042W,0
YOL106W,0
YOR028C,0
YOR039W,0.20512820512820512
YOR072W,0
YOR143C,0
YOR302W,0.02197802197802198
YOR336W,0
YOR388C,0
YPL053C,0
YPL098C,1.0
YER026C,0
YLR220W,0
YER031C,0.1794871794871795
YNL146W,0
YPR017C,0
YLR456W,0
YGR206W,0
YNL142W,0
YER037W,0
YER052C,0
YML023C,0
YER039C,0
YMR119W,0
YJR066W,0.10714285714285714
YKL203C,0.3333333333333333
YER041W,0
YPL051W,0
YER045C,0
YGR247W,0
YOR059C,0
YPL205C,0
YGR271W,0
YER051W,0
YLR121C,0
YKR079C,0
YER053C,0
YLR326W,0
YKL193C,0.6666666666666666
YMR311C,0.6666666666666666
YER057C,0
YER058W,0
YER156C,0
YJL084C,0
YOR392W,0
YER061C,0
YPL073C,0
YER062C,0
YPL201C,0
YKL056C,0
YOR333C,1.0
YPL172C,0
YNL157W,0
YPL212C,0
YPR125W,0
YER066CA,0
YER066W,0
YMR154C,0.06666666666666667
YPL180W,0
YER069W,0
YLR214W,0
YER070W,0.6666666666666666
YGR180C,0.3
YOR171C,0
YPL032C,0
YPL257W,0
YLR113W,0.047619047619047616
YER076C,0
YER077C,0
YFL027C,0
YER079W,0
YFR017C,0
YGL039W,0
YGL096W,0.16666666666666666
YGL110C,0
YGR210C,0
YGR293C,0
YIL044C,0
YIL074C,0
YKR073C,0
YLR151C,0
YNR042W,0
YOR189W,0
YOR222W,0
YOR246C,0
YOR258W,0
YOR263C,0
YOR300W,0
YOR318C,0
YOR387C,0
YPL229W,0
YPR038W,0
YPR046W,0
YPR059C,0
YPR149W,0
YJL135W,0
YER083C,0
YMR038C,0
YOR383C,0
YJL091C,0
YER088C,0
YER090W,0.3333333333333333
YKL211C,0.3333333333333333
YOR155C,0
YER091C,0
YMR233W,0
YPL238C,0
YPR011C,0
YER096W,0
YER099C,0.3333333333333333
YKL181W,0.3333333333333333
YER100W,0
YJR077C,0
YGL065C,0
YPR001W,0
YHL008C,0
YER109C,0
YKR001C,0
YNL313C,0.3333333333333333
YER111C,0.3333333333333333
YIL029C,0
YJR138W,0.3333333333333333
YKL209C,0
YLL032C,0
YLR269C,0.3333333333333333
YNL091W,0
YOR219C,0
YOR188W,0
YOR370C,0.16666666666666666
YOL003C,0
YLR096W,0
YNL139C,0
YER119C,0
YKL055C,0
YNL027W,0.06666666666666667
YER121W,0
YER122C,0
YER176W,0
YER123W,1.0
YHR003C,0
YFR022W,0
YKL020C,0
YML111W,0
YOR018W,0
YOR385W,0
YHR204W,0
YML093W,0.9523809523809523
YER128W,0
YPR173C,0.09523809523809523
YER129W,0
YLR420W,0
YLL027W,1.0
YLR435W,0.1
YHR100C,0
YOR344C,0.1
YOR351C,0
YER136W,0
YER137C,0
YER138C,1.0
YER160C,1.0
YJR027W,1.0
YJR028W,1.0
YER142C,0
YOR034C,0
YIL056W,0
YFL066C,1.0
YLR058C,0
YOR201C,0
YPL152W,0
YIR005W,0
YKL058W,0.4
YNL039W,0.13333333333333333
YOR194C,0.26666666666666666
YIL040W,0
YKL034W,0
YER151C,0
YER152C,0
YJL107C,0
YER153C,0
YJL170C,0
YER154W,0
YOR121C,0
YHL031C,1.0
YPR105C,0.0641025641025641
YKL120W,0
YER159CA,0
YPR158WA,0
YJR052W,0
YER163C,0
YER167W,0
YGR229C,0
YER168C,0
YER169W,0
YPL071C,0
YER170W,0
YHR079CA,0
YPL194W,0
YER175C,0
YLR155C,0.16666666666666666
YLR160C,0.16666666666666666
YKL124W,0
YGL151W,1.0
YJL125C,0
YNL013C,0
YNR010W,0.3333333333333333
YPR168W,0.1
YER180C,0
YER181C,0
YER184C,0
YER186C,0
YER188W,0
YFL005W,0.4666666666666667
YNL272C,0
YFL006W,0.3
YFL007W,0
YOL115W,0.1
YPR141C,0.17857142857142858
YOL133W,0
YFL010C,0
YPL059W,0.1
YPR054W,0
YFL011W,0
YFL012W,1.0
YPL111W,0.14285714285714285
YFL013C,0
YFL014W,0
YJR045C,0.19047619047619047
YKL189W,0
YJR051W,0
YOL058W,0.3333333333333333
YFL020C,0
YGR072W,0.1
YFL021W,0
YLR068W,0
YLR060W,1.0
YPR047W,0.16666666666666666
YLR243W,0
YFL026W,0
YGR141W,0
YKL195W,0
YPR161C,0
YFL030W,0
YIR016W,0
YFL034W,0
YFL035C,0
YFL036W,0
YMR228W,0
YOR265W,0
YGR080W,0
YIL138C,0
YOR122C,0.13333333333333333
YOR141C,0
YLR349W,0
YFL042C,0
YFL043C,0
YFL044C,0
YFL045C,0
YLR343W,0
YOL152W,0
YFL050C,0
YFL051C,0
YKL026C,0
YNL316C,0
YFL052W,0
YOR366W,0
YFL054C,0
YFL055W,0
YFL056C,0
YFL060C,0.5
YJL047C,0
YMR095C,1.0
YMR096W,0.4666666666666667
YMR322C,0.5
YNL334C,0.1
YFL061W,0
YFL065C,0
YLR415C,0
YFL067W,0
YFL068W,0
YIL149C,0
YLR178C,0.6666666666666666
YMR129W,0.5
YFR003C,0
YIL064W,0
YOR147W,0
YPR050C,0
YIR011C,0
YOR086C,0.5
YPR033C,0
YFR008W,0.14285714285714285
YFR009W,0
YFR011C,0
YJL021C,0
YFR013W,0
YFR014C,0
YJL137C,0.3333333333333333
YFR016C,0
YOR010C,0
YJL212C,0
YFR018C,0
YGR105W,0
YHR103W,0
YLR094C,0
YML059C,0
YNL242W,0
YFR024CA,0
YFR026C,0
YMR076C,0
YFR028C,0.21428571428571427
YJR053W,0.16666666666666666
YMR065W,0.06666666666666667
YOL001W,0
YJR031C,0
YML127W,0
YMR091C,0
YFR039C,0
YFR042W,0
YNR025C,0
YFR044C,0
YFR045W,0
YOL062C,0.3333333333333333
YJL141C,0
YNL253W,0
YJR133W,0
YLR235C,0
YGL001C,0
YGL004C,0
YGL005C,0
YGL006W,0
YGL009C,0
YGL010W,0
YGL014W,0
YNL231C,0
YGL015C,0
YGL018C,0
YMR172W,0
YNL087W,0
YGL021W,0
YLR133W,0
YGL023C,0
YGL024W,0
YOL130W,0
YGL029W,0
YGL032C,0
YGR257C,0
YNR044W,0
YPL025C,0
YML124C,0.1
YGL037C,0.16666666666666666
YGL040C,0.3333333333333333
YGL042C,0
YJR030C,0
YGR004W,0.3333333333333333
YGL046W,0
YGL047W,0
YGR184C,0.14285714285714285
YGL050W,0
YGL053W,0
YJL134W,0
YOL107W,0
YGL054C,0
YLL043W,0
YKL153W,0
YOL080C,0
YGL060W,0
YIR004W,0
YJL179W,0
YGR094W,0
YGL069C,0
YJL182C,0
YJR162C,0
YKL036C,0
YKL086W,0
YKL190W,0
YGL073W,0
YGL081W,0
YGL083W,0
YMR264W,0
YGL084C,0
YLR308W,0
YGL087C,0
YHR036W,0
YPR111W,0
YGL093W,0
YGL094C,0
YOR364W,0
YGL102C,0
YHR194W,0
YGL105W,0
YKL205W,0.06666666666666667
YNL016W,0
YOR220W,0
YGL113W,0
YPR194C,0
YJL114W,0
YML110C,0
YMR291W,0
YGL119W,0
YGR161C,0
YIL092W,0
YGL124C,0
YKL025C,0
YGL126W,0
YGL157W,0
YHR130C,0
YIL025C,0
YIL031W,0
YJL032W,0
YKL137W,0
YLR019W,0
YLR108C,0.3333333333333333
YML133C,0
YMR202W,0
YNR028W,0
YOL016C,0
YOR162C,0
YOR289W,0
YOR377W,0
YPL064C,0
YGL131C,0
YOR054C,0
YGL138C,0
YGL139W,0
YGL145W,0
YGL148W,0
YGL150C,0
YLR284C,0.2
YOL105C,0
YGL254W,0
YGL155W,0
YGL156W,0.3333333333333333
YNR064C,0
YGL158W,0
YGL210W,0.6666666666666666
YNL093W,0.5
YNL304W,0.3333333333333333
YGL165C,0
YGL166W,0
YJL154C,0.5
YLL028W,0
YML006C,0
YGL168W,0
YLL024C,0.07272727272727272
YGL174W,0
YGL177W,0
YGL180W,0
YML112W,0
YGR241C,0.13333333333333333
YIL010W,0
YIL057C,0
YIL122W,0
YLL019C,0
YNR068C,0
YOR331C,0
YOR384W,0
YPL156C,0
YPL188W,0
YGL183C,0
YGL184C,0
YGL194C,0
YMR215W,0
YGL202W,0
YGL204C,0
YMR209C,0
YML069W,0.3333333333333333
YGL208W,0
YMR053C,0.5
YHL022C,0
YGL214W,0
YGL215W,0
YGL217C,0
YGL220W,0
YGL221C,0
YGL222C,0
YGL225W,0
YGL226W,0
YJL178C,0
YJL211C,0
YOR062C,1.0
YKL110C,0.16666666666666666
YOR161C,0
YGL234W,0
YOR298W,0
YGL235W,0
YLR407W,0
YGL236C,0
YPL179W,0
YGL238W,0
YGL242C,0
YGL244W,0
YKL098W,0
YMR068W,0.16666666666666666
YGL253W,0
YHR215W,0
YGL256W,0
YLR146C,0
YGL258W,0
YGL259W,0
YJR020W,0
YGR003W,0
YLR297W,0
YMR183C,0
YGR010W,0.13333333333333333
YIL009W,0
YGR016W,0
YGR017W,0
YLR403W,0
YGR021W,0
YGR023W,0
YLR460C,0
YGR024C,0
YIL082W,0
YPL110C,0
YGR026W,0
YGR031W,0
YGR035C,0.16666666666666666
YOR031W,0
YOR118W,0
YGR041W,0
YPL251W,0
YGR042W,0
YGR045C,0
YOR271C,0
YGR046W,0
YLR257W,0
YHRS03C,0
YPL222W,0
YGR052W,0
YJL086C,0
YPL060W,0
YGR053C,0
YOR097C,0
YGR059W,0
YJL202C,0
YGR064W,0
YGR065C,0
YJL199C,0.03636363636363636
YGR071C,0
YHR109W,0
YIL008W,0
YKL149C,0
YGR073C,0
YML119W,0
YKL183W,0
YKL188C,0
YLR440C,0
YGR079W,0
YNL081C,0
YHR117W,0.7777777777777778
YMR060C,1.0
YMR203W,0.5272727272727272
YNL121C,0.7777777777777778
YNL131W,0.6444444444444445
YPR133WA,1.0
YGR251W,0
YPL004C,0
YPR030W,0
YGR088W,0
YHL010C,0
YLR086W,0.3333333333333333
YKL116C,0
YGR100W,0
YGR101W,0
YJL213W,0
YPL009C,0
YGR110W,0
YOL151W,0
YJL064W,0
YLR329W,0
YPR045C,0
YGR115C,0
YPR083W,1.0
YOR353C,0
YGR122W,0
YMR008C,0
YNL011C,0
YGR126W,0
YGR133W,0
YIL108W,0
YMR265C,0
YGR142W,0
YNL141W,0
YGR143W,0.16666666666666666
YIL121W,0
YGR149W,0
YNL219C,0
YGR153W,0
YPR121W,0
YMR260C,0
YMR300C,0
YGR192C,0.09523809523809523
YGR163W,1.0
YML121W,0.047619047619047616
YPL265W,0
YGR166W,1.0
YGR168C,0
YGR177C,0
YGR174C,0
YHR121W,0
YJL035C,0
YJR135WA,1.0
YPL066W,0
YPL177C,0
YGR185C,0
YGR188C,0
YGR191W,0
YLR283W,0
YGR282C,0
YJR009C,0.1
YNL037C,0.10714285714285714
YGR200C,0.6666666666666666
YMR312W,0.26666666666666666
YPL086C,0.5
YGR208W,0
YKL177W,0
YGR211W,0
YGR213C,0
YHR082C,0
YHR108W,0
YJR061W,0
YJR134C,0.3333333333333333
YLL060C,0
YML117W,0
YML120C,0
YMR180C,0
YNL164C,0
YOR177C,0
YOR184W,0
YOR329C,0.16666666666666666
YPL056C,0
YNR045W,0
YGR223C,0
YGR225W,0
YGR228W,0
YGR233C,0
YML028W,0.16666666666666666
YPL106C,1.0
YGR236C,0
YGR238C,0
YMR267W,0
YOR389W,0
YOR100C,0
YPL037C,0
YNL183C,0
YGR244C,0
YOL063C,0
YKL201C,0
YOR225W,0
YNR036C,0
YGR259C,0
YOR301W,0
YJR058C,0.19047619047619047
YGR263C,0
YGR267C,0.1
YPL003W,0
YOR124C,0
YGR275W,0
YML115C,0
YGR276C,0
YNR015W,0
YGR280C,0
YMR102C,0
YGR281W,0
YGR283C,0
YGR291C,0
YLR054C,0
YGR294W,0
YHL018W,0.1
YGR296W,0
YIL156W,0.6666666666666666
YNL015W,0
YNR005C,0
YHL003C,0.3333333333333333
YKL008C,0.16666666666666666
YLR046C,0
YHL009C,1.0
YHL009WA,0
YLL031C,0
YOR350C,0
YHL017W,0
YOR107W,0
YMR234W,0
YHL026C,0
YHL027W,0
YJL056C,0
YOR275C,0.16666666666666666
YIL009CA,0.3333333333333333
YHL036W,0
YPR163C,0.13333333333333333
YHL043W,0
YKR035C,0
YHL046C,0
YHL048W,0
YKL079W,0
YHL049C,0
YOL099C,0
YMR069W,0
YOL034W,0
YHR009C,0
YHR011W,0
YPR004C,0
YHR012W,0.5
YOR069W,0.3333333333333333
YHR014W,0
YHR185C,0
YHR015W,0
YIL028W,0
YHR024C,0
YLR163C,0
YHR025W,0
YOR374W,1.0
YLR346C,0
YLR350W,0
YOR208W,0
YPL140C,0.16666666666666666
YHR035W,0
YLL013C,0
YHR038W,0
YHR040W,0
YJL015C,0
YLR164W,0
YLR309C,0
YOR073W,0
YPR203W,0
YHR043C,0
YHR044C,0
YHR045W,0
YHR047C,0
YHR049W,0
YHR050W,0
YKR089C,0
YHR053C,0
YHR055C,0
YKL119C,1.0
YPL019C,0
YHR063C,0
YHR067W,0
YHR068W,0.3333333333333333
YHR070W,0
YHR071W,0
YHR073W,0
YHR074W,0
YLR356W,0
YMR257C,0
YHR087W,0
YHR090C,0
YHR091C,0
YOL088C,0
YHR094C,0
YHR096C,0
YJR048W,0
YLR365W,0
YPL018W,0
YHR106W,0
YMR198W,0.3333333333333333
YPL241C,0
YJL010C,0
YHR111W,0
YHR112C,0
YPR145W,0
YHR133C,0
YJL012C,0
YJL174W,0
YKL157W,0
YKR032W,0
YLL054C,0
YLR112W,0
YLR136C,0
YLR461W,0
YML131W,0
YOL002C,0
YOR175C,0
YPR094W,0
YLR215C,0
YOR215C,0
YHR120W,0
YOR323C,0
YHR127W,0
YLR056W,0.1
YJR008W,0
YHR132C,0
YNL291C,0
YHR136C,0
YMR246W,0
YMR152W,0
YHR138C,0
YJL131C,0
YKL127W,0
YHR144C,0
YHR149C,0.3333333333333333
YHR151C,0
YNL193W,0
YLR016C,0
YLR132C,0
YOR173W,0
YHR156C,0
YJR010W,0
YHR159W,0
YKR044W,0
YLR451W,0
YHR167W,0
YNL260C,0
YKL075C,0
YKL134C,0
YNL212W,0
YNL255C,0
YIL091C,0
YPR053C,0
YHR175W,0
YMR020W,0
YNL175C,0
YHR182W,0
YHR186C,0
YHR187W,0
YHR190W,0
YHR198C,0
YKR029C,0
YHR199C,0
YNL095C,0
YHR201C,0
YNL034W,1.0
YPL258C,0
YHR209W,0
YHR211W,0
YOR360C,0
YHR212C,0
YHR214W,0
YLR088W,0
YIL001W,0
YIL002C,0
YIL005W,1.0
YLR318W,1.0
YIL011W,0
YIL014W,0
YIL016W,0
YMR222C,0
YIL019W,0
YIL020C,0
YIL023C,0
YMR104C,0
YIL024C,0
YOR352W,0
YMR313C,0
YIL032C,0
YJL164C,1.0
YMR022W,0
YPL203W,0.16666666666666666
YIL042C,0
YNL245C,0
YIL047C,0
YIL051C,0
YIL053W,0
YIL054W,0
YIL055C,0
YIL060W,0
YLR017W,0
YLR213C,0
YMR044W,0
YNR016C,0
YOR346W,0
YIL065C,0
YJL112W,0
YNL311C,0
YIL085C,0
YIL086C,0
YNR040W,0
YIL096C,0
YIL097W,0
YPL227C,0
YIL098C,0
YIL103W,0
YKL191W,0
YNL326C,0
YNL161W,0
YOR032C,0
YPL187W,0.5
YIL113W,0
YIL117C,0
YOL116W,0
YLR114C,0
YIL119C,0
YIL124W,0
YPL191C,0
YIL130W,0
YIL137C,0
YIL139C,0
YPL167C,0
YPL260W,0
YOR142WA,0
YIL153W,0
YOL044W,0
YIL157C,0
YIL158W,0
YLL016W,0.3333333333333333
YIL163C,0
YIL173W,0
YIL174W,0
YMR057C,0
YLR067C,0.3333333333333333
YNL036W,0
YNL165W,0
YOR011W,0
YIR010W,0
YLR202C,0
YJR004C,0
YIR013C,0
YJL102W,0
YLR437C,0
YIR022W,0.3333333333333333
YJR010CA,0.1
YIR023W,1.0
YNL314W,0.3333333333333333
YIR025W,0
YIR027C,0
YIR032C,0
YIR035C,0
YIR036C,0
YIR037W,0
YML048W,0
YIR042C,0
YJL006C,0
YJL019W,0
YOR081C,0
YJL024C,1.0
YJL029C,0
YJL034W,0
YMR214W,0
YMR297W,0
YLR316C,0
YJL044C,0
YPL207W,0
YJL045W,0
YJL048C,0
YJL052W,0
YOR132W,1.0
YJL055W,0
YJL057C,0.16666666666666666
YJL059W,0
YJL143W,0.2
YNR029C,0
YJL066C,0
YJL067W,0
YJL078C,0
YJL079C,0
YPR069C,0
YJL082W,0
YLR014C,0
YJL087C,0
YMR280C,0
YJL094C,0
YLR193C,0
YPL084W,0
YOL075C,0
YJL100W,0
YPL040C,0
YJL106W,0
YLL001W,0
YJR143C,0
YML088W,0
YNL032W,0
YNL163C,0
YNL276C,0
YOR109W,0
YOR375C,0
YMR212C,0
YJL149W,0
YJL158C,0
YLR226W,0
YNL321W,0
YJL165C,0
YOR380W,0
YMR204C,0
YJL192C,0
YLR198C,0
YJL200C,0
YKR090W,0
YMR285C,0
YOL136C,0
YKL222C,0
YJL215C,0
YJL219W,0
YJL225C,0
YJR001W,0
YJR003C,0
YML053C,0
YJR011C,0
YJR017C,0
YJR019C,0
YKR021W,0
YKR104W,0
YLR143W,0
YLR430W,0
YNL050C,0
YNL329C,0
YNR050C,0
YOL031C,0
YOL140W,0
YJR023C,0
YJR024C,0
YJR025C,0
YJR034W,0
YJR035W,0
YJR038C,0
YPL193W,0
YJR062C,0
YNL148C,0
YJR072C,0
YOR262W,0
YOR084W,0
YMR315W,0
YJR079W,0
YLR217W,0
YNL051W,0
YOR354C,0
YPR096C,0
YPR158WB,0
YJR119C,0
YKL076C,0
YKL111C,0
YKL117W,0.5
YKL146W,0
YKL160W,0
YKL224C,0
YKR040C,0
YKR087C,0
YLL030C,0
YLR037C,0
YLR059C,0
YLR066W,0
YLR092W,0
YLR104W,0
YLR118C,0
YLR156W,0
YLR172C,0
YLR205C,0
YLR230W,0
YLR236C,0
YLR248W,0
YLR379W,0
YLR392C,0
YLR397C,0
YML013W,0
YML041C,0
YML123C,0
YML126C,0
YMR067C,0
YMR160W,0
YMR278W,0
YNL008C,0
YNL109W,0
YNL144C,0
YNL215W,0
YNL230C,0
YNL241C,0
YNL285W,0
YOL072W,0
YOL101C,0
YOR008C,0
YOR033C,0.3333333333333333
YOR379C,0
YPL052W,0
YPL088W,0
YPL092W,0
YPL158C,0
YPL159C,0
YPL219W,0
YPL270W,0
YPR003C,0
YPR114W,0
YPR130C,0
YPR188C,0
YKL059C,0.5
YJR097W,0
YJR099W,0
YJR100C,0
YJR102C,0.2
YLR417W,0.3333333333333333
YMR077C,0.16666666666666666
YJR105W,0
YLR301W,0
YKL048C,0
YJR120W,0
YJR125C,0
YJR127C,0
YJR136C,0
YKL033W,0
YJR146W,0
YLR246W,0
YJR154W,0
YJR157W,0
YKL001C,0
YNL107W,0
YKL073W,0
YLR109W,0
YNL014W,0
YPL283C,0
YPR122W,0
YKL017C,0.3333333333333333
YML097C,0.3333333333333333
YKL021C,0
YKL024C,0
YKL029C,0
YMR090W,0
YKL035W,0
YKL038W,0
YKL041W,1.0
YKL044W,0
YKL047W,0
YPL130W,0
YLR285W,0
YNL122C,0
YKL067W,0.3333333333333333
YNL273W,0
YKL069W,0
YKL072W,0
YOR148C,0
YKL078W,0
YKL087C,0
YKL088W,0
YKL093W,0
YOR239W,0
YKL106W,0
YKL107W,0
YKL114C,0
YLR389C,0
YKR069W,0.3333333333333333
YOR247W,0.3333333333333333
YML106W,0
YOL073C,0
YKL133C,0
YLR170C,1.0
YPL259C,0.5
YMR165C,0
YMR210W,0
YMR243C,0
YMR307W,0
YKL161C,0
YKL163W,0
YKL164C,0
YKL166C,0
YKL168C,0
YLR012C,0
YKL176C,0
YKL182W,0
YNL104C,0
YKL186C,0
YML057W,0.3333333333333333
YPL163C,0
YKL197C,0
YOR003W,0
YKL204W,0
YNR034W,0
YKL208W,0
YKL214C,0
YKL215C,0
YKL221W,0
YOR221C,0
YKR005C,0
YKR016W,0
YKR017C,0
YMR269W,0
YOR190W,0
YOR198C,0
YKR031C,0
YKR064W,0
YKR065C,0
YLR036C,0
YKR070W,0
YKR072C,0
YKR074W,0
YKR080W,0
YLR462W,0
YPL023C,0
YPL067C,0
YPR177C,0
YKR095W,0
YOL143C,0
YLL006W,0
YOR112W,0
YLL010C,0
YLL012W,0
YNR075W,0
YOR095C,0
YOR282W,0
YOL112W,0
YLL023C,0
YLR459W,0
YNL180C,0
YLL038C,0
YNL327W,0
YNR006W,0
YLL047W,0
YLL052C,0
YLL057C,0
YLL059C,0
YLR001C,0
YNL019C,0
YLR007W,0
YLR383W,0
YLR008C,0
YLR011W,0
YLR021W,0
YLR028C,0
YLR034C,0
YML125C,0
YLR042C,0
YLR434C,0
YLR050C,0
YLR057W,0
YLR070C,0
YLR076C,0
YLR080W,0
YLR097C,0
YLR110C,0
YPL257WA,0
YLR124W,0
YMR030W,0
YLR261C,0
YOR390W,0
YPL224C,0
YMR088C,0
YNR072W,0
YPR014C,0
YPR066W,0
YPL262W,0
YLR159W,0
YOR342C,0
YLR161W,0
YLR168C,0
YLR171W,0
YPR201W,0
YLR174W,0
YNR065C,0
YML035C,0
YLR199C,0
YLR201C,0
YLR203C,0
YLR204W,0
YMR299C,0
YLR207W,0.3333333333333333
YLR450W,0.16666666666666666
YML075C,0.16666666666666666
YOL013C,0.6666666666666666
YLR209C,0
YLR211C,0
YNR041C,0
YLR227C,0
YLR239C,0
YLR245C,0.3333333333333333
YOL110W,0
YLR247C,0
YLR251W,0
YLR252W,0
YLR259C,0
YLR266C,0
YLR281C,0
YLR290C,0
YNL158W,0
YNL190W,0
YOL046C,0
YOL093W,0
YOR104W,0
YOR368W,0
YLR289W,0
YLR294C,0
YLR455W,1.0
YML079W,0
YMR003W,0
YMR141C,0
YMR177W,0
YNL009W,0
YNL194C,0
YNL205C,0
YNL324W,0
YNL328C,0
YOL008W,0
YOL050C,0
YPR118W,0
YLR299W,0
YOL137W,0
YLR303W,0
YNL192W,0
YLR305C,0
YLR312C,0
YLR317W,0
YNL140C,0
YLR320W,0
YLR327C,0
YLR332W,0
YLR334C,0
YLR377C,0.1
YLR351C,0
YLR358C,0
YNL145W,0
YLR359W,0
YLR363C,0
YLR366W,0
YPR093C,0
YLR372W,0
YMR140W,0
YPL107W,0
YPL253C,0
YLR385C,0
YLR387C,0
YOL056W,0
YLR393W,0
YMR279C,0
YOR338W,0
YLR401C,0
YOR025W,0
YLR411W,0
YLR412W,0
YLR414C,0
YOR013W,0
YLR416C,0
YPR135W,0
YLR422W,0
YMR017W,0
YNL090W,0.3333333333333333
YLR425W,0
YOR053W,0
YLR428C,0
YML107C,0
YOR119C,0
YLR465C,0
YNL028W,0
YNL134C,0
YNL169C,0
YNL323W,0
YPR006C,0
YML027W,0
YNL072W,0
YNL133C,0
YNR009W,0
YNR066C,0
YOR230W,0
YPL034W,0
YPL154C,0
YPR071W,0
YPL074W,0
YOL128C,0
YML029W,0
YML037C,0
YNL046W,0
YML054C,1.0
YPL063W,1.0
YML060W,0
YMR063W,0
YML062C,0
YNL097C,0
YML070W,0
YOR102W,0
YPR099C,0
YOL144W,0
YML129C,0
YMR014W,0
YMR019W,0
YMR150C,0
YMR036C,0
YMR041C,0
YNL068C,0
YOR088W,0
YMR157C,0
YNL300W,0
YNL319W,0
YNR061C,0
YOL146W,0
YOR251C,0
YOR286W,0
YPL214C,0
YMR051C,0
YNL335W,0
YMR282C,0
YPL263C,0
YMR097C,0
YOR154W,0
YOR120W,1.0
YMR106C,0
YPR167C,0
YMR123W,0
YMR131C,0
YMR133W,0
YMR134W,0
YMR137C,0
YOR070C,0
YPL164C,1.0
YMR178W,0
YMR179W,0
YNL003C,0
YMR184W,0
YMR195W,0
YMR271C,0
YPL101W,1.0
YMR317W,0
YMR323W,0
YMR325W,0
YPR199C,0
YNR018W,0
YNL045W,0
YNL056W,0
YNL035C,0
YPL061W,0
YOR004W,0
YNL224C,0
YOR093C,0
YPR062W,0
YPL249C,0
YPL075W,0
YNL226W,0
YNL246W,0
YPR058W,0
YPL150W,0
YNL279W,0
YNL289W,0
YNL292W,0
YNR043W,0
YNL320W,0
YNR004W,0
YPL157W,0
YNR019W,0
YNR033W,0
YNR063W,0
YOL009C,0
YOL035C,0
YOL045W,0
YPL196W,0
YOL066C,0
YOL078W,0
YOL087C,0
YOL095C,0
YOL100W,0
YOL103WB,0
YOL147C,0
YPL008W,0
YOR051C,0
YOR074C,1.0
YOR079C,0
YOR080W,0
YOR090C,0
YPR169W,0
YOR125C,0
YOR393W,0
YPR085C,0
YOR131C,0
YOR146W,0
YOR172W,0
YOR202W,0
YOR227W,0
YOR288C,0
YOR325W,0
YOR386W,0
YPR123C,0
YPL097W,0
YPL135W,0
YPL236C,0
YPR015C,0
YPR070W,0
YPR073C,0
YPR157W,0
YPR133C,0
