YDL106C,0
YKR099W,0
YKL205W,0.1
YNR034W,0
YGL035C,0.1
YBR112C,0.08333333333333333
YNL172W,1.0
YKL022C,0.6818181818181818
YHR166C,0.5769230769230769
YBL084C,1.0
YBR195C,0
YML102W,0
YNL259C,0
YDR270W,0
YBR010W,0.22058823529411764
YLR442C,0.2857142857142857
YBR009C,0.1380952380952381
YDR227W,0.05555555555555555
YNL216W,0
YDR225W,0.75
YDR224C,0.42424242424242425
YLR182W,0.13333333333333333
YER111C,0.3333333333333333
YPR119W,0
YPL204W,0.5
YGL019W,0.38095238095238093
YDR085C,0
YHR107C,0.08974358974358974
YDR218C,0
YDL030W,0.015151515151515152
YDR477W,0.11428571428571428
YNL257C,0
YER032W,0.027777777777777776
YDR195W,0
YLR240W,0
YBR097W,0
YGL086W,0
YGL116W,0
YLR178C,0.5
YJL061W,0.13333333333333333
YFR002W,0.24444444444444444
YGR119C,0.1523809523809524
YGL172W,0.18421052631578946
YPR141C,0.3333333333333333
YMR198W,0.3333333333333333
YFR034C,0.12727272727272726
YBR119W,0
YLR223C,0
YLR449W,0
YNL227C,0
YML016C,0.047619047619047616
YDR110W,0
YIL061C,0
YAL047C,0.01818181818181818
YCR101C,0
YFR039C,0
YGR203W,0
YLR017W,0
YLR213C,0
YMR009W,0
YMR044W,0
YOR275C,0
YLR153C,0
YNR016C,0
YNL199C,0
YHR079C,0
YBL063W,0
YFL016C,0.3333333333333333
YHR023W,0
YER105C,0.06666666666666667
YOR346W,0
YOL004W,0.07272727272727272
YPL016W,0.3523809523809524
YBR117C,0
YER172C,0.12727272727272726
YPL215W,0
YDL013W,0
YMR240C,0.1
YLR090W,0
YOR319W,0
YGR056W,0.6545454545454545
YHR209W,0
YJR022W,0.009250693802035153
YDR228C,0.38095238095238093
YGL096W,0
YHR034C,0
YHR035W,0
YIL173W,0
YNL050C,0
YOR076C,0
YBR003W,0
YGL173C,0.10714285714285714
YNR050C,0
YDR277C,0
YNL118C,0.003076923076923077
YNR053C,0.19047619047619047
YER013W,0
YLR116W,0.038461538461538464
YJR066W,0.10714285714285714
YJR005W,0.3
YDL156W,0
YDL161W,0
YIL130W,0
YMR065W,0.06666666666666667
YML046W,1.0
YBR172C,1.0
YKL074C,0.08333333333333333
YPL105C,0
YLR357W,0.8
YDL043C,0.007352941176470588
YJL146W,0
YMR302C,0
YBR113W,0
YDR131C,0
YDR180W,0
YDR386W,0
YDR409W,0.1
YER113C,0
YKL155C,0
YLL014W,0
YMR117C,0.10909090909090909
YNL023C,0
YJL203W,0.01282051282051282
YOL136C,0
YDR170C,0.16666666666666666
YCR081W,0.5
YHL007C,0.07692307692307693
YBL067C,0
YBL101C,0
YKR090W,0
YMR285C,0
YOL091W,0
YLR067C,0
YGR074W,0
YDR389W,0
YBR043C,0
YGL202W,0
YJR033C,0.3333333333333333
YKL188C,0
YLR440C,0
YLR147C,0.015151515151515152
YKR080W,0
YIL139C,0
YLL021W,0.04395604395604396
YLR433C,0.03636363636363636
YBR114W,0
YGR290W,0
YHR178W,0
YMR088C,0
YDR422C,0.35714285714285715
YER029C,0
YLR220W,0
YNL187W,0
YCL061C,0
YDR421W,0
YDR485C,0
YOR023C,0
YOR191W,0
YPL146C,0
YOR017W,0
YML104C,0
YMR005W,0
YIR009W,0
YAL024C,0
YBR136W,0
YNL036W,0
YJL092W,0
YIL143C,0.5606060606060606
YDL001W,0
YDR184C,0
YHR099W,0.6583333333333333
YHR197W,0
YNL091W,0
YOR011W,0
YLR456W,0
YIL144W,0.14285714285714285
YKR084C,0.6666666666666666
YBR275C,0
YOR351C,0
YOR101W,0
YCR096C,0.07142857142857142
YCR084C,0.10714285714285714
YJR045C,0.26666666666666666
YIL022W,0.6666666666666666
YOR232W,0.3333333333333333
YDR103W,0.12727272727272726
YOR212W,0.1111111111111111
YOL052C,0
YCR088W,0.13636363636363635
YDR388W,0.023076923076923078
YNL138W,0.2
YFL039C,0.04666666666666667
YMR092C,0
YDL178W,0
YLR319C,0.3
YOR122C,0.1
YHR179W,0
YCL040W,0
YDR382W,0.9753086419753086
YCL027W,0.010869565217391304
YBR200W,0.10606060606060606
YLR229C,0.14285714285714285
YNL271C,0.08791208791208792
YOR181W,0.055384615384615386
YDR129C,0.6666666666666666
YIL034C,0
YLL050C,0
YIL159W,0.022222222222222223
YKR055W,0
YOR363C,0
YPR165W,0.025
YNL243W,0.25
YLR337C,0.2
YDR448W,0.47368421052631576
YDL165W,0.5955882352941176
YDR176W,0.4380952380952381
YGL013C,0
YBL005W,0
YEL009C,0.30303030303030304
YER148W,0.0761904761904762
YPL248C,0.11029411764705882
YGL048C,0.7402439024390244
YHR041C,0.7318840579710145
YER022W,0.7210144927536232
YDR308C,0.7707509881422925
YMR236W,0.6285714285714286
YGL112C,0.5144927536231884
YBR198C,0.47333333333333333
YDR216W,0.3888888888888889
YGR274C,0.5833333333333334
YDR167W,0.24242424242424243
YPL254W,1.0
YGR252W,0.7083333333333334
YPR086W,0.09090909090909091
YML085C,0.03571428571428571
YNL148C,0
YMR043W,0.23809523809523808
YHR084W,1.0
YCL066W,0.2
YDR245W,1.0
YJR075W,0.6666666666666666
YJL183W,0.6666666666666666
YPL050C,0
YEL036C,0.3333333333333333
YER179W,0.5846153846153846
YBR073W,0
YGR047C,0.38095238095238093
YDL150W,0
YNL113W,0.7052631578947368
YIL021W,0.6333333333333333
YGL070C,0.7802197802197802
YOR116C,0.9102564102564102
YGR246C,0.3
YOL086C,0
YPL242C,0.01818181818181818
YDR264C,0.13333333333333333
YDL226C,0
YJR086W,0.6666666666666666
YKL178C,0
YPL129W,0.2868686868686869
YLR418C,0.6285714285714286
YBR279W,0.09523809523809523
YJL167W,0
YOR128C,0
YDR099W,0
YLR267W,0
YOR026W,0
YDL193W,0
YDL132W,0.25
YDR285W,0.1
YDL017W,0.7777777777777778
YDR173C,0.5
YLR245C,0
YCR005C,0
YOR039W,0.4
YOR302W,0
YIR032C,0
YNL314W,1.0
YLR390WA,0
YDR145W,0.5584415584415584
YBR176W,0
YGR267C,0
YPL070W,0
YOR260W,0.6
YJL137C,0
YML121W,0
YGL122C,0
YKL103C,0
YLR288C,0
YBR253W,0.8398268398268398
YKL142W,1.0
YGL221C,0
YPL031C,0
YER023W,0
YER162C,0
YLL039C,0.05454545454545454
YBR135W,0
YBL072C,0.9000584453535944
YFL017C,0
YDR394W,0.946031746031746
YGL175C,0
YFL059W,0
YFL060C,0
YLR082C,0
YHR184W,0
YGR144W,0
YPL214C,0
YJL164C,1.0
YDL064W,0.3333333333333333
YGL071W,0
YML007W,0
YBR270C,0
YLR117C,0
YDL089W,0
YDL246C,0
YDR032C,0
YDR051C,0
YFR047C,0
YGR010W,0
YGR024C,0
YGR058W,0
YHL018W,0
YHR111W,0
YHR204W,0
YLR321C,0.6545454545454545
YJR024C,0
YLL057C,0
YLR328W,0
YMR075W,0
YCR023C,0
YNL218W,0
YPL192C,0
YER031C,0.06666666666666667
YJL099W,0
YHR016C,0.06666666666666667
YGR243W,0
YAR027W,0
YAR033W,0
YDR020C,0
YDR510W,0
YGR268C,1.0
YJL218W,0
YJR056C,0
YKL130C,0
YLR025W,0.3333333333333333
YNL333W,0
YOR111W,0
YBR137W,0
YDR100W,0
YEL017W,0
YEL066W,0
YGL037C,0
YGR020C,0.8666666666666667
YCL016C,0
YHR113W,0
YIR038C,0
YJL199C,0
YLR014C,0
YMR159C,0
YNL044W,0
YNL331C,0
YHR152W,0
YLR132C,0
YHR128W,0
YDR267C,0
YHR073W,0
YLR016C,0
YJL168C,0
YJR148W,0
YPR152C,0
YGL058W,0
YIL035C,0.8
YKL112W,0.6
YOR061W,0.8
YBL007C,0.06159420289855073
YIL138C,0
YGR080W,0
YFL031W,0
YJR064W,0.75
YML124C,0
YCR097W,0
YLR127C,0.6818181818181818
YOL133W,0
YGL105W,0
YGR264C,0
YDL192W,0.5769230769230769
YPR176C,0.3333333333333333
YAL026C,0
YDL029W,0.37777777777777777
YNL084C,0.05555555555555555
YKL129C,0.058823529411764705
YMR109W,0.08095238095238096
YJL095W,0.2
YOR231W,0.1
YPL084W,0
YBL085W,0.08888888888888889
YJL157C,0.1111111111111111
YGR152C,0.5
YIL004C,0.4380952380952381
YLR078C,0.2761904761904762
YPL218W,0.4393939393939394
YPR181C,0.3516483516483517
YIL109C,0.48484848484848486
YLR268W,0.3006535947712418
YNR003C,0.8461538461538461
YBR123C,0.4666666666666667
YML111W,0
YER125W,0.09523809523809523
YBR160W,0.005847953216374269
YFL029C,0
YJR060W,0.16666666666666666
YDR318W,0
YLR293C,0.08791208791208792
YIL063C,0.3333333333333333
YER009W,0.1111111111111111
YPR017C,0
YGR172C,0
YFL038C,0.09523809523809523
YKL196C,0.3
YLR093C,0.2857142857142857
YOR106W,0.16666666666666666
YGL212W,0.6666666666666666
YLR249W,0
YBR118W,0.3055555555555556
YAL040C,0.047619047619047616
YNL064C,0
YLL026W,0.047619047619047616
YAL005C,0.09090909090909091
YDL229W,0
YDR507C,0.17857142857142858
YLR310C,0.06060606060606061
YPL240C,0.06666666666666667
YNL098C,0.16666666666666666
YLL016W,0.3333333333333333
YLL024C,0.09523809523809523
YBL075C,0
YJL194W,0.7428571428571429
YGR108W,0
YLR210W,0
YGL178W,0.3333333333333333
YER120W,0
YHR102W,0
YOR257W,0
YDR356W,0.3333333333333333
YFL009W,0.14285714285714285
YAL041W,0.07575757575757576
YNL298W,0.16666666666666666
YHR061C,0.24242424242424243
YDR309C,0.17142857142857143
YOR127W,0.3
YHR161C,0.06666666666666667
YGL206C,0.2
YGR167W,0.6666666666666666
YIR006C,0.09523809523809523
YBL023C,0.7154150197628458
YDR207C,0.06666666666666667
YMR139W,0
YDR390C,0.3333333333333333
YKR002W,1.0
YGR048W,0.1
YDL140C,0.2964426877470356
YGL130W,1.0
YPL228W,1.0
YCR077C,0.027777777777777776
YNL088W,0
YGL049C,0.3333333333333333
YER165W,0.0784313725490196
YPL256C,0.05555555555555555
YJR090C,0.14285714285714285
YBR109C,0.001422475106685633
YNR035C,0.6666666666666666
YGL043W,0
YHR030C,0.09523809523809523
YJR109C,0
YLR216C,0.14285714285714285
YMR186W,0.19047619047619047
YKL117W,0.6666666666666666
YNL330C,0.26666666666666666
YJR032W,0.3
YDR172W,0
YGR218W,0.010869565217391304
YGL092W,0.3333333333333333
YOR098C,0.004878048780487805
YIL115C,0.06666666666666667
YGL097W,0.13333333333333333
YDR002W,0.3333333333333333
YNL286W,0
YJL005W,0.3333333333333333
YBR140C,0
YDR052C,0.6222222222222222
YMR001C,0
YPL153C,0
YOR368W,0
YPL194W,0
YHR164C,0
YKL113C,0
YJR132W,0
YMR199W,0
YOR027W,0.26666666666666666
YGR186W,0.3333333333333333
YMR277W,0
YNL135C,0
YDR174W,0
YDR464W,0
YKL203C,0.3333333333333333
YML051W,0.3333333333333333
YBR020W,0
YOL051W,0.7065217391304348
YKL028W,1.0
YKR062W,0.3333333333333333
YDL159W,0.5333333333333333
YLR313C,0.1
YFL037W,0.1
YCL029C,0.3333333333333333
YER016W,0
YER007W,0
YNL223W,0.3333333333333333
YDR283C,0
YMR311C,0.7333333333333333
YDL207W,0.3
YKL068W,0.02564102564102564
YDR192C,0.052307692307692305
YOR046C,0.6666666666666666
YMR255W,0.6666666666666666
YNL229C,0.6666666666666666
YER040W,0.07142857142857142
YHR005C,0.02197802197802198
YLR452C,0.005847953216374269
YLR362W,0.14102564102564102
YGL238W,0
YOL021C,0.5357142857142857
YER110C,0.08333333333333333
YDR335W,0.21904761904761905
YOR160W,0.09523809523809523
YJL041W,0.2
YLR335W,0.15384615384615385
YMR308C,0.07692307692307693
YLR256W,0
YJL081C,1.0
YBR289W,0.5256410256410257
YBL008W,0.6
YOR038C,1.0
YLR113W,0.06666666666666667
YMR172W,0
YJL128C,0.3333333333333333
YOR208W,0
YER075C,0
YBL016W,0.38095238095238093
YIL072W,1.0
YOL123W,0.21428571428571427
YMR080C,0.022222222222222223
YGL073W,0
YOR178C,0.3055555555555556
YBR045C,0.3333333333333333
YER054C,0.42857142857142855
YER133W,0.1282051282051282
YLR263W,0.16666666666666666
YIL033C,0.3
YBR050C,0
YDR168W,0.6666666666666666
YOR036W,0
YCL032W,0.004597701149425287
YGL253W,0
YER132C,0
YGR179C,0
YIL047C,0
YOR151C,0.7912087912087912
YLR384C,0.7142857142857143
YJL140W,0.9102564102564102
YBR154C,0.5185185185185185
YPR187W,0.4827586206896552
YJR094C,0
YDL088C,0
YLR347C,0.10606060606060606
YIL149C,0
YMR047C,0.03162055335968379
YER011W,0
YBR143C,0
YJL034W,0
YPL187W,0.5
YMR297W,0
YMR214W,0
YOR254C,0.5
YPL253C,0
YDL108W,0.6545454545454545
YGR040W,0.38095238095238093
YLR451W,0
YDL056W,0
YHR206W,0.1
YMR042W,0.6666666666666666
YML099C,0.19047619047619047
YIL150C,0.4
YEL032W,0.8842105263157894
YBR202W,0.8842105263157894
YPR019W,0.8842105263157894
YIL046W,0.10714285714285714
YJL187C,0
YBL105C,0.10606060606060606
YPL140C,0
YMR167W,0.1
YLR035C,1.0
YPL164C,0
YBR088C,0.16666666666666666
YMR224C,0.3333333333333333
YOL090W,0.16666666666666666
YOR033C,0
YML095C,1.0
YMR201C,0.16666666666666666
YPL022W,0.022058823529411766
YER171W,0.5757575757575758
YHR165C,0.1111111111111111
YKR082W,0.3333333333333333
YML103C,0.3333333333333333
YDL116W,0.31868131868131866
YMR228W,0
YFL036W,0
YKL013C,0.6190476190476191
YBR234C,0
YOR047C,0
YDR043C,0
YNL112W,0
YHR170W,0
YLR363C,0
YJL039C,0
YMR129W,1.0
YHR077C,0.047619047619047616
YNR023W,0.6545454545454545
YKL023W,0
YDR159W,0
YDR395W,0.047619047619047616
YOR185C,0
YNL189W,0.03636363636363636
YPL124W,0.14285714285714285
YKL042W,0.26666666666666666
YNL225C,0.6666666666666666
YOR373W,1.0
YBR017C,0
YGL016W,0.09523809523809523
YPL174C,0.14285714285714285
YBL079W,0.3333333333333333
YOR194C,0.6666666666666666
YKL058W,0.6666666666666666
YJL143W,0.3333333333333333
YNR017W,0.1388888888888889
YER107C,1.0
YDR392W,0.7714285714285715
YER161C,0
YER047C,0
YML065W,0.6485507246376812
YKR101W,0.3333333333333333
YML109W,0.06493506493506493
YLR045C,0
YER149C,0.16666666666666666
YPR159W,0
YGR178C,0
YMR061W,0.5333333333333333
YGL044C,0.8
YAL059W,0
YGL094C,0
YER118C,0.029239766081871343
YGL153W,0.6
YLR191W,0.10909090909090909
YNL214W,1.0
YDR244W,0.2857142857142857
YDR142C,1.0
YDL065C,0
YML042W,0
YGR077C,0
YOL001W,0
YPL089C,0
YNL233W,0
YBL061C,0
YBR023C,0
YMR284W,0
YJR052W,0
YDR169C,0
YMR019W,0
YKL072W,0
YLR026C,0.11029411764705882
YHL031C,1.0
YFL005W,0.16666666666666666
YNL272C,0
YGR009C,0.05555555555555555
YPL232W,0.16666666666666666
YAL030W,0
YBL050W,0.007389162561576354
YBR080C,0
YDR164C,0.3333333333333333
YNR049C,0
YJL025W,0.6666666666666666
YMR270C,0.2
YLR075W,0.9753086419753086
YIR012W,0
YLR119W,0
YMR235C,0
YBR126C,0.3
YFL033C,0
YGR032W,0.6666666666666666
YDL135C,0
YPL075W,0
YDR171W,0
YDR217C,0
YGR184C,0.2
YML032C,1.0
YMR153W,0
YKR072C,0
YJR043C,0.8105263157894737
YNL102W,0.16666666666666666
YOR217W,1.0
YJR068W,1.0
YNL290W,1.0
YOL094C,1.0
YBR087W,0.6666666666666666
YNL262W,0.7476190476190476
YIR008C,0.8333333333333334
YKL045W,0.5
YMR203W,0.8055555555555556
YNL131W,0.8055555555555556
YJL124C,0
YAL019W,0
YBR214W,0
YBR274W,0
YCR024CA,0.5
YDL175C,0
YEL060C,0
YER028C,0
YGL207W,0
YGR158C,0
YIL042C,0
YIL048W,0
YJR143C,0
YKR026C,0.4
YLR003C,0
YML088W,0
YMR056C,0
YMR250W,0
YNL032W,0
YNL163C,0
YNL276C,0
YOR109W,0
YOR147W,0
YOR320C,0
YPL152W,0
YBL026W,0.0031746031746031746
YAR003W,0
YBL066C,1.0
YCR020CA,0
YCR066W,0
YDR440W,0
YEL015W,0.05555555555555555
YER025W,0.16666666666666666
YGL185C,0
YIL066C,0.4
YIL132C,0
YLR039C,0
YLR120C,0
YLR126C,0
YMR066W,0
YMR207C,0
YMR237W,0
YOL102C,0
YOL163W,0
YOR043W,0
YPL042C,0.28205128205128205
YPL115C,0.06666666666666667
YPL119C,0
YPL249CA,0.8648426812585499
YPR184W,0
YDR166C,0.7142857142857143
YLR128W,0
YNL264C,0
YNL287W,0.42857142857142855
YPR032W,0
YER112W,0
YDL145C,0.8
YDR082W,0
YDR289C,0
YDR452W,0
YER124C,0.2
YIL029C,0
YBR108W,0
YLR438CA,0.03676470588235294
YDL240W,0
YJR138W,0
YLR281C,0
YMR142C,0.9753086419753086
YOR096W,0.9649122807017544
YJL110C,0.3333333333333333
YJL155C,0
YKL209C,0
YLL032C,0
YLR386W,0
YOR195W,0.3333333333333333
YOR219C,0
YER146W,0.004329004329004329
YCR024C,0
YDL112W,0
YER131W,0.9655388471177945
YFL066C,0
YGR210C,0
YHL008C,0
YIL038C,0.7472527472527473
YJL084C,0
YLR058C,0
YOR201C,0
YPR010C,0.7523809523809524
YDR378C,0
YGL251C,0
YJL139C,0
YLR053C,0
YMR221C,0
YDL077C,0
YNL147W,0
YIL112W,0
YBR034C,0
YBR044C,0.5
YCR107W,0
YDR127W,0
YDR135C,0
YEL023C,0
YGL028C,0
YJL004C,0.16666666666666666
YJL021C,0
YKR021W,0
YKR104W,0
YLL015W,0
YLR133W,0
YLR143W,0
YLR430W,0
YMR205C,0
YNL242W,0
YNL329C,0
YOL031C,0
YOL140W,0
YPR178W,0
YDR141C,0
YER115C,1.0
YGL143C,0
YMR002W,0
YNR027W,0
YGR116W,0
YJR140C,0
YAR009C,0
YBL034C,0
YBL037W,0.5
YBL054W,0
YCR076C,0
YGL014W,0
YHR186C,0
YIR014W,0
YIR024C,0
YJR023C,0
YKL133C,0
YKR031C,0
YKR054C,0.06666666666666667
YML112W,0.3333333333333333
YOL151W,0
YOR093C,0
YOR124C,0
YJR065C,0.6666666666666666
YPL090C,0.9655388471177945
YBR217W,0
YDR022C,0
YGL078C,0
YLR424W,0
YHR171W,0
YNL255C,0
YKL134C,0
YDL137W,0
YDR007W,0
YPL051W,0
YER044C,0
YGL183C,0
YGR242W,0
YJL115W,0.2
YMR200W,0
YLR399C,0
YIL002C,0
YDR410C,0
YNL244C,0.32967032967032966
YOR338W,0
YGL233W,0.3090909090909091
YEL043W,0.14285714285714285
YGR134W,0
YGR261C,0.4
YPL161C,0.05714285714285714
YJR076C,0.07272727272727272
YLL038C,0
YER158C,0
YER114C,0.08888888888888889
YOR370C,0.16666666666666666
YOR188W,0
YIR039C,0
YKL092C,0
YIL117C,0
YPL095C,0
YOR299W,0
YGL095C,0
YKL082C,0.3
YMR293C,0
YKL007W,0
YOR284W,0.3333333333333333
YBR130C,0
YJL008C,0.75
YLR206W,0
YGR221C,0
YIL079C,0
YER059W,0
YIL050W,0
YNL309W,0.3
YKL014C,0
YKR077W,0
YBL103C,0.1
YDL126C,0
YDR274C,0
YIL084C,0
YJL036W,0
YNL234W,0
YNL087W,0
YPR120C,0.01282051282051282
YMR232W,0
YPL269W,0
YDR122W,0
YMR036C,0
YDR130C,0.1
YJL048C,0
YOR066W,0
YOR264W,0
YOR269W,0.06666666666666667
YPL014W,0
YML095CA,0
YMR111C,0
YDL186W,0
YHR182W,0
YOR324C,0
YHR039CA,0.8666666666666667
YKL057C,0.5111111111111111
YLR429W,0
YPL032C,0
YNL094W,0.022058823529411766
YNL027W,0.06666666666666667
YHR207C,0
YNR018W,0
YGR005C,0.3333333333333333
YHR191C,0
YCR054C,0
YMR032W,0.0641025641025641
YDL097C,0.9444444444444444
YCR027C,0
YNL013C,0
YDL101C,0
YBR205W,0.1
YJR113C,0
YKL048C,0
YBR102C,0
YNR046W,0
YMR052W,0
YJL184W,0
YDR373W,0
YML058W,0.3333333333333333
YFL034CB,0
YCL011C,0
YMR238W,1.0
YCR086W,0.3
YMR055C,0.2
YJL030W,0
YER122C,0
YBR128C,0
YJL080C,0
YBR116C,0
YDR179C,0
YHL026C,0
YMR069W,0
YGL181W,0.04736842105263158
YOR384W,0
YBR138C,0
YBR272C,0
YAR018C,0
YLL019C,0
YHR086W,0
YJL141C,0
YAL004W,0
YGR241C,0
YDR511W,0
YER045C,0
YFR024C,0.09941520467836257
YPR171W,0.2
YMR106C,0
YGR118W,0.9649122807017544
YMR048W,0
YDL125C,0
YJL102W,0
YGL060W,0
YBR133C,0
YGL187C,0.75
YNL106C,0
YDL230W,0
YER104W,0
YPR173C,0.16666666666666666
YPR188C,0
YOL065C,0
YJL117W,0
YJR010CA,0.3333333333333333
YPL209C,0.2
YOR084W,0
YLR428C,0
YAL032C,0
YHR133C,0
YJL151C,0.2
YPL246C,0.2
YDR460W,0.7777777777777778
YIL128W,0
YNL173C,0
YER068W,0.8461538461538461
YPL064C,0
YPL191C,0
YOR207C,0.8461538461538461
YDR095C,0
YNL245C,0
YOR087W,0
YGR014W,0
YNL293W,0
YOL112W,0
YPL093W,0
YOR074C,0
YLR359W,0
YHR129C,0
YLL001W,0
YHR068W,0
YOR326W,0
YBL058W,0
YMR096W,0
YJR159W,0
YKL020C,0
YMR271C,0
YOR229W,0
YAL055W,0
YDR132C,0
YKL061W,0
YKR064W,0
YOL070C,0
YPR172W,0
YLL004W,0.7705627705627706
YGL169W,0
YAR020C,0
YBR222C,0
YDR455C,0
YDR113C,0
YGR060W,0
YMR257C,0
YKL143W,0
YMR233W,0
YOR197W,0
YGR123C,0
YMR008C,0
YDL134C,0
YNL011C,0
YOR362C,0.7692307692307693
YMR154C,0
YFR026C,0
YGL165C,0
YLR076C,0
YPR103W,0.7730769230769231
YOL145C,0.16666666666666666
YDL123W,1.0
YPL066W,0
YJL001W,0.9444444444444444
YPR180W,0
YFR050C,0.6933797909407665
YGR067C,1.0
YNL253W,0
YIL007C,0.1
YBL041W,0.8506401137980085
YML092C,0.9444444444444444
YGR135W,0.9523809523809523
YPR025C,0.6363636363636364
YKR086W,0
YPR082C,0
YPL023C,0
YBR173C,0.9444444444444444
YBL004W,0
YGR173W,0
YHR194W,0
YJR070C,0
YKL075C,0
YLR118C,0
YLR462W,0
YOL063C,0
YPL067C,0
YPR177C,0
YJR127C,0
YDR235W,0
YJR131W,0
YER144C,0
YOR157C,0.8549075391180654
YDL103C,0
YDR288W,0
YDL105W,0.09523809523809523
YNR031C,0
YHR216W,0
YER168C,0
YLR289W,0
YLR207W,0.3333333333333333
YOR171C,0
YDR334W,0
YBL089W,0
YDR320C,0.3333333333333333
YER066W,0
YGL050W,0
YHR112C,0
YKL179C,0
YOR051C,0
YNR063W,0
YMR179W,0
YNL201C,0
YGL200C,0.75
YKL153W,0
YHR031C,0
YNL204C,0
YNR052C,0.6761904761904762
YLL036C,0.16666666666666666
YBR188C,0
YDL138W,0
YMR035W,0
YPL145C,0
YJL186W,0
YBR251W,0.8571428571428571
YEL026W,0
YPR023C,0
YPR077C,0
YPR079W,0
YNL180C,0
YLL033W,0
YEL037C,0.15833333333333333
YHR027C,0.7451219512195122
YKL171W,0
YFR004W,0.8477951635846372
YER049W,0
YDL147W,0.8933933933933934
YPL026C,0
YPR108W,0.9476190476190476
YLR264W,0.717948717948718
YAL018C,0
YKL176C,0
YKL145W,0.6710963455149501
YOR259C,0.767948717948718
YMR216C,0.06666666666666667
YGR146C,0
YOR117W,0.8577524893314367
YOR177C,0
YKL135C,0.3
YBL025W,0.3333333333333333
YJL047C,0
YJR073C,0
YLR144C,0.3333333333333333
YJR083C,0.3333333333333333
YMR192W,0.06666666666666667
YNL086W,0
YLR027C,0
YMR190C,0
YER101C,0
YLL009C,0
YOL135C,0.8225108225108225
YOR158W,0.8571428571428571
YBL030C,0.16666666666666666
YLR273C,0
YOR307C,0
YKL173W,0
YDR160W,0
YAL028W,0
YCR082W,0
YDL133W,0
YDL173W,0
YKL090W,0
YOL032W,0
YOL036W,0
YOR245C,0
YLR130C,0
YGL201C,0.868421052631579
YHR087W,0
YBR098W,0.3333333333333333
YCR009C,0
YJR115W,0
YLR436C,0
YGR098C,0
YJL085W,0.7619047619047619
YER127W,0
YMR287C,0.8571428571428571
YPR055W,0.7619047619047619
YDR515W,0
YIL147C,0
YDR189W,0.3
YNL239W,0
YOR075W,0.3333333333333333
YPR088C,0.6666666666666666
YNL003C,0
YOR213C,0.45054945054945056
YPL138C,0
YBL106C,0.01282051282051282
YCL017C,0
YHR098C,0
YKR030W,0.1
YHR070W,0
YMR183C,0
YJR093C,0.3333333333333333
YDR362C,0.6
YPR193C,0
YCL036W,0
YPR051W,0
YOL043C,0
YDR229W,0
YPR182W,0
YDR416W,0
YPL181W,0.4
YEL051W,0.6470588235294118
YOR270C,0.6838235294117647
YPL120W,0
YDL016C,0
YDL239C,0.3333333333333333
YKR020W,0
YLL049W,0
YCR079W,0
YDR146C,0
YPL121C,0
YCR087W,0
YDR212W,0.75
YML064C,0.047619047619047616
YBL112C,0
YLR234W,0
YGL135W,0.9753086419753086
YLR306W,0
YER100W,0
YBR235W,0
YDR499W,0
YHR108W,0
YHR082C,0
YJR061W,0
YLR131C,0
YMR180C,0
YML117W,0
YNL196C,0
YOR371C,0.3333333333333333
YDL189W,0
YLL060C,0
YOL069W,0.19166666666666668
YFL008W,0.13071895424836602
YFR031C,0.16666666666666666
YIR017C,0.26666666666666666
YGR089W,0.022222222222222223
YDL181W,0.5321637426900585
YAL011W,0.1
YNL250W,0.25
YHL010C,0
YDR201W,0.17857142857142858
YDR295C,0.25
YLR190W,0
YGL075C,0
YJL074C,0.12121212121212122
YNL079C,0
YDL072C,0
YIR018W,0
YHR158C,0.047619047619047616
YMR124W,0.3333333333333333
YDR379W,0
YER018C,0
YDL074C,0.2857142857142857
YNL153C,0.4
YNL103W,0.14285714285714285
YDL099W,0
YKL050C,0
YDL087C,0
YEL061C,0
YLR454W,0
YGR130C,1.0
YLR086W,0.3333333333333333
YJR035W,0
YPL018W,0
YLR254C,0
YLR314C,0.03571428571428571
YGR059W,0
YBR211C,0
YPL155C,1.0
YBR057C,0
YJR112W,0.12380952380952381
YDR150W,0.3333333333333333
YLR200W,0.6
YGL093W,0
YKL101W,0
YBL099W,0.7666666666666667
YNL315C,1.0
YJL180C,0
YJR121W,0.8761904761904762
YPR163C,0
YLR155C,0
YBR048W,0.9316394434361767
YAR066W,0
YCL014W,0
YPR071W,0
YGR296W,0
YKL011C,0.011695906432748537
YBL077W,0
YNL191W,0
YPL088W,0
YPL049C,0
YMR323W,0
YOR380W,0
YOR285W,0
YLR135W,0
YLR056W,0
YKL017C,0
YBL081W,0
YOR155C,0
YOR020C,0
YOL131W,0
YNR012W,0
YNL228W,0
YNL159C,0
YNL034W,0
YHR203C,0.9316394434361767
YMR134W,0
YLR423C,0.10714285714285714
YLR377C,0
YEL054C,0.9753086419753086
YLR324W,0
YLR295C,0.6691176470588235
YAR060C,0
YPR102C,0.9285924184543051
YLR258W,0
YLR197W,0.3333333333333333
YER175C,0
YNL070W,0.6222222222222222
YLR145W,0
YLR108C,0
YLR070C,0
YKR019C,0
YKL035W,0
YBR059C,0
YBR068C,0
YDR385W,0
YOL006C,0
YJR103W,0
YJR091C,0
YDL153C,0
YDL094C,0
YDR321W,0
YER081W,0
YER086W,0
YDR459C,0
YFR015C,0
YGL040C,0
YGR041W,0
YGR097W,0
YHR025W,0
YHR074W,0
YHR114W,0.014705882352941176
YBL087C,0.9753086419753086
YIL074C,0
YJR010W,0
YDL075W,0.9753086419753086
YJR067C,0
YNL021W,0
YDL042C,0
YDR296W,0
YIL075C,0.8605974395448079
YGR092W,0.6666666666666666
YAR019C,0
YCL024W,0
YCR002C,0.3333333333333333
YKR048C,0
YLR457C,0
YDR162C,0
YOR308C,1.0
YDR088C,0
YKL012W,0
YMR213W,0
YGR129W,0
YJR050W,0
YPR185W,0
YEL013W,0
YGL180W,0
YPR049C,0
YBL078C,0.16666666666666666
YER177W,0
YIR023W,1.0
YNR001C,0
YKL085W,0
YGL162W,0
YOR358W,0.3
YEL002C,0.8611111111111112
YMR149W,0.8611111111111112
YGL022W,0.8611111111111112
YJL002C,0.8611111111111112
YPL096W,0
YLR342W,0.6666666666666666
YLR371W,0
YOR008C,0
YLR332W,0
YNL090W,0.3333333333333333
YIL118W,0.5
YBR260C,0
YAR064W,0
YBR213W,0
YBR229C,0
YDR231C,0
YDR292C,0
YFL003C,0
YFL010WA,0
YFR054C,0
YGL063W,0
YGL229C,0
YGR034W,0.9753086419753086
YGR050C,0
YGR253C,0.946031746031746
YHR028C,0
YKL175W,0
YKR025W,0
YLL051C,0
YLR443W,0
YNL066W,0
YNL202W,0
YOR029W,0
YGR229C,0
YGR185C,0
YMR273C,0.16666666666666666
YOR156C,0.06666666666666667
YLR353W,0
YER096W,0
YDL020C,0.946031746031746
YHR149C,0
YKR034W,1.0
YFL021W,0
YER143W,0
YAL014C,0
YOR329C,0
YPL074W,0
YBL052C,0
YNL167C,0.3333333333333333
YPL083C,1.0
YLR105C,1.0
YAR008W,1.0
YMR059W,1.0
YNL289W,0
YNL025C,0.3888888888888889
YHR071W,0
YEL020WA,0.5333333333333333
YBR156C,0.6666666666666666
YOR290C,0.6515151515151515
YJL176C,0.7454545454545455
YOR265W,0
YOR349W,0
YML054C,1.0
YGR191W,0
YIL026C,0
YDL003W,0
YER147C,0
YMR197C,0.2
YDR468C,0
YKL006CA,0
YBL047C,0
YJR042W,0.5333333333333333
YDR101C,0
YOR204W,0
YAR002W,0.10714285714285714
YNL049C,0
YPL125W,0.16666666666666666
YNL273W,0
YPL169C,0
YOL144W,0
YOL149W,0
YCL008C,0.3
YPL065W,1.0
YJL172W,1.0
YDR092W,0
YLR032W,0
YHR195W,0
YEL005C,0
YDR473C,1.0
YBR055C,0
YGR091W,0
YOL113W,0
YDR498C,1.0
YGL145W,0
YBR155W,0.3333333333333333
YHR089C,0.3333333333333333
YHR072WA,0.16666666666666666
YCL054W,0
YOR310C,0.3333333333333333
YKL148C,0.8333333333333334
YLL041C,0.8333333333333334
YKL141W,0.8333333333333334
YOR069W,0.5
YJL154C,0.8333333333333334
YOR132W,1.0
YHR012W,1.0
YJL053W,0.8333333333333334
YPR135W,0
YML069W,0
YMR038C,0
YJR104C,0
YAL038W,0
YNL307C,0
YHR056C,0
YDR303C,0
YOR361C,0.7619047619047619
YIL071C,1.0
YBR079C,0.4444444444444444
YLR394W,0.06666666666666667
YGL249W,0
YER095W,0.7
YDR004W,0.4666666666666667
YDL154W,0
YJL090C,0
YKL108W,0
YGL236C,0
YMR023C,0.7428571428571429
YGL213C,0
YIL106W,0.8461538461538461
YDL028C,0
YOR297C,1.0
YJL054W,0.8
YBR091C,0.8
YOL018C,0
YOR327C,0
YMR017W,0
YLR006C,0
YDL235C,0
YBL017C,0
YGL006W,0
YHR090C,1.0
YOR244W,1.0
YKR010C,0
YFR037C,0.8444444444444444
YHR060W,1.0
YKL119C,1.0
YLR396C,0.6666666666666666
YLR148W,0.4
YDR183W,0
YOR281C,0
YLR309C,0
YGL003C,0
YJL035C,0
YLR316C,0
YHR172W,0.6666666666666666
YNL126W,0.6666666666666666
YNL188W,0
YGL061C,0.02564102564102564
YAL013W,0
YIR004W,0
YMR012W,0
YGR120C,0.1
YGL036W,0
YER069W,0
YJL071W,0
YOL115W,1.0
YDL127W,0
YDL179W,0
YLR010C,0
YDL220C,0
YLR233C,0.3333333333333333
YDR480W,0
YDR457W,0
YCL059C,0
YJL089W,0.5238095238095238
YMR280C,0
YNL068C,0
YPL126W,0
YJL076W,0.3333333333333333
YFL028C,0.9102564102564102
YDR443C,0.4727272727272727
YAL021C,0.7619047619047619
YKR036C,0.8351648351648352
YCR093W,0.4380952380952381
YNL236W,0.8268398268398268
YOR140W,0.3333333333333333
YBL093C,0.7549407114624506
YFR021W,0
YHR103W,0
YCL063W,0
YML059C,0
YNR058W,0
YLR094C,0
YPR115W,0
YIL129C,0
YLR228C,0
YDR259C,0
YOR250C,0.6
YOR341W,0.8681318681318682
YPR072W,0.6
YGR140W,0.4
YLR175W,0
YMR168C,0.5
YBR066C,0
YGR233C,0
YCR073C,1.0
YDR073W,0.8
YDR427W,0.815114709851552
YMR314W,0.9444444444444444
YDL084W,0
YER008C,0.5357142857142857
YJR048W,0
YKR066C,0.16666666666666666
YPR154W,0.005263157894736842
YCL034W,0
YKL152C,0
YGR021W,0
YDR213W,0
YMR131C,0
YOR063W,0.9518217404396266
YAL017W,0
YAL031C,0
YAR044W,0
YGL234W,0
YGR070W,0
YIL156W,0.5
YKL105C,0
YHL002W,0.04395604395604396
YKL213C,0
YKR023W,0
YLR096W,0
YLR450W,0.16666666666666666
YNR033W,0
YJL020C,0.07352941176470588
YOR081C,0
YPR112C,0
YNL020C,0
YDL129W,0
YIR003W,0
YNL078W,0
YLR064W,0
YGL104C,0.3333333333333333
YDL146W,0
YMR253C,0.3333333333333333
YNR037C,0
YNL054W,0
YPR008W,0
YNL058C,0
YNL075W,0
YBL071C,0
YHL027W,0
YHR156C,0
YKR069W,0
YOR247W,0
YGR192C,0
YML035C,0
YOR057W,0
YER082C,0
YNL139C,0
YNL152W,0
YAR014C,0
YIL045W,0
YMR071C,0
YGR136W,0
YMR275C,0
YIL108W,0
YPL112C,0
YBR101C,0
YOL038W,0.9444444444444444
YKL150W,0
YDR369C,0.3333333333333333
YGL090W,0
YMR127C,0.8333333333333334
YDR181C,0.8333333333333334
YPR105C,1.0
YER157W,0.2222222222222222
YNL007C,0
YIL095W,1.0
YNL039W,0.6666666666666666
YNL258C,0
YFR051C,0.8
YNL288W,0
YJR134C,0
YLR262C,0.03571428571428571
YGR100W,0
YJL029C,0
YDR027C,0
YDR484W,0
YLR109W,0
YHR183W,0
YNL014W,0
YKL073W,0
YEL024W,0.7777777777777778
YGL137W,0.8181818181818182
YLL011W,0
YDR214W,0
YGL121C,0.3333333333333333
YHR033W,0
YKL056C,0
YDR155C,0
YER164W,0
YFL024C,0
YAR002CA,0
YHR174W,0
YNL006W,0
YCR012W,0
YGR292W,0
YBR299W,0
YJL138C,0
YDR097C,0
YHL024W,0
YHR047C,0
YCR057C,0
YLR176C,0
YMR234W,0
YBR169C,0
YBL032W,0
YBL051C,0
YOR210W,0.5052910052910053
YHL021C,0
YAL035W,0
YPL178W,0
YER173W,0
YHR079CA,0
YHR119W,0
YBR258C,0
YKL018W,0.04395604395604396
YLR015W,0
YBR175W,0
YDR469W,0
YDR301W,1.0
YLR115W,1.0
YLR277C,0.5
YAL043C,0.6666666666666666
YKL059C,0
YNL317W,0
YOR179C,0
YMR312W,0
YGR200C,0
YPL086C,0
YPL101W,0
YJR053W,0.3333333333333333
YDR016C,0
YKL052C,0
YKR083C,0
YCR033W,0
YOL068C,0.047619047619047616
YGL194C,0
YKR029C,0
YDR310C,1.0
YOR279C,1.0
YOL108C,0.047619047619047616
YOL067C,1.0
YOR344C,0
YLR422W,0
YNR064C,0
YER167W,0
YOR298CA,0
YCL051W,0
YGR214W,0.9649122807017544
YLR177W,0
YDL180W,0
YDR319C,0
YER188W,0
YGR018C,0
YJL057C,0
YLR417W,0
YML038C,0
YMR004W,0
YDR311W,0.6545454545454545
YNL312W,0.3333333333333333
YGR104C,0.8441558441558441
YML010W,0
YDR138W,1.0
YJL106W,0
YFR028C,0.6666666666666666
YER070W,0.6666666666666666
YHR144C,0
YDR238C,0.9777777777777777
YIL076W,0.9777777777777777
YPL010W,0.9777777777777777
YGL205W,0
YOR294W,0
YKL172W,0
YPL085W,0.75
YDR328C,0.1038961038961039
YJL204C,0
YGL149W,0
YBR280C,0
YMR258C,0
YDR202C,0.7333333333333333
YDL185W,0.8166666666666667
YBR127C,0.8166666666666667
YOR332W,0.8166666666666667
YPL255W,0
YPL091W,0
YBR072W,0
YJR021C,0
YDR266C,0
YDR520C,0
YGL068W,0
YIL122W,0
YDL225W,0
YNL166C,0.4
YGL223C,0.6666666666666666
YNL041C,1.0
YMR094W,0.6666666666666666
YOR064C,0
YBR049C,0
YHR134W,0
YBR193C,0.8268398268398268
YER012W,0.9024024024024024
YOR123C,0
YFR027W,0
YMR076C,0
YGR225W,0
YDL155W,0
YJR089W,1.0
YLR079W,1.0
YML001W,0.16666666666666666
YGL198W,0.18181818181818182
YKR014C,0.3333333333333333
YNL093W,0.3333333333333333
YGL210W,0.3333333333333333
YBR264C,0.3333333333333333
YNL304W,0.16666666666666666
YNL263C,0.15151515151515152
YOR089C,0
YGL161C,0
YGL244W,0
YKL110C,0
YHR187W,0
YIR011C,0
YDR381W,0
YKL214C,0
YOL127W,0.9515206263173743
YHL020C,0
YDR123C,0
YDR322CA,1.0
YCR092C,0.3333333333333333
YML021C,0
YCR014C,0
YOR005C,0
YLR246W,0
YOL110W,0
YGR181W,1.0
YJR135WA,1.0
YMR276W,1.0
YPL122C,0.5757575757575758
YFR022W,0
YOR018W,0
YBR037C,0
YPL177C,0
YHR005CA,0.45263157894736844
YGR082W,0.7777777777777778
YOL034W,0
YLR007W,0
YLR383W,0
YBR060C,0.7705627705627706
YPL063W,1.0
YPL011C,0.8939393939393939
YML015C,0.8939393939393939
YIL065C,0
YJL112W,0
YDR363W,0
YOL017W,0
YGR101W,0
YER017C,1.0
YMR089C,1.0
YMR239C,0
YLR378C,0.1
YIL162W,0
YBR283C,0
YER020W,0.3333333333333333
YDL035C,0
YAL056W,1.0
YNR006W,0
YPR161C,0
YHR160C,0
YGR239C,0
YIL160C,0
YMR219W,0
YBR024W,0
YDL201W,0
YDR165W,0
YDL014W,0.16666666666666666
YGR159C,0
YNL124W,1.0
YIR026C,0
YGR103W,0
YDL217C,0.8
YGR284C,0
YPL195W,0.4
YDR080W,0
YGR113W,1.0
YCL037C,0
YPR018W,1.0
YBR131W,0
YMR022W,0
YOL013C,0.6666666666666666
YML075C,1.0
YLR453C,0
YEL046C,0
YBR103W,0
YGR222W,0.7428571428571429
YER153C,0
YNR045W,0
YHR069C,0.7142857142857143
YGL001C,0
YLR100W,0
YLR259C,0
YHR015W,0
YJL026W,1.0
YCL052C,0
YOR202W,0
MEL1,0
YFL035C,0
YDR490C,0
YLR466W,0
YKL166C,1.0
YEL021W,0
YDR326C,0
YER007C,0
YCRX16C,0
YER150W,0
YCL062W,0
YIR016W,0
YJL043W,0
YJL173C,0.3333333333333333
YCL012W,0
YIL104C,0
YJR092W,0
YCR048W,0
YCLX08C,0
YCL067C,0
YDR261WA,0
YCR059C,0
YHRS03C,0
YKL002W,0
YHR055C,0
YKR092C,0
YLR160C,0
YLR265C,0
YLR373C,0
SSR1,0
YPL149W,0
YOL117W,0
YOL132W,0
YPL005W,0
YPR158WA,0
YLR337W,0.42857142857142855
YPL249C,0
YKL190W,1.0
YGL208W,1.0
YNL230C,0
YDL213C,0
YLR340W,1.0
YHR115C,0
YIR005W,0
YNL175C,0
YDR177W,0
YGR052W,0
YHR188C,0
YHR052W,0
YNL311C,0
YOR080W,0
YFR014C,0
YJL149W,0
YDR306C,0
YJR062C,0
YHR014W,0
YDR219C,0
YAL036C,0
YLR352W,0
YOR090C,0
YOL128C,0
YHR135C,1.0
YOR125C,0
YNL154C,1.0
YPR015C,0
YBR203W,0
YJL044C,0
YKL078W,0
YLR097C,0
YPL235W,0
YFL014W,0
YNL260C,0
YJR017C,0
YPL170W,0
YIR034C,0
YIL113W,0
YPL135W,0
YHR169W,0
YNL157W,0
YPR111W,0
YGL179C,0
YLR186W,0
YNL053W,0
YKL215C,0
YHR120W,0
YNL099C,0
YGR262C,0
YMR104C,0
YDL025C,0
YLR238W,0
YOL045W,0
YNL056W,0
YKL161C,0
YGL163C,1.0
YDL164C,0
YMR137C,0
YGR258C,1.0
YBR223C,0
YER041W,0
YAL015C,0
YDL059C,0
YER142C,0
YDR419W,0
YOR386W,0
YDR030C,0
YDL200C,0
YGL087C,0
YDR200C,0
YBR082C,0
YDR313C,0
YIL131C,0
YPR093C,0
YJR007W,1.0
YPR104C,0
YOL054W,0
YNL116W,0
YDR247W,0
YPL150W,0
YGL081W,0
YCR008W,0
YOL100W,0
YNL323W,0
YCR091W,0
YJL165C,0
YHR199C,0
YML029W,0
YPL179W,0
YNL161W,0
YPR054W,0
YNL182C,0
YPR137W,0
YOR230W,0
YDR316W,0
YNL035C,0
YOR272W,0
YJL098W,0
YPL003W,0
YNL128W,0
YER117W,1.0
YDR128W,0
YDR143C,0
YFR040W,0
YKL021C,0
YGL004C,0
YLR222C,0
YDR436W,0
YER066CA,0
YCL039W,0
YLR403W,0
YBR276C,0
YGR223C,0
YDR488C,0
YGL131C,0
YOR353C,0
YJL042W,0
YPL236C,0
YLR247C,0
YMR291W,0
YKL210W,0
YML057W,1.0
YDL190C,0
YLL010C,0
YGL174W,0
YOL087C,0
YOR227W,0
YKL189W,0
YPR073C,0
YMR146C,1.0
YPL139C,0
YGL100W,1.0
YDR260C,0
YBR083W,0
YDL006W,0
YMR093W,0
YGR280C,0
YFR024CA,0
YNR019W,0
YJL068C,0
YLR320W,0
YHR196W,0
YFR003C,0
YDR339C,0
YDR365C,0
YFR016C,0
YLR427W,0
YBR094W,0
YHR105W,0
YBL088C,0
YFL034W,0
YBL049W,0
RRP13,0
YCR001W,0
YOR174W,1.0
YOL126C,0
YGL158W,0
YBL021C,1.0
YLR019W,0
YLR248W,0
YGL237C,1.0
YPL259C,1.0
YDR076W,1.0
YNR010W,1.0
YGR054W,0
YDR523C,0
YDR482C,0
YOR276W,1.0
YBL036C,0
YGL220W,0
YJR110W,0
YML115C,0
YLR291C,1.0
YGR083C,1.0
YIL142W,1.0
YMR116C,1.0
YOL062C,1.0
YDR398W,0
YMR246W,0
YPL131W,1.0
YDR324C,0
YPL203W,1.0
YER123W,1.0
YDL143W,1.0
YDR188W,1.0
YJL014W,1.0
YJL111W,1.0
YJL006C,1.0
YKL139W,1.0
YIL068C,1.0
YLR166C,1.0
YKL182W,0
YPL231W,0
YEL003W,1.0
YGR078C,1.0
YML094W,1.0
YDL090C,0
YKL019W,0
YGL155W,0
YJL031C,1.0
YCR034W,1.0
YGR143W,0
YAL044C,1.0
YDR019C,1.0
YFL018C,0.42857142857142855
YMR189W,1.0
YEL017CA,1.0
YGL008C,1.0
YPL036W,1.0
YDL184WB,1.0
YEL027W,1.0
YHR026W,1.0
YKL080W,1.0
YLR447C,1.0
YMR054W,1.0
YPL234C,1.0
YPR036W,1.0
YEL056W,0
YPL001W,0
YOL148C,1.0
YBR081C,1.0
YLR055C,1.0
YMR263W,1.0
YNL037C,0
YOR136W,0
YLR170C,1.0
YPR029C,1.0
YJR058C,1.0
YBR288C,1.0
YJL024C,1.0
YDL195W,1.0
YLR208W,0.4696969696969697
YML012W,1.0
YBR254C,1.0
YDR108W,1.0
YDR246W,1.0
YDR407C,1.0
YDR472W,1.0
YGR166W,1.0
YKR068C,1.0
YML077W,1.0
YMR218C,1.0
YOR115C,1.0
YKL041W,1.0
YMR231W,1.0
YPL045W,1.0
YIL062C,1.0
YLR370C,1.0
YGR238C,0
YBR115C,0
YGL154C,0
YHR117W,1.0
YMR060C,1.0
YNL121C,1.0
YOR045W,1.0
YPR133WA,1.0
YAL009W,0
YHR004C,0
YCL009C,0
YMR108W,0
YGR072W,1.0
YBL002W,1.0
YBL003C,1.0
YNL030W,1.0
YNL031C,1.0
YFL022C,1.0
YLR060W,1.0
YPR047W,1.0
YGR240C,0
YMR150C,0
YHR024C,0
YLR163C,0
YDL007W,1.0
YDR069C,1.0
YER021W,1.0
YER094C,1.0
YFR052W,1.0
YGL011C,1.0
YGR232W,1.0
YGR270W,1.0
YHR200W,1.0
YOR261C,1.0
YDL040C,0
YHR013C,0
YOR347C,0
YBR221C,1.0
YER178W,1.0
YGR193C,1.0
YNL071W,1.0
YGL032C,0
YNR044W,0
YCR052W,1.0
YIL126W,1.0
YKR008W,1.0
YMR033W,0.5367647058823529
YPR034W,0.5367647058823529
YHR118C,0.8476190476190476
YNL261W,0.8476190476190476
YPR162C,0.8476190476190476
YLR103C,0.9649122807017544
YLR274W,0.9649122807017544
YBR278W,1.0
YDL102W,1.0
YJR006W,1.0
YPR175W,1.0
YPL167C,0
YAR007C,1.0
YER176W,0
YBL035C,1.0
YIL009CA,1.0
YLR318W,1.0
YDR178W,1.0
YBL045C,1.0
YDR529C,1.0
YFR033C,1.0
YGR183C,1.0
YHR001WA,1.0
YJL166W,1.0
YOR065W,1.0
YPR191W,1.0
YDL067C,1.0
YGL191W,1.0
YHR051W,1.0
YLR038C,1.0
YLR395C,1.0
YMR256C,1.0
YNL052W,1.0
YBR039W,1.0
YDL004W,1.0
YDR298C,1.0
YDR377W,1.0
YKL016C,1.0
YML081CA,1.0
YOL077WA,1.0
YPL078C,1.0
YPL271W,1.0
YPR020W,1.0
YGR180C,1.0
YCR035C,1.0
YDL111C,1.0
YDR280W,1.0
YGR095C,1.0
YGR195W,1.0
YAL033W,1.0
YBL018C,1.0
YBR167C,1.0
YBR257W,1.0
YGR030C,1.0
YHR062C,1.0
YNL221C,1.0
YNL282W,1.0
YIR015W,1.0
YPR101W,1.0
YBR120C,1.0
YDL044C,1.0
YDR194C,1.0
YIR021W,1.0
YJL133W,1.0
YKR052C,1.0
YLR382C,1.0
YOR334W,1.0
YPL029W,1.0
YPR134W,1.0
YDR054C,0.7
YDR028C,1.0
YKL193C,1.0
YER027C,1.0
YGL115W,1.0
YLR212C,1.0
YGR244C,0
YOR142W,0
YDR074W,1.0
YML100W,1.0
YMR261C,1.0
YEL034W,0
YJR047C,0
YGR162W,0.5
YOL139C,1.0
YPL237W,1.0
YDR211W,1.0
YDR429C,1.0
YMR309C,1.0
YNL062C,1.0
YKR059W,0
YAL003W,1.0
YKL081W,1.0
YPL048W,1.0
YPR080W,1.0
YOR133W,0
YBL027W,1.0
YBL092W,1.0
YBR031W,1.0
YBR084CA,1.0
YBR191W,1.0
YDL081C,1.0
YDL082W,1.0
YDL130W,1.0
YDL133CA,1.0
YDL136W,1.0
YDL184C,1.0
YDL191W,1.0
YDR012W,1.0
YDR418W,1.0
YDR471W,1.0
YDR500C,1.0
YER056CA,1.0
YFL034CA,1.0
YFR031CA,1.0
YFR032CA,1.0
YGL030W,1.0
YGL031C,1.0
YGL076C,1.0
YGL103W,1.0
YGL147C,1.0
YGR085C,1.0
YGR148C,1.0
YHL001W,1.0
YHL033C,1.0
YHR010W,1.0
YHR141C,1.0
YIL018W,1.0
YIL052C,1.0
YIL133C,1.0
YIL148W,1.0
YJL177W,1.0
YJL189W,1.0
YJR094WA,1.0
YKL006W,1.0
YKL180W,1.0
YKR094C,1.0
YLL045C,1.0
YLR029C,1.0
YLR061W,1.0
YLR185W,1.0
YLR325C,1.0
YLR344W,1.0
YLR406C,1.0
YLR448W,1.0
YML073C,1.0
YMR121C,1.0
YMR194W,1.0
YMR242C,1.0
YNL067W,1.0
YNL069C,1.0
YNL162W,1.0
YNL301C,1.0
YOL039W,1.0
YOL120C,1.0
YOR234C,1.0
YOR312C,1.0
YPL079W,1.0
YPL143W,1.0
YPL198W,1.0
YPL220W,1.0
YPR043W,1.0
YBR181C,1.0
YBR189W,1.0
YCR031C,1.0
YDL061C,1.0
YDL083C,1.0
YDR025W,1.0
YDR064W,1.0
YDR447C,1.0
YDR450W,1.0
YER074W,1.0
YER102W,1.0
YGL123W,1.0
YGL189C,1.0
YGR027C,1.0
YHL015W,1.0
YHR021C,1.0
YIL069C,1.0
YJL136C,1.0
YJL190C,1.0
YJL191W,1.0
YJR123W,1.0
YJR145C,1.0
YKL156W,1.0
YKR057W,1.0
YLR048W,1.0
YLR167W,1.0
YLR287CA,1.0
YLR333C,1.0
YLR367W,1.0
YLR388W,1.0
YLR441C,1.0
YML024W,1.0
YML026C,1.0
YML063W,1.0
YMR143W,1.0
YMR230W,1.0
YNL096C,1.0
YNL178W,1.0
YNL302C,1.0
YOL040C,1.0
YOL121C,1.0
YOR167C,1.0
YOR182C,1.0
YOR293W,1.0
YOR369C,1.0
YPL081W,1.0
YPR132W,1.0
YGL023C,0
YBL038W,1.0
YBR122C,1.0
YBR268W,1.0
YBR282W,1.0
YCR003W,1.0
YDL202W,1.0
YDR237W,1.0
YDR322W,1.0
YDR405W,1.0
YDR462W,1.0
YGR076C,1.0
YGR220C,1.0
YHR147C,1.0
YJL063C,1.0
YJL096W,1.0
YKL138C,1.0
YKL167C,1.0
YKL170W,1.0
YKR006C,1.0
YKR085C,1.0
YLR312WA,1.0
YLR439W,1.0
YMR024W,1.0
YMR193W,1.0
YMR225C,1.0
YMR286W,1.0
YNL005C,1.0
YNL185C,1.0
YNL252C,1.0
YNL284C,1.0
YOR150W,1.0
YPL173W,1.0
YBR146W,1.0
YDL045WA,1.0
YDR337W,1.0
YDR347W,1.0
YFR049W,1.0
YGR084C,1.0
YHL004W,1.0
YHR075C,1.0
YKL003C,1.0
YNL306W,1.0
YPR166C,1.0
YDR156W,1.0
YHR143WA,0.5441595441595442
YJL148W,1.0
YJR063W,1.0
YNL248C,1.0
YOR224C,0.5441595441595442
YOR340C,1.0
YPR110C,0.7543859649122807
YLR005W,0.9722222222222222
YPR056W,1.0
YKL144C,1.0
YNL151C,1.0
YPR190C,1.0
YAL001C,1.0
YOR110W,1.0
YKL109W,1.0
YNL082W,1.0
YAL051W,0
YDL160C,1.0
YJR122W,1.0
YMR053C,1.0
YPL038W,1.0
YDR253C,1.0
YDR397C,0
YER159C,0
YHR193C,0
YPL037C,0
YHL025W,1.0
YER001W,0
YDR009W,1.0
YBL014C,1.0
YML043C,1.0
YLR141W,1.0
YDR404C,1.0
YOL005C,1.0
YDL005C,1.0
YGL025C,1.0
YGL151W,1.0
YHR058C,1.0
YLR071C,1.0
YMR112C,1.0
YPR168W,1.0
YCR042C,1.0
YML098W,1.0
YMR227C,1.0
YDR086C,1.0
YER087CA,1.0
YBR171W,1.0
YLR292C,1.0
YPL094C,1.0
YDL232W,1.0
YGL226CA,1.0
YML019W,1.0
YOR085W,1.0
YOR103C,1.0
YIR022W,1.0
YML055W,1.0
YDL092W,1.0
YKL122C,1.0
YML105C,1.0
YPL210C,1.0
YPL243W,1.0
YKL154W,0
YDL008W,1.0
YDR118W,1.0
YFR036W,1.0
YGL240W,1.0
YLR102C,1.0
YOR249C,1.0
YER090W,0
YKL211C,0
YOR303W,0
