Q0045,0
YGL187C,0
Q0085,0
YPL078C,0
Q0250,0
YER154W,0
Q0275,0
YAL001C,0.16666666666666666
YDR362C,0
YER148W,0.15384615384615385
YGR246C,0.1
YAL002W,0.28888888888888886
YOR089C,0.16176470588235295
YAL003W,0
YBR118W,0
YKL081W,0
YPR080W,0
YAL004W,0
YML109W,0.09473684210526316
YAL005C,0.10714285714285714
YAL040C,0.12418300653594772
YER151C,0.09523809523809523
YJL061W,0.1111111111111111
YLR310C,0.06060606060606061
YNL064C,0.09090909090909091
YNL189W,0.003544061302681992
YPL240C,0.13333333333333333
YAL009W,0.2
YDL116W,0.0036231884057971015
YGL100W,0
YHR004C,0.14285714285714285
YKL057C,0.03571428571428571
YML103C,0.16666666666666666
YAL011W,0.2222222222222222
YDL181W,0
YHR158C,0.051470588235294115
YIR018W,0
YOR127W,0.16666666666666666
YOR269W,0.21937321937321938
YAL013W,0.03460764587525151
YBL008W,0.13333333333333333
YBL027W,0
YBR103W,0.12121212121212122
YBR171W,0.26373626373626374
YCR033W,0.2
YDL002C,0.19047619047619047
YDL074C,0.1368421052631579
YDL080C,0
YDR146C,0.03571428571428571
YDR181C,0
YDR334W,0.2692307692307692
YDR363W-A,0.09090909090909091
YDR392W,0.45789473684210524
YDR485C,0.24242424242424243
YER016W,0.11824668705402651
YER111C,0.2943722943722944
YER139C,0.6666666666666666
YFR010W,0.14285714285714285
YGL127C,0.009737098344693282
YGL133W,1.0
YGL149W,0
YGL161C,0.15151515151515152
YGL167C,0.21428571428571427
YGL194C,0.26666666666666666
YGL244W,0.22857142857142856
YGR105W,0.25
YGR181W,0
YGR182C,0.06666666666666667
YGR200C,0.38095238095238093
YGR270W,0.5714285714285714
YHR041C,0.021739130434782608
YHR060W,0.07692307692307693
YHR178W,0.04329004329004329
YHR200W,0.16666666666666666
YJL115W,0.2777777777777778
YJR073C,0.21818181818181817
YJR140C,0.19047619047619047
YKL118W,0.2222222222222222
YKR029C,0.3333333333333333
YLR055C,0.5359477124183006
YLR085C,0.10621468926553672
YLR087C,0.15384615384615385
YLR111W,0.5111111111111111
YLR268W,0.09359605911330049
YLR384C,0.26666666666666666
YLR418C,0.020147420147420148
YML041C,0.17647058823529413
YML047C,0
YMR060C,0.05454545454545454
YMR312W,0.358974358974359
YNL140C,0.2857142857142857
YNL215W,0.23809523809523808
YNL298W,0.09523809523809523
YOL012C,0.3253968253968254
YOR123C,0.13186813186813187
YOR213C,0
YOR304W,0
YPL055C,0.19230769230769232
YPL086C,0.19047619047619047
YPL101W,0.2
YPL102C,0.1
YPL144W,0
YPL174C,0.14612244897959184
YPR023C,0.6666666666666666
YAL014C,0.16666666666666666
YAL030W,0.19047619047619047
YMR197C,0.25
YOR036W,0.06666666666666667
YAL016W,0.16666666666666666
YCR066W,0.047619047619047616
YDL134C,0.13333333333333333
YNL127W,0.1
YOR014W,0.05454545454545454
YAL020C,0
YML085C,0.2833333333333333
YAL021C,0.08333333333333333
YDL160C,0.08571428571428572
YGL178W,0.08333333333333333
YGR092W,0.09166666666666666
YGR116W,0.25
YJL127C,0
YJR060W,0.09166666666666666
YLR150W,0
YML032C,0.23809523809523808
YNR052C,0.16666666666666666
YAL023C,0.3333333333333333
YDL095W,0.6666666666666666
YJR143C,0.5
YOR321W,0.5
YAL024C,0.10526315789473684
YAR019C,0.16666666666666666
YBR140C,0
YGR152C,0.2777777777777778
YHR152W,0.021052631578947368
YIL106W,0.09090909090909091
YIR009W,0
YML064C,0.007177033492822967
YNL098C,0.06593406593406594
YOR101W,0.2857142857142857
YAL025C,0.3333333333333333
YJR044C,0
YAL026C,0.1111111111111111
YPL048W,0
YPL146C,0
YAL028W,0
YLR233C,0
YAL029C,0
YFL039C,0.054187192118226604
YBL050W,0.15151515151515152
YDR164C,0
YDR468C,0.2222222222222222
YGR009C,0.0641025641025641
YOR327C,0.08888888888888889
YPL232W,0.16666666666666666
YAL032C,0.09523809523809523
YDR416W,0
YLR345W,0.047619047619047616
YLR423C,0.013608428446005268
YPL151C,0.16666666666666666
YAL033W,0
YJR115W,0
YAL034W-A,0
YGL172W,0.1388888888888889
YGR120C,0.075
YKL103C,0.06666666666666667
YAL035W,0
YDL220C,0.16666666666666666
YLR241W,0
YAL036C,0.1
YDL065C,0.04395604395604396
YDR152W,0
YNR022C,0
YAL038W,0
YNL307C,0.1111111111111111
YOR347C,0
YBL016W,0.0989010989010989
YBR160W,0.04187192118226601
YDL047W,0.19696969696969696
YDL132W,0.19047619047619047
YER167W,0
YFR040W,0.5
YJL013C,0.48484848484848486
YJL098W,0.8
YJL157C,0.17857142857142858
YKL092C,0.3333333333333333
YKR028W,0.42857142857142855
YLL024C,0
YLR079W,0.24358974358974358
YMR199W,0.2777777777777778
YOL145C,0
YPL256C,0.3111111111111111
YAL041W,0.09523809523809523
YBR200W,0.15151515151515152
YDR264C,0.14545454545454545
YER155C,0.21587301587301588
YGL233W,0.32142857142857145
YGR221C,0
YHL007C,0.3111111111111111
YIL079C,0
YJL187C,0.10909090909090909
YKL080W,0
YLR206W,0
YLR229C,0.06976744186046512
YOR188W,0.7
YOR212W,0.14102564102564102
YPL161C,0.1010752688172043
YAL042W,0
YDL239C,0.017204301075268817
YML067C,0
YAL043C,0.4166666666666667
YDR301W,0.9047619047619048
YJR093C,0.4888888888888889
YKR002W,0.2948717948717949
YLR115W,1.0
YLR277C,0.4222222222222222
YPR107C,0.6785714285714286
YAL047C,0.03636363636363636
YGL212W,0.0196078431372549
YHR172W,0.2
YIL061C,0
YJL113W,0.6666666666666666
YJL114W,0.3333333333333333
YLR045C,0.2
YLR429W,0
YNL126W,0.26666666666666666
YAL049C,0
YNL094W,0.08088235294117647
YAL051W,0
YOR363C,0
YAL054C,0
YLR153C,0
YAL058W,0.03571428571428571
YGL084C,0.16666666666666666
YKL194C,0
YKL197C,0
YNL171C,0.08571428571428572
YNR036C,0
YAL064W,0
YKR011C,0
YAL067C,0
YGR055W,0
YAR003W,0.14285714285714285
YBR175W,0.06666666666666667
YDR140W,0
YAR007C,0.3
YJL173C,0.3
YNL312W,1.0
YPL022W,0
YAR008W,0.3
YBL051C,0.15555555555555556
YLR105C,0.2
YMR059W,1.0
YPL083C,0.5
YAR014C,0.02564102564102564
YDR195W,0.3333333333333333
YER054C,0
YER133W,0.03333333333333333
YER158C,0
YIL045W,0.06666666666666667
YMR071C,0
YNL333W,0.25
YAR018C,0
YBL106C,0.0641025641025641
YFR028C,0
YGL116W,0.16666666666666666
YMR001C,0.047619047619047616
YPR111W,0.26666666666666666
YAR027W,0
YAR030C,0
YBR135W,0.1111111111111111
YAR031W,0
YBR217W,0.09090909090909091
YCR030C,0
YAR033W,0
YGL051W,0
YAR035W,0
YGR069W,0
YAR066W,0
YDR074W,0.10714285714285714
YBL001C,0.1
YDR510W,0.021645021645021644
YER067W,0
YBL002W,0
YCL066W,0
YCR040W,0
YBL006C,0
YDR489W,0
YBL007C,0.13630229419703105
YBR205W,0.027777777777777776
YCR088W,0.25757575757575757
YDR388W,0.12832550860719874
YGL104C,0
YGR268C,0.045454545454545456
YHR016C,0.11428571428571428
YIR006C,0
YJL004C,0.23809523809523808
YJL151C,0.1
YKR030W,0.10714285714285714
YLR064W,0.16666666666666666
YLR078C,0.05555555555555555
YMR253C,0
YNL138W,0.25
YNL152W,0
YOR181W,0.12121212121212122
YOR284W,0.12087912087912088
YPL246C,0.19047619047619047
YPR171W,0.16666666666666666
YGR063C,0
YOR038C,0.16666666666666666
YBL010C,0
YKR022C,0
YBL014C,0.16666666666666666
YJL025W,1.0
YML043C,0.3333333333333333
YDL159W,0.38095238095238093
YDR103W,0.15151515151515152
YDR469W,0.06666666666666667
YDR480W,0.26666666666666666
YHR168W,0
YIL169C,0
YLR313C,0.26666666666666666
YLR362W,0.1
YPL049C,0.14285714285714285
YBL018C,0
YBL019W,0
YEL009C,0
YBL021C,0.5
YGL237C,0.15555555555555556
YKL109W,1.0
YOR358W,0.18181818181818182
YBL022C,0
YDR086C,0
YBL023C,0.1
YDL017W,0.03502824858757062
YDR052C,0.09388335704125178
YIL150C,0
YLR103C,0.048539518900343644
YOR196C,0
YBL024W,0.6666666666666666
YGR237C,0
YBL025W,0
YDL113C,0
YIL141W,0
YJR087W,0
YMR270C,0
YBL026W,0.0641025641025641
YBL066C,0.1
YCR020C-A,0.26666666666666666
YCR077C,0.0953058321479374
YDL175C,0.5
YDR166C,0.3333333333333333
YDR378C,0.233201581027668
YDR440W,0.13333333333333333
YEL015W,0.11428571428571428
YER025W,0.3333333333333333
YER112W,0.0945945945945946
YER146W,0.12121212121212122
YGL173C,0.21512605042016808
YGL185C,0
YGR077C,0
YGR158C,0.13333333333333333
YIL048W,1.0
YIL066C,0
YIL132C,0.03571428571428571
YJL124C,0.05410628019323672
YJR022W,0.04751131221719457
YLR039C,0.016396911033534328
YLR120C,0
YLR126C,0
YLR128W,0
YLR275W,0.6
YLR438C-A,0.23333333333333334
YMR066W,0
YMR207C,0
YMR237W,0
YMR268C,0.6666666666666666
YNL118C,0.03361344537815126
YNL147W,0.47619047619047616
YNL264C,0
YNL287W,0.06666666666666667
YOL102C,0
YOL149W,0.2572463768115942
YOL163W,0
YOR017W,0
YOR043W,0
YOR191W,0
YPL042C,0.3333333333333333
YPL115C,0.3611111111111111
YPL119C,0
YPL249C,0
YPR032W,0.06666666666666667
YPR184W,0.16666666666666666
YBR084C-A,0
YBL032W,0
YFR012W,0
YBL033C,0
YNL105W,0
YPR172W,0
YBL034C,0.16666666666666666
YDR330W,0
YFL037W,0.22795698924731184
YBL038W,0
YGR033C,0
YBL039C,0
YJR103W,0
YBL040C,0
YCR067C,0
YDR077W,0
YBL042C,0
YBR021W,0
YER021W,0
YBL043W,0
YDR099W,0.047619047619047616
YBL044W,0
YJL159W,0
YBL045C,0.16666666666666666
YLR090W,0.16666666666666666
YPR191W,0
YBL049W,0.3333333333333333
YGR172C,0.0784313725490196
YIL034C,0.11182795698924732
YBR080C,1.0
YHL031C,0.25757575757575757
YKR068C,0.2573099415204678
YLR093C,1.0
YOL018C,0.09558823529411764
YOR106W,0.1111111111111111
YIL151C,0
YKR096W,0
YPL153C,0
YBL053W,0
YEL069C,0
YPR165W,0.054945054945054944
YBL056W,0
YDR071C,0
YOR020C,0.05555555555555555
YBL059W,0
YCR099C,0
YBL061C,0.12669683257918551
YBL047C,0.5277777777777778
YBL067C,0
YBL069W,0
YBL072C,0.1
YBR023C,0.09585037989479836
YDR129C,0.2134387351778656
YDR207C,0.01904761904761905
YDR245W,0.3142857142857143
YDR377W,0
YEL031W,0.3238095238095238
YFL036W,0
YFR019W,0.43790849673202614
YGR229C,0.08734567901234568
YHR030C,0.09813664596273292
YHR107C,0.14285714285714285
YIL007C,0
YJL095W,0.15897435897435896
YJL148W,0.05454545454545454
YJR118C,0.4909090909090909
YKL079W,0.2046783625730994
YKL126W,0
YKL176C,0
YLL043W,0.21212121212121213
YLR110C,0.35714285714285715
YLR337C,0.31601731601731603
YLR338W,0.1388888888888889
YLR342W,0.03363303363303363
YLR370C,0.1388888888888889
YLR425W,0.26666666666666666
YML115C,0.11029411764705882
YMR089C,0.09523809523809523
YNL079C,0.2087912087912088
YNL233W,0.19373219373219372
YNL271C,0.06613924050632912
YNR051C,0.17647058823529413
YOR035C,0.25757575757575757
YPL193W,0
YBL063W,0.3333333333333333
YPR141C,0.12105565117613311
YGR117C,0
YML091C,0
YJL203W,0.041666666666666664
YBL068W,0
YOL061W,0
YGL008C,0
YBL071C,0
YNL261W,0.3333333333333333
YBL075C,0
YBL078C,0.16666666666666666
YHR171W,0.2
YNL223W,0.3333333333333333
YNR007C,0.3
YOL083W,0
YBL079W,0.3333333333333333
YER105C,0.05555555555555555
YLR335W,0.09523809523809523
YOR098C,0.06060606060606061
YBL082C,0
YEL002C,0.5
YBL084C,1.0
YDL008W,0.8363636363636363
YDR118W,0.9777777777777777
YFR036W,0.3137254901960784
YGL240W,0.5164835164835165
YHR166C,0.35294117647058826
YKL022C,0.8
YLR127C,0.5641025641025641
YNL172W,0.9777777777777777
YOR249C,0.7121212121212122
YBL085W,0.14285714285714285
YDR085C,0
YER114C,0.16993464052287582
YER124C,0.14285714285714285
YIL118W,0.08974358974358974
YJR056C,0.16666666666666666
YKR055W,0.16666666666666666
YMR032W,0.03684210526315789
YNL078W,0
YBL086C,0
YJR040W,0
YBL088C,0
YBR136W,0
YBL089W,0
YLR325C,0
YOR082C,0
YBL091C,0
YLR244C,0
YBL093C,0.1
YDR477W,0.03162055335968379
YBL099W,0
YDR322C-A,0
YBL100W-A,0
YJL162C,0
YNL229C,0
YBL101C,0.13333333333333333
YBL102W,0
YFL058W,0
YGR068C,0
YLR026C,0.15555555555555556
YBL103C,0
YOL067C,0.3333333333333333
YBL105C,0.04734848484848485
YBR045C,0.14285714285714285
YDL006W,0.26666666666666666
YDL055C,0.1
YDR017C,0
YDR436W,0
YER165W,0.058333333333333334
YGR238C,0.5
YHR206W,0
YJR075W,0.07993966817496229
YKL203C,0.14545454545454545
YLR305C,0.06666666666666667
YML016C,0.06666666666666667
YMR307W,0.06359189378057302
YOR008C,0.2857142857142857
YOR231W,0.09523809523809523
YPL084W,0.2
YPR159W,0.0106951871657754
YHR023W,0.13333333333333333
YHR161C,0.047619047619047616
YIL033C,0.14285714285714285
YOR197W,0.03571428571428571
YOR326W,0.05819209039548023
YBL107C,0
YML116W,0
YBR003W,0
YBR004C,0
YLR082C,0.14285714285714285
YBR006W,0
YKL023W,0
YBR009C,0.3333333333333333
YBR010W,0.6666666666666666
YNL031C,0.6666666666666666
YNL030W,0.6666666666666666
YBR013C,0
YGR292W,0
YBR015C,0.9
YBR017C,0.06666666666666667
YDR192C,0.05555555555555555
YGL092W,0
YGL122C,0.03571428571428571
YGR119C,0.05627705627705628
YKL068W,0.12727272727272726
YMR047C,0.0020274299344066786
YNR069C,0
YOL123W,0.2
YBR019C,0
YOL150C,0
YBR020W,0
YML051W,0
YEL021W,0
YOR128C,0
YBR057C,0.03636363636363636
YBR077C,0
YDL032W,0
YDL033C,0.2222222222222222
YDL223C,0.3333333333333333
YEL044W,0
YGL200C,0.07692307692307693
YGR135W,0.16666666666666666
YKL041W,0
YKR020W,0.2692307692307692
YLL039C,0
YMR116C,0.5
YOR312C,0.16666666666666666
YPL069C,0.06666666666666667
YBR024W,0.3333333333333333
YBR037C,0.3333333333333333
YLL009C,0.3333333333333333
YBR025C,0
YNL207W,0
YBR033W,0
YNL228W,0
YBR034C,0
YDR432W,0
YBR036C,0.04411764705882353
YBR265W,0
YDL015C,0
YDR062W,0
YDR208W,0
YDR270W,0
YDR297W,0
YER093C,0.26666666666666666
YMR272C,0.2857142857142857
YMR296C,0
YNL330C,0.1
YOL004W,0.02564102564102564
YPL057C,0.06666666666666667
YPL231W,0
YBR039W,0
YPR024W,0.1
YBR040W,0
YCL040W,0
YBR043C,0
YGR074W,0.022222222222222223
YJL155C,0
YBR044C,0
YKL141W,0
YKL148C,0
YLL041C,0
YLR263W,0.13333333333333333
YOR178C,0.2
YOR329C,0.1
YBR046C,0
YBR048W,0
YDR025W,0
YDR450W,0
YBR050C,0.6666666666666666
YDR028C,0.07692307692307693
YBR052C,0
YDR032C,0
YBR054W,0
YDR190C,0
YBR055C,0
YDL064W,0
YPR082C,0
YCL055W,0.1
YDR206W,0
YGL192W,1.0
YIL144W,0.05533596837944664
YBR058C,0
YOL059W,0
YOL064C,0
YOL113W,0
YOL132W,0
YOL156W,0
YBR059C,0
YER144C,0
YBR060C,0.1
YPR019W,1.0
YBR061C,0
YBR300C,0
YDR383C,0.027777777777777776
YDR461W,0
YER028C,0
YGR195W,0.2857142857142857
YGR201C,0
YGR219W,0
YGR235C,0
YGR277C,0
YHL011C,0.1
YHR008C,0
YHR022C,0
YHR026W,0
YHR058C,0.06666666666666667
YHR059W,0
YJL097W,0.3333333333333333
YJL140W,0
YJL166W,0
YBR064W,0
YOR317W,0
YBR066C,0
YBR067C,0
YNL237W,0
YPR138C,0
YBR068C,0
YJL129C,0
YKL106W,0
YKR050W,0
YOR133W,0
YBR069C,0
YOL109W,0
YBR073W,0
YER179W,0
YBR074W,0
YMR083W,0
YKR007W,0.16666666666666666
YMR004W,0.19047619047619047
YOR045W,0.1
YBR079C,0.3333333333333333
YMR309C,0.19047619047619047
YNL243W,0.19230769230769232
YOR361C,0.23809523809523808
YBR081C,0.6397058823529411
YBR198C,0.6583333333333333
YDR145W,0.8571428571428571
YDR167W,0.14453781512605043
YDR176W,0.3201581027667984
YDR448W,0.3952380952380952
YGL112C,0.5098039215686274
YGR252W,0.38961038961038963
YHR099W,0.7428571428571429
YMR236W,0.41578947368421054
YNL236W,0.07368421052631578
YOL051W,0.5333333333333333
YOL148C,0.3952569169960474
YOR290C,0.3055555555555556
YPL254W,0.8681318681318682
YBR082C,0.09523809523809523
YDR059C,0.6666666666666666
YDR177W,1.0
YMR022W,0.1
YBR083W,0
YKL043W,0
YBR085W,1.0
YDL143W,0.3333333333333333
YBR087W,0.1
YBR088C,0
YDR328C,0.07368421052631578
YER173W,0.27485380116959063
YJR068W,0.3
YLR390W,0
YJR043C,0.22402159244264508
YOR217W,0.3333333333333333
YBR090C,0
YBR091C,0.19047619047619047
YDL217C,0.26666666666666666
YEL020W-A,1.0
YHR005C-A,0.4
YOR297C,0.26666666666666666
YOR334W,0
YBR093C,0
YKR106W,0
YML077W,0.3088235294117647
YBR094W,0.06324110671936758
YBR194W,0
YCR086W,0.07586206896551724
YDL162C,0
YDR363W,0.054078014184397165
YER019W,0.2222222222222222
YER041W,0
YLR234W,0.31620553359683795
YLR373C,0.013289036544850499
YML028W,0.2
YMR038C,0.32051282051282054
YMR190C,0.20075757575757575
YNL153C,0.11215502055196712
YNL297C,0.19047619047619047
YOR001W,0
YOR144C,0.22638146167557932
YPL024W,0.2967032967032967
YBR097W,0
YBR288C,0.03333333333333333
YLR240W,0.3333333333333333
YBR098W,0.34285714285714286
YDR369C,0.4666666666666667
YKL113C,0.14361702127659576
YLR235C,0.27450980392156865
YBR101C,0
YBR014C,0
YHL021C,0
YJL117W,0
YKL171W,0
YLL062C,0
YLR074C,0
YLR194C,0
YMR092C,0.1
YMR173W,0
YOL011W,0
YPL136W,0
YBR102C,0.3333333333333333
YLR166C,0.16666666666666666
YDR227W,0.06666666666666667
YGL023C,0.3333333333333333
YGL236C,0.047619047619047616
YIL112W,0.16666666666666666
YJR141W,0
YMR061W,0.25
YOR319W,0.047619047619047616
YBR107C,0.7032967032967034
YPL018W,0.4505928853754941
YBR108W,0.47619047619047616
YCR009C,0.14536340852130325
YGR136W,0.047619047619047616
YBR109C,0.022222222222222223
YCR065W,0.15555555555555556
YDR356W,0.16666666666666666
YFR014C,0
YGL043W,0
YLR433C,0
YML057W,0
YMR109W,0.25
YOL016C,0
YBR110W,0
YBR112C,0.047619047619047616
YCR084C,0
YDL194W,0
YDR043C,1.0
YMR240C,0
YOR140W,0.03571428571428571
YBR113W,0
YDL043C,0.03162055335968379
YBR114W,0.1
YJR052W,0
YLR147C,0.008333333333333333
YBR117C,0
YLR249W,0
YBR119W,0
YDR110W,0
YLR223C,0
YLR449W,0
YNL227C,0
YBR123C,0
YGR047C,0
YOR110W,0
YBR125C,0
YBR126C,0.14285714285714285
YDL022W,0
YGL035C,0
YGL253W,0.47619047619047616
YML100W,1.0
YMR261C,1.0
YBR127C,0
YBR128C,0
YPL120W,0.2
YBR130C,0
YBR131W,0.3333333333333333
YML001W,0.13333333333333333
YBR133C,0.06666666666666667
YDL154W,0
YER087W,0
YKL101W,0.25
YPL016W,0.1282051282051282
YBR134W,0
YBR252W,0
YDL155W,0.20512820512820512
YDR078C,0.1
YGR108W,0.16666666666666666
YLR210W,0.275
YPR119W,0.09956709956709957
YDR499W,0.3333333333333333
YGR180C,0
YBR138C,0
YIL046W,0.06060606060606061
YBR139W,0
YOR381W,0
YBR195C,0.047619047619047616
YBR141C,0
YDR372C,0.06666666666666667
YGL091C,0
YBR143C,0.16666666666666666
YDR172W,0.1
YMR080C,0.044444444444444446
YBR146W,0
YIL070C,0
YBR149W,0
YDL211C,0
YNL128W,0
YBR152W,0
YGR075C,0
YBR154C,0
YFL023W,0
YOR116C,0
YBR155W,0.06666666666666667
YDR463W,0
YJR032W,0.24358974358974358
YMR186W,0.1111111111111111
YBR156C,0
YPL209C,0.3333333333333333
YBR158W,0
YDR111C,0
YDL020C,0.16483516483516483
YDR168W,0
YFL029C,0.1
YFR052W,0.14285714285714285
YGL073W,0
YGR109C,0
YGR274C,0.4
YJL194W,0.26666666666666666
YKL048C,0.3202614379084967
YKL145W,0
YMR273C,0.2857142857142857
YOR142W,0
YPR120C,0.23809523809523808
YBR162C,0
YBL095W,0
YBR192W,0
YGR249W,0
YNL217W,0
YOL028C,0
YPR155C,0
YBR162W-A,0
YIL027C,0
YML108W,0
YBR164C,0.08325624421831637
YCR044C,0.14102564102564102
YDL077C,0.2857142857142857
YDL100C,0.005291005291005291
YDL192W,0.07272727272727272
YDR027C,0.1
YDR108W,0.35
YDR136C,0.14285714285714285
YDR137W,0.14285714285714285
YDR162C,0.08412698412698413
YDR202C,0.6666666666666666
YDR203W,0.09523809523809523
YER083C,0.08791208791208792
YER122C,0.25
YGL005C,0.42857142857142855
YHR012W,0.2857142857142857
YJL154C,0.25274725274725274
YJR033C,0.3333333333333333
YKL119C,0.3333333333333333
YKR001C,0.4
YLR242C,0.1
YLR261C,0.10714285714285714
YLR262C,0.016341212744090443
YLR447C,0.004207573632538569
YML071C,0.4642857142857143
YMR054W,0.2
YMR123W,0.13333333333333333
YNL041C,0.13333333333333333
YNL043C,0
YNL044W,0.07272727272727272
YNL051W,0.5714285714285714
YNL238W,0.26666666666666666
YNL296W,0.5
YOR068C,0.19047619047619047
YOR069W,0.2727272727272727
YOR070C,0.10887096774193548
YOR132W,0.4444444444444444
YBR165W,0
YDR054C,0.1323529411764706
YBR167C,0
YHR062C,0
YBR170C,0
YDL126C,0
YDR259C,0.03260869565217391
YGR048W,0.047619047619047616
YOR254C,0
YCL057W,0
YBR172C,0.06666666666666667
YIL004C,0.10714285714285714
YKL074C,0.1388888888888889
YLR116W,0.032679738562091505
YPL085W,0.2
YHR177W,0
YIL160C,0
YOR047C,0.0064516129032258064
YBR178W,0
YHR122W,0
YBR182C,0
YPL089C,0.19047619047619047
YBR184W,0
YNL225C,0
YBR185C,0.3333333333333333
YER017C,0.3333333333333333
YBR186W,0
YDR285W,0
YBR187W,0
YNR032W,0
YBR188C,0
YLL036C,0
YLR117C,0
YBR190W,0
YER078C,0
YBR193C,0.1978021978021978
YDL005C,0.6666666666666666
YER022W,0.0057425742574257425
YGL025C,0.5
YGR104C,0
YIL021W,0.35714285714285715
YOL135C,0.5277777777777778
YOR174W,0.38181818181818183
YPR152C,0
YPR018W,0.1
YBR196C,0
YDL215C,0
YGL229C,0.01818181818181818
YHR137W,0
YML061C,0
YCR038C,0.06666666666666667
YDL178W,1.0
YEL043W,0.15555555555555556
YGR134W,0
YHR129C,0.2235294117647059
YBR202W,0.5
YEL032W,1.0
YLR274W,0.5
YBR203W,0
YKL006C-A,0.3
YFL038C,0.05
YHR105W,0
YBR207W,0
YBR211C,0
YDR394W,0.047619047619047616
YBR213W,0
YMR206W,0
YBR216C,0.6666666666666666
YML007W,0.14285714285714285
YMR159C,0.03636363636363636
YPL149W,0.3333333333333333
YBR218C,0
YER065C,0
YNL117W,0
YBR221C,0
YBR223C,0
YBR228W,0.5
YLR135W,0.14285714285714285
YBR229C,0.08088235294117647
YDR389W,0.1111111111111111
YGR157W,0.1
YHR101C,1.0
YHR108W,1.0
YMR200W,0.3
YNL322C,0.11100832562442182
YBR230C,0
YBR233W,0
YBR234C,0.14750290360046459
YBL062W,0.3333333333333333
YDR310C,0.3333333333333333
YEL003W,0.1054823039555864
YER149C,0.1111111111111111
YHL027W,0
YHR142W,0.13012477718360071
YJL014W,0.5333333333333333
YJL099W,0.10846560846560846
YJL183W,0.32051282051282054
YJR117W,0.5277777777777778
YLR200W,0.07477181453085067
YLR330W,0.04828504828504829
YMR198W,0.11666666666666667
YOR216C,0.4
YPL234C,0.2
YBR237W,0.3
YDL030W,0.04093567251461988
YDR073W,0
YBR239C,0
YPL133C,0
YBR244W,0
YBR246W,0
YDR520C,0
YBR250W,0
YML038C,0
YNL012W,0
YLL037W,0
YBR253W,0
YMR112C,0
YBR254C,0.6545454545454545
YDR246W,1.0
YDR407C,1.0
YDR472W,0.8
YGR166W,0.07317073170731707
YJR116W,0
YMR218C,1.0
YOR115C,0.8
YBR260C,0.09523809523809523
YJL058C,0.03296703296703297
YBR261C,0
YDR465C,0.16666666666666666
YBR263W,0
YML018C,0
YBR264C,0
YOR370C,0
YBR266C,0
YPR031W,0
YBR270C,0.031578947368421054
YFL047W,0
YHR077C,0.3333333333333333
YIL105C,0.10714285714285714
YJL039C,0.06666666666666667
YKR026C,0.014705882352941176
YLR424W,0
YNL004W,0
YNL018C,0
YNL047C,0.08333333333333333
YPL124W,0.058823529411764705
YPL255W,0
YBR272C,0
YEL034W,0
YLR015W,0.1111111111111111
YBR274W,0.07142857142857142
YLR258W,0.1
YMR255W,0.047619047619047616
YBR275C,1.0
YLR453C,0.0018987341772151898
YNL216W,0.05555555555555555
YBR276C,0
YBR278W,0
YIL006W,0
YKL011C,0
YMR290C,0.2
YBR281C,0
YNL191W,0
YBR282W,0
YGR187C,0
YBR283C,0
YLR311C,0
YBR284W,0
YMR138W,0.5333333333333333
YBR285W,0
YPR156C,0
YDR323C,0
YDR495C,0
YGL095C,0.16666666666666666
YGR261C,0.3333333333333333
YHR135C,0.23809523809523808
YML097C,0
YNL084C,0.054945054945054944
YNL154C,0.09090909090909091
YNR006W,0
YPR173C,0.1
YBR289W,0.16666666666666666
YPL129W,0
YBR290W,0.16666666666666666
YDR123C,0
YJR104C,0.16363636363636364
YBR296C,0
YHR188C,0
YLR137W,0
YML089C,0
YCL004W,0
YER026C,0
YCL009C,0
YER094C,0
YCL014W,0
YIL104C,0
YJR092W,0
YCL016C,0.1533199195171026
YAR002W,0.4722222222222222
YBR231C,0.3161764705882353
YCL061C,0.34022988505747126
YDL013W,0.10909090909090909
YDR004W,0.46153846153846156
YDR217C,0.3416666666666667
YEL037C,0.09090909090909091
YER007W,0.5019762845849802
YER095W,0.2573099415204678
YER164W,1.0
YGL066W,0.5
YGL086W,0.5105820105820106
YGL163C,0.6666666666666666
YGR184C,0.4
YGR188C,0.5579710144927537
YHL023C,1.0
YHR031C,0.2761904761904762
YJL030W,0.24154589371980675
YJL092W,0.26325757575757575
YJR145C,0.09523809523809523
YLR123C,0
YML094W,0.08255712124830826
YMR048W,0.18778280542986425
YMR179W,0
YMR224C,0.18382352941176472
YNL206C,0.16666666666666666
YNL250W,0.1033182503770739
YNL273W,0.3390151515151515
YOR195W,0.3956043956043956
YOR349W,0.47597597597597596
YPL008W,0.41935483870967744
YPL194W,0.27898550724637683
YPL241C,0.46296296296296297
YPR036W,0
YPR135W,0.10938040844582901
YCL017C,0
YCL018W,0
YDR160W,0
YCL019W,0.16666666666666666
YDR261W-A,0.3333333333333333
YDR261W-B,0.6666666666666666
YHR189W,0
YOL030W,0
YCL020W,0.3333333333333333
YCL022C,0
YBR038W,0
YCL024W,0
YKR048C,0.044444444444444446
YCL025C,0
YIR038C,0.015810276679841896
YCL027W,0.016666666666666666
YAL017W,0
YAL031C,0
YER032W,0
YER118C,0.021739130434782608
YGR070W,0
YIL159W,0.12727272727272726
YKL105C,0
YKR023W,0
YKR101W,0
YMR232W,0.16666666666666666
YNL054W,0
YNL058C,0
YNL075W,0
YPR008W,0
YCL029C,0.22323232323232323
YDR289C,0.4444444444444444
YDR360W,0.9523809523809523
YEL061C,0.1975438596491228
YER096W,0
YGL031C,0
YGR078C,0.07642703606400764
YML094C-A,0.25
YML124C,0.5446153846153846
YMR055C,0.35144927536231885
YNL106C,0.14285714285714285
YOR026W,0.7426470588235294
YOR058C,0.42298850574712643
YOR265W,0.5661764705882353
YPL155C,0.4853801169590643
YPL269W,0.4017094017094017
YCL030C,0
YCL031C,0
YOL082W,0.032679738562091505
YCL032W,0.08888888888888889
YDR309C,0.2
YHR061C,0.21794871794871795
YMR117C,0.04086021505376344
YPR076W,0
YCL037C,0.044444444444444446
YDR170C,0
YCL038C,0
YMR009W,0
YDR516C,0
YJL071W,0
YML099C,0
YCL043C,0
YDR518W,0
YER189W,0
YLR354C,0
YOR288C,0
YCL046W,0
YGL115W,0.038461538461538464
YCL051W,0
YMR035W,0
YCL052C,0
YEL060C,0
YCL054W,0.2
YDL014W,0.3333333333333333
YOR310C,0.6666666666666666
YGL036W,0
YMR147W,0
YNL196C,0
YCL056C,0
YDL157C,0
YNL100W,0
YCL058C,0
YPL215W,0
YCL059C,0
YGL201C,0
YHR191C,0.2014519056261343
YMR078C,0.17163461538461539
YOR024W,0
YOR025W,0.18181818181818182
YOR368W,0.5
YCL063W,0
YER150W,0
YJL043W,0
YCL067C,0
YMR043W,0
YOL006C,0.056451612903225805
YCL076W,0
YOR209C,0
YCR001W,0
YOR241W,0
YCR002C,0.4642857142857143
YDL029W,0.1510204081632653
YDL225W,0.3238095238095238
YDR507C,0.3888888888888889
YJR076C,0.2545454545454545
YLL021W,0.0784313725490196
YLR314C,0.47619047619047616
YCR003W,0
YIR039C,0
YCR004C,0
YCR005C,0
YJL042W,0
YBR095C,0.4
YBR255W,0.6666666666666666
YCR034W,0.06666666666666667
YDL117W,0.47619047619047616
YIL084C,0.7142857142857143
YIR003W,0.5
YJL020C,0.13963963963963963
YKL007W,0.17142857142857143
YKL204W,0.3333333333333333
YKL213C,0.06666666666666667
YLR372W,0.16666666666666666
YMR263W,0.045454545454545456
YNL097C,0.14285714285714285
YPL050C,0.23809523809523808
YCR011C,0
YCR012W,0
YCR014C,0
YJL110C,0.06666666666666667
YCR018C,0
YDR087C,0.16666666666666666
YEL053C,0.42857142857142855
YFR037C,0.05555555555555555
YCR021C,0
YJL068C,0
YCR022C,0
YCR023C,0
YMR075C-A,0
YCR027C,0
YCR028C,0
YMR020W,0
YCR028C-A,0
YJR126C,0
YMR132C,0
YCR031C,0.3333333333333333
YJL191W,0
YMR202W,0
YCR035C,0.4
YDL111C,0.6
YHR069C,0.6
YOL021C,0.6
YCR036W,0
YGL153W,0.05714285714285714
YDR532C,0
YHR119W,0
YCR039C,0
YDR224C,0
YCR041W,0
YJL031C,0
YCR042C,0
YDR182W,0
YCR045C,0
YOR348C,0
YCR046C,0
YDL049C,0.00909090909090909
YCR047C,0
YNL282W,0
YCR048W,0.3333333333333333
YCL026C-A,0
YNR019W,0.3333333333333333
YCR050C,0
YCR052W,0.1
YLR321C,0.08333333333333333
YNL202W,0
YOR232W,0.05555555555555555
YCR053W,0
YLR208W,0
YCR057C,0
YGR154C,0
YCR059C,0
YDR400W,0
YJL160C,0
YCR060W,0
YHR034C,0
YCR063W,0
YDR408C,0.16666666666666666
YGL058W,0
YPL218W,0.10714285714285714
YCR068W,0
YCR073C,0
YLR006C,0.16666666666666666
YCR073W-A,0
YKL205W,0.06666666666666667
YNR034W,0
YCR075C,0
YDR414C,0.13333333333333333
YDR141C,0
YER115C,0.16666666666666666
YGL143C,0
YMR002W,0
YMR288W,0
YNL088W,0.16666666666666666
YNR027W,0
YNR053C,0.19047619047619047
YCR079W,0
YMR277W,0
YCR081W,0
YCR082W,0.2
YGR161C-C,0
YOR023C,0.26666666666666666
YDR061W,0
YDR439W,0
YFL008W,0.1471861471861472
YGL175C,0.2
YGR155W,0
YKL077W,0
YML095C,0.1
YOL020W,0
YOR264W,0.04032258064516129
YOR281C,0.3333333333333333
YCR087C-A,0.1
YCR087W,0
YIL095W,0.6666666666666666
YNL020C,0
YCR092C,1.0
YMR167W,0.23809523809523808
YNL082W,0.8333333333333334
YOL090W,0.5
YCR093W,0.5
YDR376W,0
YER068W,1.0
YIL038C,0.5
YPR072W,0.5
YCR095C,0
YHL029C,0.16666666666666666
YNL099C,0.06666666666666667
YPL027W,0
YGR203W,0
YGR205W,0
YGR262C,0
YHR148W,0
YIL059C,0
YCR100C,0
YIL110W,0
YCR101C,0
YCR106W,0
YBL080C,0
YJL096W,0
YCR107W,0
YOR114W,0
YDL001W,0
YDL133W,0
YMR079W,0
YER092W,0.3
YGL150C,0
YDL003W,0.4601449275362319
YDR254W,0.4426877470355731
YDR318W,0.05909090909090909
YGL250W,0
YJL074C,0.11666666666666667
YJR135C,0.7166666666666667
YLR381W,0.7205882352941176
YPL017C,0.8888888888888888
YPR046W,0.39826839826839827
YDL230W,0.3333333333333333
YIL147C,0.6666666666666666
YOR208W,0.3
YLR102C,0.46153846153846156
YDL011C,0
YEL023C,0
YDL012C,0
YDR151C,0
YFR047C,0.16666666666666666
YHR032W,0
YHR140W,0
YIL172C,0
YJL065C,0
YOR355W,0
YER116C,0.42857142857142855
YLR443W,0
YLR197W,0.1
YPL043W,0
YDL151C,0
YFR057W,0
YGL019W,0.24444444444444444
YGR099W,0
YHR154W,0.16911764705882354
YIL035C,0.6666666666666666
YJL062W,0.004761904761904762
YJL088W,0
YJL138C,0.3
YJR053W,0.43157894736842106
YJR070C,0.02564102564102564
YKL039W,0
YKL056C,0
YKR059W,0.2857142857142857
YLR288C,0.006792058516196447
YLR350W,0
YLR435W,0
YMR100W,0
YNR048W,0
YOL081W,0.2
YOR006C,0
YOR027W,0.3333333333333333
YOR039W,0.18181818181818182
YOR360C,0
YIL075C,0.3333333333333333
YDL023C,0
YDL024C,0
YEL017W,0.045454545454545456
YDL028C,0
YKL042W,0.16666666666666666
YDR018C,0
YJR065C,0.06666666666666667
YKR042W,0
YDR421W,0
YML049C,0.3333333333333333
YML104C,0
YMR005W,0
YDL035C,0
YER020W,0
YDL041W,0
YIR002C,0
YDL042C,0
YJL076W,0
YDR131C,0
YDR180W,0
YDR386W,0.2087912087912088
YDR409W,0
YER113C,0
YGL049C,0.4
YGR162W,0.3333333333333333
YJL146W,0
YKL155C,0
YLL014W,0
YMR302C,0.3333333333333333
YNL023C,0
YNL286W,0
YDL044C,0
YDR505C,0
YER086W,0.047619047619047616
YLL051C,0
YLR386W,0.11255411255411256
YKR072C,0.25
YMR028W,0.3333333333333333
YBR226C,0
YDR244W,0.2857142857142857
YDR249C,0
YDR329C,0.3333333333333333
YER075C,0
YGR064W,0
YGR133W,0
YGR159C,0
YGR170W,0
YGR206W,0
YGR214W,0
YHL005C,0
YHR013C,0
YHR203C,0
YIL121W,0
YJL174W,0.02564102564102564
YKL032C,0.19047619047619047
YLR191W,0.10606060606060606
YLR282C,0
YLR360W,0.1388888888888889
YMR230W,0
YMR289W,0
YNL329C,0
YOR311C,0
YPR197C,0
YDL051W,0
YDR395W,0
YDL052C,0
YDL056W,0
YLR182W,0.047619047619047616
YDL058W,0.3333333333333333
YER157W,0.08333333333333333
YDL059C,0
YFL059W,0.2222222222222222
YGR049W,0
YDL063C,0
YDR381W,0
YPL131W,0
YMR168C,0.3333333333333333
YLR071C,0.5
YDL070W,0
YGL063W,0
YLR399C,0
YDL071C,0
YDR183W,0.4
YEL068C,0.1
YFL017C,0
YGR269W,0
YNL155W,0
YOL069W,0.1225071225071225
YDL076C,0
YLR098C,0
YDR080W,0.6666666666666666
YDL081C,0.03571428571428571
YLR340W,0.3333333333333333
YDL084W,0
YPR057W,0
YDL085W,0
YGR139W,0
YDL088C,1.0
YML031W,0.16666666666666666
YDL089W,0.047619047619047616
YDR233C,0
YLR324W,0.08333333333333333
YML008C,0
YMR316C-B,0
YPR028W,0.3333333333333333
YDL090C,0
YKL019W,0
YDL091C,0
YIL022W,0.1
YDL092W,0
YKL122C,0
YDL093W,0
YGL055W,0
YDL097C,0
YDL098C,0
YDL099W,0
YKL050C,0
YNL199C,0
YOR164C,0.1
YPL252C,0
YDL101C,0
YKL025C,0.2222222222222222
YDL102W,0.1111111111111111
YHR118C,0
YJR006W,0.3333333333333333
YNL291C,0.2
YOL093W,0
YDL104C,0
YDL106C,0
YFR034C,0
YDL107W,0
YDL108W,0
YDL140C,0
YGL134W,0
YOR151C,0
YPR025C,0.16666666666666666
YDL110C,0
YKL015W,0
YLR125W,0
YOR078W,0
YJL036W,0.1
YDL114W,0
YDL123W,0
YLR040C,0
YCL044C,0
YCL069W,0
YDR113C,0
YGL179C,0
YGL263W,0
YHL004W,0
YHR033W,0
YJL041W,0.13333333333333333
YJL090C,0
YOL014W,0
YOR180C,0.13333333333333333
YOR294W,0
YPL091W,0
YDL120W,0
YGR207C,0
YPR004C,0
YDL121C,0
YMR305C,0
YDL190C,0
YDL127W,0.23809523809523808
YPL031C,0.030729359496482783
YDL128W,0
YKL102C,0
YDL130W,0.02197802197802198
YDR367W,0
YDR382W,0.16666666666666666
YDR399W,0
YJL208C,0
YJL210W,0
YJR012C,0
YJR108W,0
YJR144W,0
YKL002W,0.004878048780487805
YLR051C,0.16666666666666666
YFL009W,0.32142857142857145
YGL249W,0
YJR090C,0.1111111111111111
YLR100W,0.3333333333333333
YLR368W,0.022222222222222223
YDL135C,0
YDL137W,0.5
YDL226C,0.042105263157894736
YGL137W,1.0
YDL138W,0
YDL139C,0
YER125W,0.01904761904761905
YGL130W,0
YML010W,0
YNL266W,0
YOR210W,0
YOR224C,0
YPR086W,0.0015229392727964973
YDR212W,0.3
YIL142W,0.4
YDL144C,0
YDR088C,0
YDL146W,0
YKL070W,0
YDL147W,0
YDR179C,0
YDR201W,0.08974358974358974
YDR341C,0
YDL149W,0
YLR065C,0
YDL150W,0
YKR025W,0
YDL153C,0.0020161290322580645
YBR041W,0
YDR040C,0
YDR269C,0
YDR307W,0.16666666666666666
YDR422C,0.03571428571428571
YFL001W,0
YGL120C,0
YGL198W,0.2222222222222222
YGR160W,0
YGR290W,0
YJL175W,0
YJR002W,0
YNL125C,0
YNL280C,0
YOL118C,0
YOR252W,0
YOR309C,0
YOR314W,0
YPL026C,0
YPL076W,0
YPR029C,0.1
YGL170C,0.1
YDL156W,0
YGR040W,0.17857142857142858
YGR178C,0
YJR122W,0
YDL161W,0
YDL164C,0
YGL207W,0.06666666666666667
YDL165W,0
YGR014W,0
YDL166C,0
YLR222C,0
YDL167C,0
YBL081W,0
YBR212W,0
YNR073C,0
YDL179W,0
YKR054C,0.18233618233618235
YDL185W1,0
YDL186W,0
YJL167W,0
YDL188C,1.0
YDR320C,0.3
YGL206C,0.14285714285714285
YGR130C,0.3333333333333333
YDL193W,0
YGR062C,0
YDR345C,0
YHR092C,0
YHR094C,0
YKL038W,0
YMR011W,0
YDL195W,0.3333333333333333
YIL109C,0.23809523809523808
YPR181C,0.18181818181818182
YDL196W,0
YDL094C,0
YER071C,0.022222222222222223
YDL198C,0
YMR072W,0
YDL203C,0
YGR058W,0
YOR372C,0
YDL207W,0.2857142857142857
YEL024W,1.0
YER107C,0.1388888888888889
YIL115C,0
YDL208W,0.16666666666666666
YHR072W-A,1.0
YHR089C,0.06666666666666667
YNL124W,0
YDL209C,0
YLR426W,0
YDL210W,0
YGL230C,0
YDL212W,0
YDR508C,0.06666666666666667
YDL213C,0
YFR032C,0
YDL214C,0
YEL013W,0
YLR432W,0
YPR048W,0
YDL216C,0
YMR025W,0.06666666666666667
YJL054W,0.16666666666666666
YDR082W,0
YMR106C,1.0
YMR284W,0.3333333333333333
YBL098W,0
YEL064C,0
YER123W,0
YKR088C,0
YOL129W,0
YPR113W,0
YPR183W,0
YDL229W,1.0
YKR084C,0.3333333333333333
YNL209W,1.0
YDL231C,0
YCR016W,0
YDL232W,0
YOR085W,0
YDL235C,0.26666666666666666
YJL128C,0.19047619047619047
YLR113W,0.009195402298850575
YNR031C,0.6666666666666666
YDL236W,0
YDL237W,0
YDL238C,0
YBR072W,0
YDR148C,0.09090909090909091
YDR273W,0
YHR184W,0
YLR072W,0
YML042W,0
YMR124W,0.09523809523809523
YNR012W,0.022222222222222223
YOL091W,0
YOR324C,0
YPL070W,0.05517241379310345
YDL243C,0
YNL331C,0.2
YDL246C,0.3333333333333333
YJR159W,0.26666666666666666
YMR308C,0.02564102564102564
YDR001C,0
YLR270W,0
YDR002W,0
YDR076W,0.8
YJL023C,0
YDR006C,0
YKL093W,0
YDR009W,0
YDR013W,0
YDR016C,0.2
YGL061C,0.2
YKR037C,0.23809523809523808
YDR479C,0
YDR020C,0
YDR021W,0
YER127W,0.1
YDR022C,0
YDR026C,0
YBL092W,0
YKR092C,0
YDR484W,0.09523809523809523
YJL029C,1.0
YDR473C,0.16666666666666666
YER027C,0.3333333333333333
YHR165C,0
YJL005W,0
YMR140W,0.3333333333333333
YMR235C,0.06666666666666667
YNR011C,0
YPR178W,0.10714285714285714
YDR030C,0
YDR034C,0.0015360983102918587
YBR144C,0
YBR145W,0
YBR180W,0
YDL247W,0
YDR023W,0
YDR277C,0.022222222222222223
YDR342C,0
YDR417C,0
YDR438W,0
YDR449C,0
YDR456W,0
YER038C,0
YER043C,0
YER044C,0.1
YER064C,0
YFR021W,0
YFR046C,0
YFR055W,0
YGL125W,0
YGL169W,0
YGL181W,0.011857707509881422
YGL223C,0
YGR111W,0
YGR113W,0.0457516339869281
YGR124W,0
YGR189C,0
YGR295C,0
YIL145C,0
YIR026C,0
YJL002C,0.3333333333333333
YJL185C,0
YLR063W,0.3333333333333333
YLR328W,0.14285714285714285
YMR064W,0
YMR094W,0.14285714285714285
YMR187C,0
YOR009W,0
YPL114W,0
YPL138C,0
YPL178W,0
YPR136C,0
YPR187W,0
YDR042C,0
YLR413W,0
YDR044W,0
YBR215W,0.1
YDL062W,0
YER177W,0.4222222222222222
YGL129C,0
YIL128W,0
YLR320W,0
YDR139C,0.6666666666666666
YLR306W,1.0
YPL003W,0.16666666666666666
YPR066W,0.16666666666666666
YDR060W,0
YLR398C,0.1
YDR063W,0
YGL239C,0
YKL013C,0.3333333333333333
YDR069C,0
YDR070C,0
YER089C,0
YML068W,0
YER019C-A,0
YKL128C,0
YHL006C,0.047619047619047616
YIL152W,0
YLR376C,0.16666666666666666
YDR084C,0.027777777777777776
YPL242C,0
YLR378C,0
YGR006W,0
YGR232W,0
YDR091C,0
YLR192C,0
YDR097C,1.0
YDR098C,0
YGL071W,0
YGL220W,0
YNL042W,0
YDR100W,0.13333333333333333
YER132C,0
YGR179C,0.2
YDR104C,0
YDR105C,0
YNL160W,0
YDR106W,0
YDR107C,0
YDR072C,0
YGR234W,0
YER161C,0
YLR095C,0
YGR098C,0
YDR115W,0
YKL142W,0
YDR120C,0.16666666666666666
YCL011C,0
YLR035C,0
YDR122W,0
YOL108C,0
YDR126W,0.0595959595959596
YEL027W,0
YGL007W,0
YGR228W,0
YHR151C,0
YKL110C,0
YKR031C,0
YKR033C,0
YLR374C,0
YNR049C,0
YOL112W,0
YPL051W,0.10984848484848485
YDR128W,0
YDR424C,0.39869281045751637
YDR130C,0
YDR132C,0
YHR170W,0
YJL218W,0.16666666666666666
YDR138W,0.2
YGL162W,0
YKR010C,0.16666666666666666
YNR046W,0
YDR142C,0.10714285714285714
YGR239C,0
YHR160C,0
YDR335W,0.01818181818181818
YDR150W,0.14396135265700483
YGL124C,0.25
YGL216W,0.19913419913419914
YGL217C,0.20512820512820512
YJR112W,0.18333333333333332
YLL001W,0.4
YLR216C,0.1111111111111111
YLR217W,0.4
YLR319C,0.15384615384615385
YOR322C,0.3333333333333333
YPL205C,0
YGR173W,0
YDR154C,0
YDR155C,0.16666666666666666
YKR105C,0
YDR156W,0.06666666666666667
YJR063W,0
YNL248C,0
YDR158W,0
YFR029W,0
YGL211W,0.16666666666666666
YGL252C,0
YGR118W,0
YIL133C,0
YLL002W,0.2
YML026C,0
YNL135C,0
YER013W,0
YFL033C,0
YGR097W,0
YIL129C,0
YKL012W,0.13333333333333333
YLR228C,0
YML015C,0.3
YML098W,0.3333333333333333
YML114C,0
YOR250C,0
YPL011C,0
YPR115W,0
YDR169C,0
YLL026W,0
YDR174W,0.044444444444444446
YIL013C,0
YCL010C,0
YDR457W,0
YGL013C,0
YJR080C,0
YKR060W,0
YDR184C,0
YDR189W,0.16666666666666666
YMR316W,0
YPL235W,0
YOR134W,0
YDR200C,0.5
YLR238W,0.3333333333333333
YMR052W,0.1111111111111111
YHR083W,0
YKL179C,0
YKR083C,0
YDR205W,0
YNR039C,0
YJR094C,0.6666666666666666
YMR139W,0.13333333333333333
YDR214W,0
YDR215C,0
YKR024C,0
YPL175W,0
YDR216W,0.1
YGR123C,0
YDR218C,0.3333333333333333
YGR059W,0
YDR225W,0.2222222222222222
YDR226W,0
YOR176W,0
YLR442C,1.0
YDR228C,0.08333333333333333
YGL044C,0.023809523809523808
YPR049C,0
YDR229W,0
YDR236C,0
YDR398W,0
YDR238C,0
YFR051C,0
YNL214W,0.6666666666666666
YDR251W,0
YDR252W,0
YHR193C,0
YGR140W,0.19696969696969696
YKL089W,0.5
YDR255C,0
YKL144C,0
YDR256C,0.16666666666666666
YMR314W,0
YDR262W,0
YDR454C,0
YDR263C,0
YOR214C,0
YJR086W,0.2
YDR267C,0
YDR268W,0
YOR308C,0.2
YNL259C,0
YDR271C,0
YDR509W,0
YOR244W,0
YDR275W,0
YDR279W,0.2
YIL131C,0
YLR154C,1.0
YDR280W,0
YDR292C,0
YKL154W,0
YMR163C,0
YDR293C,0.25
YJR066W,0.3333333333333333
YPL180W,0.26666666666666666
YDR295C,0.35714285714285715
YLR131C,0
YDR298C,0
YDR299W,0.06666666666666667
YDR300C,0
YNL317W,0.8
YDR304C,0
YMR153W,0.013333333333333334
YDR308C,0.5
YDR116C,0
YKL082C,0.3
YDR311W,0.014492753623188406
YBR286W,0
YBR302C,0
YHR113W,0.16666666666666666
YIL071C,0
YKL028W,0
YKL104C,0
YMR294W,0.1835075493612079
YPL170W,0
YDR313C,0
YDR315C,0.047619047619047616
YLR323C,0
YDL026W,0
YDL046W,0
YDL050C,0
YDL053C,0
YDL061C,0
YDL067C,0
YDL096C,0
YDL118W,0
YDR455C,0
YDR478W,0
YDR542W,0
YER029C,0
YER035W,0
YER084W,0.2
YFL015C,0
YFR054C,0
YGR018C,0
YGR036C,0
YGR146C,0
YHL042W,0
YLL033W,0
YGR167W,0.2
YDR321W,0.16666666666666666
YKR014C,0
YDR326C,0
YER007C-A,0
YJR089W,0
YLR097C,0
YLR224W,1.0
YLR352W,0.16666666666666666
YML088W,0
YNL311C,0
YOR057W,0.1
YLR002C,0
YDR332W,0.23333333333333334
YBL058W,0
YDR014W,0.7
YDR265W,0
YGL033W,0
YMR074C,0
YLR293C,0.045454545454545456
YOR359W,0
YDR346C,0
YLR077W,0
YDR348C,0
YMR295C,0
YDR349C,0
YLR099C,0
YOR007C,0
YDR350C,0
YDR351W,0
YHR103W,0
YJR005W,0
YDR357C,0
YGL079W,0
YPR182W,0
YBR099C,0.2
YBR174C,0
YGR071C,0
YGR072W,0.047619047619047616
YHR134W,0.26666666666666666
YHR167W,0
YIL052C,0
YJL176C,0
YML128C,0.3333333333333333
YNL072W,0
YNL218W,0.05555555555555555
YOR076C,0
YOR243C,0
YPL079W,0
YER008C,0.5
YPL029W,0
YPR055W,0.3
YDR364C,0
YKR086W,0
YDR365C,0
YDR370C,0
YFL049W,0
YDR371W,0
YJL053W,0.2
YDR373W,0
YNL267W,0
YOR136W,0
YIR024C,0
YGL251C,0
YJL139C,0.06666666666666667
YLR053C,0
YMR221C,0
YOR320C,1.0
YDR379W,1.0
YDR380W,0
YDR038C,0
YOR382W,0
YLR315W,0.09523809523809523
YDR385W,0
YPL108W,0
YJR083C,0.047619047619047616
YLR144C,1.0
YMR192W,0.06666666666666667
YNL086W,0.022222222222222223
YDR390C,0.3333333333333333
YPR180W,0
YKL058W,0.4
YOR194C,0.25
YPL082C,1.0
YOR117W,0.047619047619047616
YOR259C,0.3333333333333333
YOL070C,0
YOL127W,0
YDR397C,0
YER159C,0
YMR093W,0
YDR403W,0
YKR053C,0
YDR404C,0
YDR412W,0
YDR415C,0
YGR129W,0
YJR050W,0
YKL095W,0
YDR420W,0
YOL023W,0
YOR141C,0
YOR375C,0
YDR425W,0.14285714285714285
YJR110W,0
YDR427W,0
YNR059W,0
YDR429C,0.13333333333333333
YMR146C,0.5
YPL105C,0.13333333333333333
YDR431W,0
YOR160W,0
YDR433W,0
YNL116W,0
YDR441C,0
YML022W,0
YDR442W,0
YDR445C,0
YDR446W,0
YDR464W,0
YJR021C,0
YKL196C,0.3333333333333333
YGL208W,1.0
YJL089W,0
YNL257C,0
YNL221C,0
YHR039C,0
YHR084W,0.5
YDR482C,0
YGL028C,0
YOR276W,0.3333333333333333
YGR245C,0
YDR488C,0.4327485380116959
YIL135C,0
YFR043C,0
YDR490C,0
YGR086C,0
YHR207C,0
YIR044C,0
YLR466W,0
YOL100W,0
YPL004C,0
YDR492W,0
YJR067C,0
YDR498C,1.0
YGL145W,0.14285714285714285
YOR075W,0.3
YER070W,0.3333333333333333
YML058W,0.16666666666666666
YDR503C,0
YKL130C,0.005847953216374269
YDR506C,0
YDR513W,0
YDR514C,0
YNL173C,0
YDR524C,0
YOR066W,0
YDR529C,0
YHR079C,0
YDR534C,0
YDR536W,0
YDR541C,0
YLR025W,0.07142857142857142
YGL022W,0.6666666666666666
YMR149W,0.3
YPL227C,0.1111111111111111
YDL069C,0
YDR149C,0.5606060606060606
YDR276C,0.7142857142857143
YGL087C,1.0
YHL002W,0.02857142857142857
YHR111W,0.38461538461538464
YJL190C,0.47619047619047616
YJR129C,1.0
YLL006W,0.4
YLL007C,1.0
YLL049W,0.4485294117647059
YLR089C,1.0
YLR212C,0.6071428571428571
YLR292C,0.6
YMR154C,0.2727272727272727
YMR299C,0.4052631578947368
YNL294C,0.3333333333333333
YOL116W,0.3333333333333333
YOR266W,0.5357142857142857
YPL224C,0
YPL253C,0.4393939393939394
YPR050C,0.10714285714285714
YPR070W,0.42857142857142855
YEL005C,0
YGR107W,0
YHR145C,0
YPL038W,0
YEL012W,0
YHR195W,0
YKL061W,0.047619047619047616
YLR254C,0.06666666666666667
YPR185W,0.06666666666666667
YLR264W,0.47619047619047616
YEL016C,0
YEL018W,0
YEL020C,0
YEL022W,0
YJR031C,0
YEL036C,0.13333333333333333
YHR080C,0
YOL038W,0
YER012W,0
YER162C,0
YGL048C,0
YLR441C,0
YMR276W,0
YOR157C,0
YEL041W,0.06666666666666667
YHR115C,0
YJR049C,0
YKL009W,0.3333333333333333
YOR315W,0
YEL042W,0
YER073W,0
YJL152W,0.3333333333333333
YLR250W,0
YPR193C,0.16666666666666666
YEL047C,0
YBR249C,0
YEL048C,0.06666666666666667
YIL136W,0
YPR051W,0.5
YEL054C,0
YEL056W,0.3333333333333333
YPL001W,1.0
YEL059C-A,0
YMR150C,0
YML031C-A,0
YBR122C,0.16666666666666666
YDR435C,0
YGL168W,0.23636363636363636
YLR454W,0
YOL076W,0.5
YPL152W,0.09523809523809523
YEL062W,0
YOR138C,0
YEL063C,0
YGR057C,0
YPL139C,0
YIR034C,0
YNR058W,0
YOR242C,0
YEL066W,0.13333333333333333
YPL112C,0
YLR225C,0
YPR110C,0.06666666666666667
YEL070W,0
YEL077C,0
YFR053C,0
YER006W,0.04678362573099415
YCR072C,0.3333333333333333
YDL031W,0
YDR101C,0
YGR103W,0.08333333333333333
YHR052W,1.0
YHR197W,0
YLR106C,0
YMR049C,0.2
YNL002C,0.6666666666666666
YNL061W,0
YOR206W,0
YPL093W,0.6666666666666666
YPL211W,0.13333333333333333
YJL120W,0
YFL005W,0.2222222222222222
YOR122C,0.09090909090909091
YER009W,0
YDL202W,0
YER004W,0
YER011W,0
YFR050C,0
YDR159W,0
YDR359C,0.2
YLR190W,0
YNL136W,0.3333333333333333
YNL170W,0
YNL201C,0
YPR164W,0.3333333333333333
YER018C,0.4666666666666667
YER104W,0
YPR065W,0
YAL056W,0
YOR371C,0
YBL065W,0
YBR047W,0
YFR038W,0
YGL027C,0.09558823529411764
YGL261C,0
YGR090W,0
YGR218W,0.012145748987854251
YGR243W,0
YHL044W,0
YHL045W,0
YHR116W,0
YIL078W,0
YJL142C,0
YJR148W,0.3333333333333333
YKL051W,0
YKL063C,0
YKL143W,0.1
YKR093W,0
YLL020C,0
YLL065W,0.3333333333333333
YLR175W,0
YLR331C,0
YML055W,0
YML082W,0
YMR039C,0.1
YMR042W,0
YMR058W,0
YMR087W,0
YMR114C,0
YMR118C,0
YMR181C,0
YMR244W,0
YMR293C,0
YNL006W,0.2
YNL073W,0
YNL159C,0
YNL210W,0
YNL211C,0
YNL235C,0
YNL281W,0
YNL288W,0.2
YNL301C,0.3333333333333333
YNR001C,0
YNR071C,0.16666666666666666
YOL022C,0
YOL042W,0
YOL106W,0
YOR028C,0
YOR072W,0
YOR143C,0
YOR187W,0
YOR303W,0.06666666666666667
YOR336W,0
YOR388C,0
YPL053C,0
YPL098C,1.0
YOL142W,0
YLR220W,0
YNL187W,0
YER031C,0
YGL210W,0
YNL146W,0
YPL192C,0.13333333333333333
YPR017C,0.09523809523809523
YLR456W,0
YER036C,0
YML023C,0
YER039C,0
YMR119W,0
YER040W,0
YER045C,0
YER047C,0
YER048C,0
YPR020W,0
YER049W,0
YER051W,0
YER081W,0.0004479283314669653
YLR121C,0
YMR310C,0
YER052C,0
YER037W,0
YIR014W,0
YKR079C,0
YER053C,0
YLR326W,0
YER056C-A,0
YER059W,0
YDL224C,0
YER156C,0
YJL084C,0
YOR392W,0
YER061C,0
YPL073C,0
YER062C,0
YPL201C,0
YER063W,0.047619047619047616
YNL157W,0
YPL212C,0.16666666666666666
YPR125W,0
YGL062W,0
YER066W,0
YER069W,0
YLR214W,0
YCL007C,0
YDR366C,0
YPL032C,0
YPL257W,0
YER077C,0
YFR015C,0.06666666666666667
YGR091W,0
YER079W,0.16666666666666666
YAL060W,0
YBR018C,0
YBR042C,0
YBR065C,0
YBR168W,0
YBR240C,0
YBR241C,0
YBR243C,0
YDL105W,0
YDL168W,0
YDR005C,0
YDR012W,0
YDR194C,0
YDR266C,0
YDR306C,0
YDR331W,0
YDR343C,0
YDR483W,0
YDR512C,0
YDR528W,0
YDR531W,0
YER145C,0.16666666666666666
YFL016C,0.06666666666666667
YFR017C,0
YGL039W,0
YGL096W,0.16666666666666666
YGL110C,0
YGL135W,0
YGR020C,0.3
YGR084C,0
YGR210C,0
YGR293C,0
YIL044C,0
YIL074C,0
YKR073C,0
YLR151C,0
YNL054W-B,0
YNR042W,0
YOR150W,0
YOR167C,0.10989010989010989
YOR189W,0
YOR222W,0
YOR246C,0
YOR258W,0
YOR263C,0
YOR300W,0
YOR318C,0
YOR362C,0
YOR387C,0
YPL213W,0
YPL229W,0
YPL233W,0
YPR016C,0.3333333333333333
YPR038W,0
YPR059C,0
YPR126C,0
YPR134W,0
YPR149W,0
YER082C,0
YJL135W,0
YER126C,0
YPR175W,0
YDL036C,0
YMR233W,0
YPL238C,0
YPR011C,0
YER099C,0.16666666666666666
YKL181W,0.3333333333333333
YER100W,0
YJR077C,0
YER102W,0
YDR459C,0
YER103W,0
YDR068W,0
YGL065C,0
YER106W,0
YHL008C,0
YER110C,0.16666666666666666
YDL145C,0
YDR452W,0
YIL029C,0
YJR138W,1.0
YKL209C,1.0
YLL032C,0
YLR269C,0.16666666666666666
YNL091W,0
YOR219C,0
YDL204W,0
YLR096W,0
YNL139C,0
YER119C,0
YKL055C,0
YER176W,0
YHR003C,0
YMR275C,0
YOR340C,0
YHR204W,0
YER128W,0
YER129W,0
YLR420W,0
YHR100C,0
YER136W,0
YER140W,0
YDL054C,0
YER143W,0
YOR034C,0
YIL056W,0
YJL001W,0
YCR024C,1.0
YDL112W,0
YER131W,0
YFL066C,1.0
YLR058C,0
YOR201C,0
YPL090C,0
YPR010C,0.06666666666666667
YGL241W,0
YIR005W,0.1
YDL233W,0
YIL040W,0.1
YKL034W,0
YER152C,0
YJL107C,0
YER153C,0
YGR222W,0
YJL170C,0
YNR003C,0.16666666666666666
YOR121C,0
YKL120W,0
YLR167W,0
YIL123W,0
YIR001C,0
YJL189W,0
YOL139C,0.2857142857142857
YER169W,0
YPL071C,0
YER172C,0
YNL102W,0.5
YER178W,0
YKL124W,0
YGR085C,0
YJL125C,0
YLR044C,0
YLR067C,0.06666666666666667
YLR134W,0
YNR016C,0
YER180C,0
YGL026C,0
YER186C,0
YFL002C,0
YJR082C,0
YFL002W-B,0
YFL003C,0
YNL272C,0.3333333333333333
YFR031C,0.25
YIL026C,0.3333333333333333
YOL115W,0.03571428571428571
YOL133W,0
YFL011W,0
YJR045C,0.16666666666666666
YKL189W,0
YFL018C,0
YJR051W,0
YFL020C,0
YFL021W,0
YGL011C,0
YFL022C,0
YGR169C,0
YLR243W,0
YFL026W,0.1
YHR005C,0.2
YFL027C,0
YKL195W,0
YFL028C,0
YPR054W,0
YFL030W,0
YIL077C,0
YFL034C-B,0
YIR016W,0
YOL036W,0
YMR238W,0
YGR080W,0.3333333333333333
YHR179W,0
YIL138C,0
YKL212W,0
YLL050C,0.16666666666666666
YFL040W,0
YLR349W,0
YFL042C,0
YMR303C,0
YFL051C,0
YKL026C,0
YFL052W,0
YOR366W,0
YFL056C,0
YFL060C,0.3333333333333333
YMR095C,1.0
YMR322C,0.5
YNL334C,0.1
YMR096W,0.6
YFL061W,0
YFL065C,0
YLR415C,0
YFR002W,0.25
YMR129W,0.5
YFR003C,0
YOR147W,0
YFR004W,0
YOR261C,0
YFR007W,0
YBR056W,0
YFR008W,0.1388888888888889
YLR395C,0
YMR029C,1.0
YFR009W,0
YGL195W,0
YFR011C,0
YNL113W,0.047619047619047616
YFR013W,0
YJL137C,0.3333333333333333
YMR065W,0.06666666666666667
YFR033C,0
YOL001W,0
YIL126W,0.4
YMR091C,0
YFR039C,0
YFR042W,0
YNR025C,0
YLL046C,0
YFR049W,0
YOL062C,0
YOR049C,0
YJR133W,0
YGL001C,0
YGR060W,0.16666666666666666
YGL003C,0
YGL010W,0
YGL014W,0
YNL231C,0
YGL015C,0
YGL016W,0.16666666666666666
YGL018C,0
YOR061W,0.8
YMR023C,0
YGL024W,0
YOL130W,0
YBR235W,0
YGL020C,0.19047619047619047
YMR214W,0
YGL029W,0
YGL030W,0
YGL032C,0
YGR257C,0
YPL025C,0
YGL038C,0
YJR132W,0
YDL218W,0
YDR538W,0
YGR004W,0.3333333333333333
YJR113C,0
YNL013C,0
YPL248C,0
YGL052W,0
YGL053W,0
YGL054C,0
YGL057C,0
YOL080C,0
YGL060W,0
YJL179W,0
YGL070C,0.0010570824524312897
YAR064W,0
YBR089W,0
YBR106W,0
YBR157C,0
YBR176W,0.14285714285714285
YBR201W,0
YDL183C,0
YDL219W,0
YDR056C,0
YDR067C,0
YDR079W,0
YDR199W,0
YDR260C,0.06666666666666667
YDR286C,0
YDR340W,0
YER109C,0
YER181C,0
YJL182C,0
YJR162C,0
YKL036C,0
YKL086W,0
YKL150W,0
YKL190W,0.04878048780487805
YGL074C,0
YGL075C,0
YGL090W,0
YCR094W,0
YLR265C,0
YOR005C,0
YLR347C,0.040336134453781515
YGL093W,0
YGL094C,0
YGL097W,0.16666666666666666
YIL063C,0.4
YOR204W,0.3333333333333333
YOR364W,0
YGL098W,0
YGL102C,0
YHR194W,0
YGL105W,0
YGL245W,0
YGR264C,0
YGL106W,0.3333333333333333
YDL087C,0
YNL016W,0
YGL113W,0
YPR194C,0
YML110C,0
YMR291W,0
YGL126W,0
YBL009W,0
YDL045C,0
YDR092W,0
YDR095C,0
YEL038W,0
YER184C,0
YFR026C,0
YGL157W,0
YHR130C,0
YIL025C,0
YIL031W,0
YIR017C,0.08333333333333333
YJL032W,0
YJR069C,0
YKL137W,0
YLR019W,0
YLR108C,0.3333333333333333
YML133C,0
YNR010W,1.0
YNR028W,0
YOR162C,0
YOR289W,0
YOR377W,0
YPL064C,0
YPR168W,0
YPL228W,0
YGL132W,0
YAL022C,0
YGL139W,0
YOR010C,0
YNL258C,0
YPR105C,0.03636363636363636
YGL151W,0.3333333333333333
YOL105C,0
YGL154C,0
YGL254W,0
YGL155W,0
YGL156W,0
YNR064C,0
YGL158W,0
YGL166W,0
YLL028W,0
YML006C,0
YOR220W,0
YGL171W,0
YMR229C,0
YGL213C,0.047619047619047616
YPR189W,1.0
YGL174W,0.6666666666666666
YGL177W,0
YLR452C,0.007352941176470588
YGL180W,0
YML112W,0.16666666666666666
YIL010W,0
YIL057C,0
YIL122W,0
YNR068C,0
YOR331C,0
YOR333C,1.0
YPL013C,0
YPL156C,0
YPL188W,0
YGL183C,0
YGL189C,0
YLL027W,0
YGL190C,0.16666666666666666
YGL197W,0
YML012W,0
YGL202W,0
YGR241C,0.10714285714285714
YLR170C,0
YHR164C,0
YML069W,0.3333333333333333
YMR053C,0
YNL263C,0.047619047619047616
YOR292C,0
YHL022C,0
YGL214W,0
YGL215W,0
YBL031W,0
YGL152C,0
YGL221C,0
YGL225W,0
YGL226C-A,0
YJL178C,0
YJL211C,0
YOR062C,1.0
YPR040W,0.044444444444444446
YOR161C,0
YPL179W,0
YGL238W,0
YGL242C,0.3333333333333333
YKR099W,0
YHL020C,0
YHR215W,0
YJR020W,0
YGR003W,0
YLR297W,0
YMR183C,0
YGR010W,0.13333333333333333
YLR438W,0.16666666666666666
YGR013W,0
YIL009W,0
YGR016W,0
YGR017W,0
YLR403W,0
YGR023W,0
YLR460C,0
YGR024C,0
YKL090W,0
YPL110C,0
YGR026W,0
YGR032W,0
YJL034W,0
YGR035C,0.16666666666666666
YOR031W,0
YOR118W,0
YGR041W,0
YPL251W,0
YGR045C,0
YOR271C,0
YGR046W,0
YHR039C-A,0.16666666666666666
YPL222W,0
YGR278W,0
YGR052W,0
YJL086C,0
YPL060W,0
YGR054W,0.5
YGR056W,0
YOR100C,0
YOR097C,0
YGR061C,0
YGR065C,0
YJL199C,0.03636363636363636
YGR066C,0
YLR371W,0.25
YPL128C,0
YIL008W,0.2222222222222222
YGR073C,0
YML119W,0
YKL183W,0
YKL188C,0
YLR440C,0
YDL170W,1.0
YDR144C,0.5
YEL039C,0
YEL052W,0
YGR112W,0.3333333333333333
YHR114W,0.004003336113427856
YMR172W,0.3333333333333333
YNL166C,0.3
YOR313C,0
YPL165C,1.0
YGR079W,0
YNL081C,0
YGR082W,0.23809523809523808
YMR203W,0.25
YNL070W,0.19444444444444445
YNL121C,0.2
YNL131W,0.5
YGR251W,0
YGR089W,0.13333333333333333
YHL010C,0
YLR086W,0.3333333333333333
YKL116C,0
YGR101W,0
YJL213W,0
YER002W,1.0
YFR001W,0
YGL111W,1.0
YHR088W,1.0
YKL172W,1.0
YLL008W,1.0
YLR009W,0
YNL110C,0
YOL077C,1.0
YOR272W,1.0
YFR018C,0
YJL064W,0
YLR329W,0
YPR045C,0
YGR115C,0
YKL180W,0
YPR083W,1.0
YOR353C,0
YGR121C,1.0
YGR122W,0
YGL138C,0
YMR021C,0.1
YGR141W,0
YMR265C,0
YGR142W,0
YNL141W,0
YGR143W,0
YGR144W,0.06666666666666667
YGR145W,0
YGR149W,0
YGR151C,0
YDR413C,0
YGR153W,0
YNL053W,0
YGR165W,0
YPL265W,0
YGL219C,0
YKL139W,0.1
YGR168C,0
YDR515W,0
YIL162W,0
YMR319C,0
YGR177C,0
YHR121W,0
YJL035C,0
YJL026W,0
YGR185C,0
YGR191W,0.2
YLR283W,0
YGR193C,0
YGR196C,0
YGR253C,0
YGR199W,0
YGR208W,0
YKL177W,0.3333333333333333
YGR209C,0
YPL020C,0
YGR211W,0
YGR213C,0
YDR102C,0
YFL068W,0
YJR134C,0
YLR436C,0
YML120C,0
YNL164C,0
YOR177C,0
YOR184W,0
YPL056C,0
YNR045W,0
YGR223C,0
YGR227W,0
YOL009C,0
YBR166C,0
YFR032C-A,0
YGR217W,0
YJL188C,1.0
YLR332W,0.11538461538461539
YLR358C,0
YML117W,1.0
YMR205C,0
YOL003C,0
YOR030W,0
YOR275C,0.16666666666666666
YPL077C,0
YGR236C,0
YMR267W,0
YOR389W,0
YGR240C,0
YMR223W,0
YGR242W,0
YGR247W,0
YPL203W,0.13333333333333333
YGR250C,0
YOR225W,0
YGR254W,0
YGR263C,0
YNL066W,0
YGR271W,0
YGR276C,0
YNR015W,0
YGR280C,0
YMR102C,0
YGR283C,0
YGR284C,0
YGR285C,0
YJL172W,0
YGR289C,0
YLR054C,0
YGR294W,0
YHL018W,0.1
YHL001W,0
YAR009C,0
YBR279W,0
YCL008C,0
YIL156W,0.6666666666666666
YNL239W,0
YNR005C,0
YHL003C,0.3333333333333333
YKL008C,0.16666666666666666
YLR046C,0
YNL021W,0.3333333333333333
YLR353W,0.16666666666666666
YHL009C,0
YHL015W,0
YLL031C,0
YHL019C,0.16666666666666666
YFR045W,0
YKL135C,0.09523809523809523
YOR107W,0
YHL025W,0
YHL026C,0
YJL056C,0
YHL034C,0
YHL036W,0
YPR163C,0
YKR006C,0
YHL046C,0
YJR042W,0
YJL080C,0
YMR056C,0
YHR007C,0.015384615384615385
YBR121C,0.16666666666666666
YHR045W,0
YML013W,0
YMR264W,0
YHR009C,0
YHR011W,0
YHR014W,0
YHR185C,0
YHR015W,0
YPL169C,0.01818181818181818
YHR019C,0
YHR021C,0
YIL028W,0
YPR188C,0
YBR078W,0
YGL045W,0
YIL113W,0
YKL037W,0.13333333333333333
YLR346C,0
YPL140C,0
YPL158C,0
YDR075W,0
YJL047C,0.13333333333333333
YHR035W,0
YLL013C,0
YHR036W,0
YHR038W,0
YHR040W,0
YBR179C,0
YJL015C,0
YLR164W,0
YLR309C,0.2
YLR344W,0
YOR073W,0
YPR203W,0
YHR043C,0
YHR050W,0
YKR089C,0
YHR056C,0
YFL067W,0
YLL018C,0
YHR057C,0
YJR091C,0.0005643479327689854
YKR034W,0.06666666666666667
YOR270C,1.0
YPL019C,0
YHR063C,0
YHR065C,0
YHR066W,0.07142857142857142
YKR081C,0
YLR276C,0
YHR068W,1.0
YJL050W,0
YHR070W,0
YHR071W,0
YHR073W,0
YHR075C,0
YKL073W,0
YNL092W,0.0049261083743842365
YHR090C,0
YHR091C,0
YOL088C,0
YHR096C,0
YHR098C,0
YJR048W,0
YHR102W,0
YLR365W,0
YOR257W,0
YHR106W,0
YOR156C,0.26666666666666666
YHR109W,0
YBL109W,0
YDL037C,0
YDL172C,0
YDR319C,0
YER117W,0
YFL012W,1.0
YFR027W,0
YGL037C,0.3333333333333333
YGL222C,0
YGR031W,0
YGR110W,0
YGR215W,0
YHR133C,1.0
YIR021W,0
YJL012C,0
YJL180C,0
YKL129C,0.24761904761904763
YKL157W,0
YKL175W,0
YKR032W,0
YLL054C,0
YLR112W,0
YLR136C,0
YLR461W,0
YML092C,0.03296703296703297
YML121W,0.05555555555555555
YML131W,0
YNR035C,0
YOL002C,0
YOR059C,0
YOR175C,0
YPL111W,0.2
YPR094W,0
YLR215C,0
YOR215C,0
YHR117W,0
YHR123W,0.3333333333333333
YHR128W,0
YNL005C,0
YHR132C,0
YMR152W,0
YKL127W,0
YKR082W,0
YHR143W-A,0
YHR147C,0
YHR149C,0.3333333333333333
YNL193W,0
YJL168C,0.10384068278805121
YLR016C,0
YLR132C,0
YPR118W,0
YHR156C,0
YJR010W,0
YHR163W,0
YDR287W,0
YKL173W,0
YLR451W,0
YER147C,0
YHR169W,0
YKL075C,0
YLR075W,0
YHR174W,0
YIL091C,0
YPR053C,0
YJR007W,0
YNL252C,0
YOR171C,0
YOR351C,0.3333333333333333
YHR180W,0
YHR181W,0
YER014C-A,0
YMR282C,0
YLR185W,0
YPL204W,0
YHR186C,0.5
YHR187W,0
YJR015W,0
YHR190W,0
YLR032W,0.8
YML062C,0
YHR198C,0
YHR201C,0
YPR056W,0
YPL258C,0
YHR209W,0
YHR216W,0.3333333333333333
YIL001W,0
YIL002C,0.3333333333333333
YOR109W,0.1
YIL011W,0
YMR201C,0
YIL016W,0
YMR222C,0
YOL005C,0
YNR017W,0
YIL023C,0
YMR104C,0
YOR352W,0
YMR313C,0
YIL030C,0
YLR139C,0
YKL166C,1.0
YBR096W,0
YBR173C,0.3333333333333333
YBR277C,0
YBR291C,0
YCL035C,0
YIL039W,0
YDR453C,0
YJR131W,0
YNL103W,0.06666666666666667
YNL182C,0
YIL047C,0
YIL049W,0
YIL050W,0
YIL053W,0
YIL054W,0
YLR017W,0
YLR213C,0
YLR439W,0
YMR044W,0
YOR346W,0
YIL062C,1.0
YIL064W,0
YIL065C,0
YIL068C,0.3333333333333333
YML054C,0
YIL072W,1.0
YLR056W,0
YIL082W,0
YIL092W,0
YHR074W,0
YNR040W,0
YIL097W,0
YIL098C,0
YIL103W,0
YKL191W,0
YNL326C,0
YMR068W,0.13333333333333333
YPL059W,0.1
YNL161W,0
YIL108W,0
YOR032C,0
YIL111W,0
YLL019C,0
YIL117C,0
YHR087W,0
YIL130W,0
YLR322W,0
YIL134W,0
YIL139C,0
YIL143C,0
YPL260W,0
YIL153W,0
YOL044W,0
YIL154C,0.16666666666666666
YIL158W,0
YIL163C,0
YNR074C,0
YIL173W,0
YMR057C,0
YOL101C,0
YOR105W,0
YIR008C,0.1
YKL045W,0
YNL036W,0
YOR011W,0
YIR011C,0
YIR012W,0
YIR022W,0
YJR010C-A,0
YIR025W,0.3
YIR033W,0
YKL020C,0
YIR037W,0
YLL060C,0
YIR040C,0
YJL006C,0.3333333333333333
YJL010C,0
YJL011C,0
YDR045C,0
YNL151C,0.16666666666666666
YJL019W,0
YDL129W,0
YOR081C,0
YPR176C,0
YJL048C,0
YJL057C,0.3333333333333333
YBL104C,0
YBR076W,0
YGL147C,0
YPL080C,0
YJL063C,0
YHL024W,0
YJL143W,0
YNR029C,0
YJL070C,0
YBL100C,0
YDR250C,0
YDR374C,0
YDR504C,0
YGL259W,0
YJL072C,0
YJL075C,0
YJL078C,0
YJL081C,0
YKL108W,0
YNL262W,0
YJL091C,0
YER087C-A,0
YOL075C,0
YJL102W,0
YIR013C,0
YJL112W,0
YAL019W,0
YBR214W,0
YIL042C,0
YLR003C,0
YMR250W,0
YNL032W,0.1
YNL163C,0
YNL276C,0
YNL062C,0
YJL131C,0
YJL134W,0
YMR212C,0
YJL141C,0
YJL153C,0
YJL156C,0
YJL164C,1.0
YPR014C,0
YJR011C,0
YOR380W,0
YJL184W,0
YCR098C,0
YLR198C,0
YJL200C,0
YJL202C,0
YKR090W,0
YMR285C,0
YOL136C,0
YKL222C,0
YJL212C,0
YJR004C,0
YJR008W,0
YJR009C,0
YML053C,0
YDR127W,0
YDR135C,0
YKR021W,0
YKR104W,0
YLL015W,0
YLR133W,0
YLR143W,0
YLR430W,0
YNL050C,0
YNL242W,0
YNR050C,0
YOL031C,0
YOL140W,0
YJR025C,0
YJR030C,0
YGL042C,0
YJL158C,0
YJR034W,0
YJR037W,0.3333333333333333
YJR055W,0
YJR057W,0.022167487684729065
YDR458C,0
YKL098W,0
YKL114C,0
YNL241C,0
YNL299W,0
YJR058C,0
YKL049C,0
YNL232W,0
YAL045C,0
YAR047C,0
YBR116C,0
YBR219C,0
YBR220C,0
YDR178W,0
YDR196C,0
YLR406C,0
YGL107C,0
YMR269W,0
YJR072C,0
YOR262W,0
YJR074W,0
YOR185C,0
YBR181C,0
YJR084W,0
YLR061W,0
YLR295C,0.0009032258064516129
YPL172C,0
YOR084W,0
YBR120C,0.3333333333333333
YDR066C,0
YJR001W,0
YPR096C,0
YAR061W,0
YPR158W-B,0
YAL012W,0
YAL066W,0
YAR002C-A,0
YBL094C,0
YBR161W,0
YBR271W,0
YBR293W,0
YCL005W,0
YCL045C,0
YCL050C,0
YCL074W,0
YDL075W,0
YDL125C,0
YDR008C,0
YDR010C,0
YDR031W,0
YDR134C,0
YDR175C,0
YDR193W,0
YDR361C,0
YDR500C,0
YDR526C,0
YDR527W,0
YDR533C,0
YEL008W,0
YEL075C,0
YER058W,0
YGL069C,0
YGL119W,0
YGL204C,0
YGR042W,0
YHL033C,0
YHR049W,0
YHR079C-A,0
YHR211W,0
YIL060W,0
YIL076W,0.2
YIL096C,0
YIL137C,0
YIL174W,0
YJL106W,0
YJL192C,0
YJR038C,0
YJR119C,0
YJR123W,0
YKL076C,0
YKL111C,0
YKL117W,0
YKL138C,0
YKL146W,0
YKL160W,0
YKL224C,0
YKR040C,0
YKR087C,0
YLL030C,0
YLL042C,0
YLR037C,0
YLR059C,0.16666666666666666
YLR066W,0
YLR068W,0
YLR092W,0
YLR104W,0
YLR118C,0
YLR156W,0
YLR172C,0
YLR205C,0
YLR230W,0
YLR236C,0
YLR248W,0
YLR333C,0
YLR379W,0
YLR392C,0
YLR397C,0
YML123C,0
YML126C,0
YMR067C,0
YMR160W,0
YMR278W,0
YMR287C,0
YNL008C,0
YNL024C,0
YNL109W,0
YNL144C,0
YNL176C,0
YNL230C,0
YNL285W,0
YNR037C,0
YOL072W,0
YOR033C,0.16666666666666666
YOR379C,0
YPL052W,0
YPL088W,0
YPL092W,0
YPL159C,0
YPL219W,0
YPL270W,0
YPL271W,0
YPR003C,0
YPR047W,0
YPR114W,0
YPR130C,0
YPR148C,0
YJR099W,0
YJR102C,0.2
YLR417W,0.3333333333333333
YPL002C,0.16666666666666666
YDR133C,0
YLR369W,0
YJR121W,0
YJR125C,0
YOR111W,0
YJR130C,0
YEL059W,0
YJR136C,0
YKL033W,0
YJR139C,0
YKL001C,0
YBR197C,0
YBR242W,0
YBR262C,0
YCL049C,0
YDR290W,0
YEL049W,0
YEL057C,0
YEL074W,0
YER121W,0
YER170W,0
YGL258W,0
YKL005C,0
YJR017C,0
YIL086C,0
YMR298W,0.16666666666666666
YKL010C,0
YPR122W,0
YKL017C,0
YHR053C,0
YKR062W,0
YKL052C,0
YMR077C,0.16666666666666666
YLR285W,0
YOR142W-A,0
YNL122C,0
YLR357W,0
YML046W,1.0
YHL048W,0
YKL087C,0
YMR081C,0
YHR010W,0
YML102W,0
YOL068C,0.3333333333333333
YOR182C,0
YPR116W,0
YLR389C,0
YGR192C,0.3333333333333333
YKL152C,1.0
YKR069W,0.3333333333333333
YOR247W,0.3333333333333333
YBR027C,0.16666666666666666
YBR169C,0
YCL033C,0
YML106W,0
YOL073C,0
YPL259C,0
YOR323C,0
YMR165C,0
YMR210W,0
YMR243C,0
YKL149C,0
YKL156W,0
YKL161C,0
YKL174C,0
YNL104C,0
YKL186C,0
YPL147W,0
YMR211W,0
YOR332W,1.0
YKL192C,0
YOL078W,1.0
YKL210W,0
YGR163W,1.0
YKR019C,0
YHR212C,0
YNR038W,0
YJL215C,0
YJR019C,0
YLR081W,0
YOR190W,0
YKR035C,0
YKR043C,0
YBR238C,0
YKR044W,0
YHR159W,0
YKR065C,0
YLR036C,0
YKR080W,0
YBR137W,0
YDR353W,0.16666666666666666
YKR091W,0
YNL309W,0
YOR060C,0
YKR100C,0
YML065W,0
YOL143C,0
YLL016W,1.0
YLL017W,0
YNL293W,0.6666666666666666
YPR101W,0
YLL040C,1.0
YLL047W,0
YMR069W,0
YLL052C,0
YLL059C,0
YML011C,0
YLR008C,0
YLR012C,0
YKL168C,0
YLR014C,0
YJL082W,0
YKL072W,0
YLR030W,0
YLR031W,0
YCL001W,0
YDL191W,0
YDR153C,0
YEL051W,0
YER120W,0
YFL025C,0
YFR031C-A,0
YKR094C,0
YLL038C,0
YLR083C,0
YLR318W,0.6666666666666666
YLR361C,0
YMR010W,0
YMR216C,0
YMR274C,0.6666666666666666
YNL069C,0
YNL169C,0
YOL017W,0
YOR112W,0
YPL037C,0
YPL195W,0
YPL196W,0
YPR079W,0
YPR084W,0.13333333333333333
YLR042C,0
YLR434C,0
YLR049C,0
YLR119W,1.0
YLR052W,0.06666666666666667
YLR057W,0
YLR355C,0
YGR126W,0
YML090W,0
YPL181W,0.15
YPL182C,1.0
YPL214C,0
YLR088W,0
YDR121W,0
YER088C,0
YGL148W,0
YMR166C,0
YPL183W-A,0
YBL083C,0
YDR497C,0
YLR114C,0
YBR012W-B,0
YPL257W-A,0
YLR124W,0
YMR030W,0
YGL021W,0
YOR390W,0
YLR140W,0
YLR145W,0
YHR214W,0
YLR146C,0
YGL256W,0
YMR088C,0
YNR072W,0
YLR148W,1.0
YLR396C,0.5
YMR231W,0.5
YPL045W,1.0
YLR157C,0
YLR157C-A,0
YLR158C,0
YER175C,0
YLR159W,0
YOR342C,0
YPL280W,0
YLR161W,0
YOR159C,0
YLR173W,0
YLR177W,0
YLR181C,0
YLR183C,0
YML035C,0
YLR193C,0
YJL094C,0
YLR195C,0
YMR246W,0
YLR196W,0
YPL094C,0
YLR199C,0
YGR019W,1.0
YMR266W,0.3333333333333333
YNL003C,0
YOR296W,1.0
YOR350C,0
YLR202C,0
YIR010W,0
YLR203C,0
YLR204W,0
YLR218C,0
YLR221C,0
YNR041C,0
YLR226W,0
YPR161C,0
YLR227C,0
YLR237W,0
YLR239C,0
YLR246W,0
YJR146W,0
YLR251W,0
YLR253W,0
YLR255C,0
YLR257W,0
YLR273C,0
YLR259C,0
YNL025C,0.07142857142857142
YGL255W,0
YJL123C,0
YLR266C,0
YLR267W,0
YAL062W,0
YDR281C,0
YBR269C,0
YLR437C,0
YLR284C,0.3
YLR286C,0.3333333333333333
YLR287C,0.3333333333333333
YBR124W,0
YBR129C,0
YCR007C,0
YHR175W,0
YJL059W,0
YJR157W,0
YKL024C,0
YKL044W,0
YKL107W,0
YKL163W,0
YKR052C,0
YLL023C,0
YLR011W,0
YLR021W,0
YLR050C,0
YLR252W,0
YLR290C,0
YNL158W,0
YNL190W,0
YOL046C,0
YOL131W,0.01282051282051282
YOR087W,0
YOR104W,0
YLR291C,0.03557312252964427
YCR076C,0
YDR444W,0
YGR083C,0
YLR245C,0.3333333333333333
YLR294C,0
YDL148C,0
YDR007W,0
YDR530C,0
YGL047W,0
YGL226W,0
YGR081C,0
YGR148C,0
YHR127W,0
YHR138C,0
YIL005W,1.0
YIL020C,0
YIL032C,0
YIL051C,0
YIL124W,0
YIL157C,0
YIR036C,0
YJL044C,0
YJL067W,0
YJL100W,0
YJL225C,0
YJR100C,0
YJR120W,0
YJR154W,0
YKL060C,0
YKL088W,0
YLR094C,0
YLR141W,0
YLR168C,0
YLR455W,1.0
YML034W,0
YML079W,0
YMR003W,0
YMR090W,0
YMR141C,0
YMR144W,0
YMR177W,0
YNL009W,0
YNL194C,0
YNL205C,0
YNL324W,0
YNL328C,0
YOL008W,0
YOL050C,0
YOR145C,0
YLR299W,0
YOL137W,0
YLR301W,0
YJR105W,0
YLR303W,0
YLR304C,0
YNL192W,0.002484472049689441
YLR308W,0
YLR312C,0
YLR317W,0
YIL085C,0
YLR327C,0
YBR301W,0
YDL206W,0
YDR393W,0
YGL081W,0.16666666666666666
YKL006W,0
YNL071W,0
YPL132W,0
YLR336C,0
YPL268W,0
YLR339C,0
YFL044C,0
YGL196W,0
YJL046W,0
YJL136C,0
YML017W,0
YMR073C,0
YNL027W,0
YPL041C,0
YPL261C,0
YPR030W,0
YLR343W,0
YFL045C,0
YDR418W,0
YER023W,0.2
YGL040C,0.3333333333333333
YGR267C,0.16666666666666666
YKL067W,0.3333333333333333
YLR377C,0.1
YLR348C,0
YBL113C,0
YLR351C,0
YLR356W,0
YHR085W,0
YMR228W,0
YNL145W,0
YLR363C,0
YPR078C,0
YPR093C,0
YBL097W,0
YDR317W,0
YEL006W,0
YLR028C,0
YPL107W,0
YCL065W,0
YLR385C,0
YLR388W,0
YKR016W,0
YLR390W-A,0
YLR393W,0
YMR279C,0
YLR407W,0
YGL235W,0
YLR409C,0
YJL069C,0
YLR414C,0
YOR013W,0
YLR416C,0
YEL033W,0
YGL227W,0
YKL053C-A,0
YMR158W,0
YNL198C,0
YOL027C,0
YOR080W,0
YOR124C,0
YLR419W,0
YLR421C,0
YJR024C,0
YNL090W,0.3333333333333333
YPR179C,0
YOR053W,0
YLR427W,0
YDL131W,0
YDL240W,0
YLR281C,0
YMR142C,0
YOR096W,0
YLR446W,0
YKR074W,0
YLR211C,0
YBR028C,0
YDL221W,0
YDL241W,0
YDR305C,0
YIR035C,0
YJL087C,0
YJL219W,0
YKL029C,0
YKL164C,0
YKR005C,0
YLR465C,0
YMR127C,1.0
YNL028W,0
YNL134C,0
YNL175C,0
YNL323W,0
YOR239W,0
YOR260W,0
YOR374W,0
YPR006C,0
YLR448W,0
YDL180W,0
YER188W,0
YLR457C,0
YAR071W,0
YCL023C,0
YEL075W-A,0
YFL013C,0
YFL050C,0
YGR100W,0
YHL017W,0
YML027W,0
YNL133C,0
YNL260C,0
YNR009W,0
YNR013C,0
YNR066C,0
YOR198C,0
YOR230W,0
YPL034W,0
YPL154C,0
YPR144C,0
YLR459W,0
YDR434W,0
YDR003W,0
YDR314C,0
YML014W,0
YOL128C,0
YPL208W,0
YNL046W,0
YML048W,0
YML060W,0
YOL010W,0
YFL010C,0
YFL054C,0
YHR025W,0
YHR112C,0
YKL035W,0
YLR070C,0
YOR229W,0
YML070W,0
YML075C,0
YOR102W,0
YOL086C,0
YPL176C,0
YML101C,0
YPR099C,0
YML105C,0
YPR088C,0
YML107C,0
YIL149C,0
YKR095W,0
YGR275W,0
YML125C,0
YLR038C,0
YML127W,0
YGL184C,0
YML130C,0
YDR384C,0
YMR017W,0
YMR018W,0
YMR019W,0
YER137C,0
YMR041C,0
YAR042W,0
YBR008C,0
YBR105C,0
YBR273C,0
YCL039W,0
YCR008W,0
YDL066W,0
YDR423C,0
YHL043W,0
YHL049C,0
YIL055C,0
YJR079W,0
YKL221W,0
YLR401C,0
YMR157C,0
YNL204C,0
YNL300W,0
YNL319W,0
YNR061C,0
YOL111C,0
YOL146W,0
YOL154W,0
YOR064C,0
YOR251C,0
YOR286W,0
YOR302W,0.047619047619047616
YOR344C,0
YPL189W,0
YMR051C,0
YNL335W,0
YMR063W,0
YNL112W,0
YLR080W,0
YMR097C,0
YMR101C,0
YOR154W,0
YMR110C,0
YOL034W,0
YPR145W,0
YMR125W,0
YMR134W,0
YOR279C,0
YMR151W,0
YDR221W,0
YMR155W,0
YPL164C,0
YMR180C,0
YMR182C,0
YPR133W-A,1.0
YMR204C,0
YMR209C,0
YMR213W,0
YMR215W,0
YMR226C,0
YNL308C,0
YMR242C,0
YLR366W,0
YNL096C,0
YHR136C,0
YOR046C,0
YMR258C,0
YIL019W,0
YMR260C,0
YGR156W,0
YGL083W,0
YMR280C,0
YAL053W,1.0
YMR316C-A,0
YMR317W,0
YMR318C,0
YMR326C,0
YNL244C,0.3333333333333333
YPR041W,0.3333333333333333
YMR325W,0
YPR199C,0
YNL007C,0
YNL015W,0
YNL019C,0
YLR001C,0
YNL056W,1.0
YNL093W,0
YNL034W,0
YNL037C,0
YNL039W,0
YNL045W,0
YNL049C,0
YDL072C,0
YJR035W,0
YGR005C,0
YHR081W,0
YIL024C,0
YJR097W,0
YKL153W,0
YML037C,0
YOR004W,0
YOR040W,0
YNL095C,0
YHR199C,0
YJL003W,0
YNL063W,0
YNL107W,0
YBL037W,0
YBL054W,0
YJR023C,0
YKL133C,0
YOL151W,0
YOR093C,0
YPR160W,0
YNL142W,0
YPR190C,1.0
YNL165W,0
YDR368W,0
YNL178W,0
YNL180C,0
YNL183C,0
YNL188W,0
YBR035C,0
YCL028W,0
YDL185W2,0
YDR428C,0
YDR487C,0
YEL046C,0
YER010C,0
YER057C,0
YGR088W,0
YHL009W-A,0
YHR018C,0
YJL052W,0
YKL069W,0
YLR209C,0
YMR239C,0
YOL058W,0
YOR155C,0
YPR062W,0
YAL055W,0
YBR209W,0
YCR089W,0
YDR248C,0
YJL121C,0
YJL196C,0
YJL214W,0
YNL087W,0
YNL179C,0
YNL200C,0
YNL203C,0
YBL046W,0
YNL212W,0
YPL075W,0
YNL219C,0
YNL220W,0
YLR411W,0
YNL226W,0
YPL066W,0
YNL234W,0
YOR153W,0
YIR027C,0
YBL052C,0
YER074W-A,0
YKR047W,0
YNL119W,0
YNL289W,1.0
YPL065W,0
YNL277W,0
YNL279W,0
YPL245W,0
YPL010W,0
YBL087C,0
YNL068C,0
YPL047W,0
YNL314W,0
YNL316C,0
YNL321W,0
YAL056C-A,0
YGL203C,0
YNL327W,0
YNR004W,0
YPL157W,0
YNR024W,0
YJL045W,0
YNR030W,0
YNL292W,0
YNR065C,0
YLR174W,0
YNR075W,0
YLL012W,0
YGR233C,0
YKL003C,0
YOR044W,0
YOL015W,0
YJR003C,0
YLR412W,0
YOL039W,0
YOL052C,0
YOL056W,0
YLR387C,0
YER163C,0
YOL063C,0
YOL065C,0
YOL085C,0
YOL094C,0
YNL290W,0
YOL095C,0
YOL099C,0
YBR248C,0
YOL104C,0
YOL107W,0
YOL110W,0
YGR174C,0
YOL117W,0
YOL126C,0
YOL144W,0
YOL152W,0
YOL153C,0
YOL159C,0
YOR002W,0.06666666666666667
YOR003W,0
YKL201C,0
YFR016C,0
YOR018W,0
YMR178W,0
YDR191W,0
YPL200W,0
YOR037W,0
YLL010C,0
YOR050C,0
YOR054C,0
YMR195W,0
YOR065W,0
YOR067C,0
YLR034C,0
YIL094C,0
YFL055W,0
YNL320W,0
YOR095C,0
YMR075W,0
YOR103C,0
YOR108W,0
YML129C,0
YJL008C,0
YOR119C,0
YOR131C,0
YDR443C,1.0
YOL103W-B,0
YGR281W,0
YOR146W,0
YOR148C,0
YER090W,0
YOR158W,0.1
YOR173W,0
YCL034W,0
YDR344C,0
YOR221C,0
YOR226C,0
YIL014W,0
YOR236W,0
YOR172W,0
YOR245C,0
YDR211W,0
YFR022W,0
YHR067W,0
YJL055W,0
YLR334C,0
YMR014W,0
YOL043C,0
YEL019C,0
YOR273C,0
YEL072W,0
YOR274W,0
YOR282W,0
YOR285W,0
YNL208W,0
YPR085C,0
YDR387C,0
YKR017C,0
YOR298W,0
YGL234W,0
YOR299W,0
YKR070W,0
YNL246W,0
YOR301W,0
YGR259C,0
YOR305W,0
YOR307C,0
YOL035C,0
YOR325W,0
YNL120C,0
YOR341W,0
YOR345C,0
YMR271C,0
YOR354C,0
YOR378W,0
YDR327W,0
YOR383C,0
YOR385W,0
YOR393W,0
YPL005W,0
YPL007C,0
YGR161C,0
YHL028W,0
YJL101C,0
YJR142W,0
YML122C,0
YMR306W,0
YOL119C,0
YOL122C,0
YPL036W,0
YPL040C,0
YER180C-A,0
YPL061W,0
YPL068C,0
YDR502C,0
YHR144C,0
YPL060C-A,0
YPL074W,0
YPL095C,0.6666666666666666
YPL096C-A,0
YPL096W,0
YBR204C,0
YMR133W,0
YPL118W,0
YDR333C,0
YGR244C,0
YPL125W,0
YPL126W,0
YPL130W,0
YKL047W,0
YPL150W,0
YNL253W,0
YPL163C,0
YDL142C,0
YPL190C,0
YJL024C,0
YPL207W,0
YAR069C,0
YPL216W,0
YPL220W,0
YPL221W,0
YBR012C,0
YIR042C,0
YPL244C,0
YPL257W-B,0
YPL263C,0
YPL266W,0
YOR233W,0
YPL276W,0
YDR494W,0
YPL283C,0
YPR001W,0
YDR460W,0
YGR087C,0
YPR033C,0
YPR037C,0
YPR058W,0
YPR063C,0
YPR071W,0
YDR337W,0
YBL020W,0
YDL086W,0
YDL158C,0
YEL011W,0
YER076C,0
YGR053C,0
YGR204W,0
YGR291C,0
YJL066C,0
YJL079C,0
YKL134C,0
YKL208W,0
YLL022C,0
YLR201C,0
YML019W,0
YMR184W,0
YMR193W,0
YMR315W,0
YOL066C,0
YOL147C,0
YOR074C,0
YOR079C,0
YPL097W,0
YPR157W,0
YPR133C,0
YPR103W,0
YPR104C,0
YPR106W,0
YPR108W,0
YPR123C,0
YAL064W-B,0
YPR015C,0
YIL090W,0
YOL054W,0
YPR154W,0
YLR450W,0
YNR033W,0
YOR063W,0
YPR158W-A,0
YER159C-A,0
YDR358W,0
YLR018C,0
YLR165C,0
YPR169W,0
YPR174C,0
YIL119C,0
YPR201W,0
YLR171W,0
SNRNA_U5,0
