Proteins,ECC,GO,SubCell
YDR394W,32.76155834,345.9404762,1800
YER012W,32.42050669,386.0142857,798.25
YLR333C,54.58898734,471.5,0
YNR010W,18.17342211,128.4178571,1342
YOR174W,18.17342211,145.3166667,1342
YBL092W,78.67745419,292,0
YOR261C,32.02698937,674.6666667,0
YER021W,32.02698937,663.3333333,0
YMR112C,16.87342211,227.6666667,1100
YHR058C,16.87342211,155.0666667,1100
YPR168W,16.87342211,139.6333333,1100
YOR157C,31.12257492,393.6,595
YER094C,32.02698937,379.9333333,578
YGR104C,16.77518979,126.9,1100
YNL236W,16.4441731,127.7928571,1122
YGR253C,31.83544802,383.7666667,578
YBR253W,16.70751302,192.4166667,1100
YJL001W,31.78413223,380.1,578
YBR193C,16.42633586,115.927381,1104
YOL135C,16.35524029,155.0666667,1100
YDR308C,16.29463423,136.3952381,1100
YBL093C,15.95405452,131.8238095,1122
YBL041W,30.96896863,436.4,578
YPR103W,30.00518461,389.3,578
YJL190C,54.58898734,317.1666667,0
YOL039W,78.67745419,219.9166667,0
YGR085C,78.67745419,219.9166667,0
YOR362C,29.85753856,359.9904762,578
YHR203C,52.94792347,317.1666667,0
YBL072C,52.08000997,317.1666667,0
YFR050C,28.40974529,357.9571429,578
YGR232W,32.02698937,506.9166667,0
YDL147W,31.29914724,506.9166667,0
YDL081C,78.67745419,177.5666667,0
YGL011C,32.02698937,433,0
YDR382W,77.88501592,177.5666667,0
YHR200W,32.02698937,425.8333333,0
YFR052W,32.02698937,425.6333333,0
YLR441C,54.58898734,244,0
YPL131W,78.96797286,165.7333333,0
YLR340W,78.96797286,165.7333333,0
YDL061C,54.58898734,230,0
YML092C,31.78413223,380.1,0
YMR314W,31.78413223,380.1,0
YDR427W,30.67368704,389.05,0
YBR173C,31.78413223,367.5,0
YPL129W,12.62222222,917,0
YOR117W,31.22829774,368.9809524,0
YDL020C,31.8382258,350.2666667,0
YJR123W,54.58898734,202.15,0
YOR167C,54.58898734,201.95,0
YHL015W,54.58898734,201.9,0
YLR264W,47.23529412,223.15,0
YOL038W,31.78413223,331.2404762,0
YGL189C,54.58898734,190.35,0
YOL127W,77.01675334,123.8,0
YIL075C,31.32857538,286.7517857,0
YGR135W,32.04744263,278.4095238,0
YDR069C,32.02698937,272.252381,0
YPR108W,31.88907803,273.35,0
YGR270W,32.02698937,270.85,0
YDL007W,32.02698937,270.85,0
YHR027C,29.74542852,291.2904762,0
YDL097C,31.78413223,270.85,0
YFR004W,30.8668215,274.7893939,0
YKL145W,28.18604651,291.132695,0
YOR259C,29.80579437,275.0402778,0
YGL048C,29.54917214,276.2924603,0
YLR167W,54.58898734,145.8833333,0
YNL178W,54.58898734,103.7722222,0
YNL252C,30,107.5,80
YKR085C,30,107.5,0
YMR193W,30,107.5,0
YKR006C,30,107.5,80
YGR076C,30,107.5,0
YBR282W,30,107.5,80
YMR116C,54.87895795,54.32777778,0
YLR367W,54.58898734,54.32777778,0
YDR064W,54.58898734,54.32777778,0
YPR132W,54.58898734,54.32777778,0
YDR025W,54.58898734,54.32777778,0
YER074W,54.58898734,54.32777778,0
YPL081W,54.58898734,54.32777778,0
YOL040C,54.58898734,54.32777778,0
YJR145C,54.58898734,54.32777778,0
YLR287CA,54.58898734,54.32777778,0
YMR230W,54.58898734,54.32777778,0
YKL156W,54.58898734,54.32777778,0
YNL302C,54.58898734,54.32777778,0
YNL096C,54.58898734,54.32777778,0
YOL121C,54.58898734,54.32777778,0
YDR450W,54.58898734,54.32777778,0
YOR182C,54.58898734,54.32777778,0
YLR388W,54.58898734,54.32777778,0
YIL069C,54.58898734,54.32777778,0
YLR048W,54.58898734,54.32777778,0
YHR021C,54.58898734,54.32777778,0
YOR369C,54.58898734,54.32777778,0
YBR181C,54.58898734,54.32777778,0
YGR027C,54.58898734,54.32777778,0
YCR031C,54.58898734,54.32777778,0
YJL191W,54.58898734,54.32777778,0
YBR189W,54.58898734,54.32777778,0
YGL123W,54.58898734,54.32777778,0
YML024W,54.58898734,54.32777778,0
YER102W,54.58898734,54.32777778,0
YOR293W,54.58898734,54.32777778,0
YMR143W,54.58898734,54.32777778,0
YML026C,54.58898734,54.32777778,0
YDL083C,54.58898734,54.32777778,0
YML063W,54.58898734,54.32777778,0
YDR447C,54.58898734,54.32777778,0
YKR057W,54.58898734,54.32777778,0
YJL136C,54.58898734,54.32777778,0
YPL090C,53.83146854,54.32777778,0
YER131W,53.83146854,54.32777778,0
YGR118W,53.79638082,54.32777778,0
YGR214W,53.79638082,54.32777778,0
YOR096W,53.79638082,54.32777778,0
YBR048W,52.94792347,54.32777778,0
YPR162C,16.5545831,173.7142857,80
YNL005C,30,78.66666667,80
YKL138C,30,78.66666667,80
YKL167C,30,78.66666667,80
YJL063C,30,78.66666667,0
YDR237W,30,78.66666667,0
YKL170W,30,78.66666667,0
YDR405W,30,78.66666667,0
YBR122C,30,78.66666667,0
YGR220C,30,78.66666667,0
YNL284C,30,78.66666667,0
YJR042W,4.756283511,39.17857143,461.5833333
YDL005C,16.87342211,124.5380952,0
YKL080W,12.15776144,172.5,0
YHR147C,30,69.83333333,0
YBL038W,30,69.83333333,0
YGL025C,16.87342211,121.9924603,0
YHR041C,16.32634921,124.9309524,0
YGR020C,11.7244281,173,0
YOR332W,12.01470588,157,0
YDL192W,7.391223156,251,0
YER022W,16.10079365,114.5531746,0
YLR071C,16.87342211,107.6686508,0
YGL151W,16.87342211,107.6686508,0
YBR060C,16.03293808,113.2012987,80
YJR006W,14.95615447,121.2857143,80
YCR003W,30,60.25,0
YOR150W,30,60.25,0
YOL051W,15.76746032,114.0269841,0
YOR224C,14.01295384,121.6666667,0
YML065W,14.91666667,113.412987,80
YEL051W,10.92222222,154.3333333,0
YBR154C,13.96674877,110.1539683,26
YLR312WA,30,50.83333333,0
YPL173W,30,50.83333333,0
YMR286W,30,50.83333333,0
YLR439W,30,50.83333333,0
YBR268W,30,50.83333333,0
YNL185C,30,50.83333333,0
YDL202W,30,50.83333333,0
YDR322W,30,50.83333333,0
YMR024W,30,50.83333333,0
YJL096W,30,50.83333333,0
YDR462W,30,50.83333333,0
YMR225C,30,50.83333333,0
YER117W,78.96797286,19.06666667,0
YLR061W,78.67745419,19.06666667,0
YJL189W,78.67745419,19.06666667,0
YBR084CA,78.67745419,19.06666667,0
YGR148C,78.67745419,19.06666667,0
YNL067W,78.67745419,19.06666667,0
YLR029C,78.67745419,19.06666667,0
YMR121C,78.67745419,19.06666667,0
YMR194W,78.67745419,19.06666667,0
YML073C,78.67745419,19.06666667,0
YIL018W,78.67745419,19.06666667,0
YNL301C,78.67745419,19.06666667,0
YHR141C,78.67745419,19.06666667,0
YHL033C,78.67745419,19.06666667,0
YLR406C,78.67745419,19.06666667,0
YGL147C,78.67745419,19.06666667,0
YDL184C,78.67745419,19.06666667,0
YKR094C,78.67745419,19.06666667,0
YLL045C,78.67745419,19.06666667,0
YOL120C,78.67745419,19.06666667,0
YDL082W,78.67745419,19.06666667,0
YPL079W,78.67745419,19.06666667,0
YPL143W,78.67745419,19.06666667,0
YBR031W,78.67745419,19.06666667,0
YJL177W,78.67745419,19.06666667,0
YFL034CA,78.67745419,19.06666667,0
YFR031CA,78.67745419,19.06666667,0
YLR325C,78.67745419,19.06666667,0
YDR418W,78.67745419,19.06666667,0
YBL027W,78.67745419,19.06666667,0
YLR344W,78.67745419,19.06666667,0
YOR312C,78.67745419,19.06666667,0
YPR043W,78.67745419,19.06666667,0
YDL133CA,78.67745419,19.06666667,0
YDL130W,78.67745419,19.06666667,0
YDR500C,78.67745419,19.06666667,0
YDR471W,78.67745419,19.06666667,0
YGL030W,78.67745419,19.06666667,0
YGL031C,78.67745419,19.06666667,0
YDL136W,78.67745419,19.06666667,0
YGL103W,78.67745419,19.06666667,0
YDL191W,78.67745419,19.06666667,0
YGL076C,78.67745419,19.06666667,0
YKL006W,78.67745419,19.06666667,0
YJR094WA,78.67745419,19.06666667,0
YBR191W,78.67745419,19.06666667,0
YPL198W,78.67745419,19.06666667,0
YNL069C,78.67745419,19.06666667,0
YIL133C,78.67745419,19.06666667,0
YNL162W,78.67745419,19.06666667,0
YPL220W,78.67745419,19.06666667,0
YLR448W,78.67745419,19.06666667,0
YIL148W,78.67745419,19.06666667,0
YHL001W,78.67745419,19.06666667,0
YER056CA,78.67745419,19.06666667,0
YMR242C,78.67745419,19.06666667,0
YFR032CA,78.67745419,19.06666667,0
YDR012W,78.67745419,19.06666667,0
YIL052C,78.67745419,19.06666667,0
YHR010W,78.67745419,19.06666667,0
YKL180W,78.67745419,19.06666667,0
YLR185W,78.67745419,19.06666667,0
YOR234C,78.67745419,19.06666667,0
YBL087C,77.88501592,19.06666667,0
YMR142C,77.88501592,19.06666667,0
YGL135W,77.88501592,19.06666667,0
YDL075W,77.88501592,19.06666667,0
YGR034W,77.88501592,19.06666667,0
YEL054C,77.88501592,19.06666667,0
YLR075W,77.88501592,19.06666667,0
YOR063W,77.04057637,19.06666667,0
YPR102C,76.11137574,19.06666667,0
YOR210W,13.61083744,106.4944444,0
YPL249CA,73.51162791,19.06666667,0
YMR236W,11.65896783,118.6111111,102
YER179W,15.17222222,90.10515873,0
YBR198C,10.95267974,123.7166667,114
YGR252W,10.10217257,47.44293032,130
YPL254W,9.971252865,111.1666667,130
YPR019W,16.03664596,50.98387446,80
YLR274W,16.00560789,66.50396446,80
YBR278W,14.95615447,85.22857143,0
YPR036W,12.15776144,104,0
YDR145W,11.00907605,100.8545455,114
YJR122W,8.711226927,139.3333333,0
YPR134W,11.36483516,106,0
YKR036C,10.88824697,110.0166667,0
YGL112C,11.34653595,99.41623932,0
YPR187W,13.51724138,82.32460317,0
YHR143WA,14.01295384,76.75555556,0
YDL185W,12.01470588,85.9047619,0
YPL234C,12.15776144,81.85,0
YBR127C,12.01470588,81.3482684,0
YOL148C,8.484073378,111.2,0
YDR298C,12.19576515,76.66666667,0
YKL016C,12.19576515,76.66666667,2
YJL133W,11.36483516,81.16666667,0
YNL113W,13.10154086,69.91666667,0
YKR052C,11.36483516,78.08333333,0
YMR054W,12.15776144,69.29047619,0
YPR072W,9.623290043,81.1984127,34
YLR055C,8.484073378,91.93333333,0
YDR377W,12.19576515,61.5,0
YDL004W,12.19576515,61.5,0
YPL271W,12.19576515,61.5,0
YBL023C,15.70289855,47.53102643,0
YDL184WB,12.15776144,61.35194805,0
YHR026W,12.15776144,61.35194805,0
YLR447C,12.15776144,61.35194805,0
YEL027W,12.15776144,61.35194805,0
YNL261W,16.5545831,44.8226931,0
YHR118C,16.5545831,44.8226931,0
YGR084C,11.74505495,61.5,0
YOR270C,10.86993464,66.39361472,0
YHR039CA,11.7244281,61.35194805,0
YLL004W,16.03293808,44.8226931,0
YEL032W,16.95158103,41.65440305,0
YIR021W,11.36483516,61.91666667,0
YDR156W,8.686308892,80,0
YOR340C,8.686308892,80,2
YNR052C,8.885480859,77.03095238,0
YOR158W,11.08571429,61.5,0
YBR120C,11.36483516,59.08333333,0
YBR039W,12.19576515,54.95,0
YBR202W,16.03664596,41.65440305,0
YDR448W,8.348521772,59.30242813,80
YPL078C,12.19576515,54.75,0
YPR020W,12.19576515,54.55,2
YOL005C,7.213182733,90.83333333,12
YIL021W,7.541533752,86.78571429,0
YPR110C,11.95265593,53.69047619,0
YLR103C,16.00560789,38.94606972,0
YDL165W,9.322128852,66.41428571,0
YGL201C,15.74771316,38.94606972,0
YDL181W,9.578947368,63.66666667,2
YDR167W,7.928104575,76.31847626,0
YIL038C,8.687570028,69.22619048,0
YNL262W,15.44746377,36.6124231,0
YJR022W,2.326530612,47.83333333,242
YDR322CA,12.90112229,43.47380952,0
YDR460W,7.404761905,75.4,10
YAL021C,10.01968954,54.96666667,0
YFL028C,10.61881419,50.84761905,0
YJR121W,12.50773994,43.12142857,0
YCR093W,8.665266106,62.10128205,0
YOL077WA,12.19576515,43.47380952,0
YML081CA,12.19576515,43.47380952,0
YIL106W,8.640714106,60.74285714,0
YLR295C,10.625387,49.06666667,0
YHL004W,11.74505495,44.33333333,0
YNL306W,11.74505495,44.33333333,0
YDR337W,11.74505495,44.33333333,0
YBR146W,11.74505495,44.33333333,0
YBL099W,11.27244582,45.95,0
YPL029W,11.36483516,45.15952381,0
YDL102W,14.95615447,33.85051834,0
YPR175W,14.95615447,33.85051834,0
YJR043C,14.67682571,33.85051834,0
YDR176W,8.279306695,59.68955387,0
YML098W,6.373590952,71,12
YGR222W,10.2,44.23452381,0
YJL140W,7.774889173,58.01785714,12
YDR392W,8.591094135,50.59114117,0
YGR092W,9.829598506,44.14285714,0
YPR034W,8.295424837,51.45,0
YPL010W,6.798149563,62,17.33333333
YKL003C,11.74505495,35.25,0
YGL070C,7.558919052,54.70714286,12
YML015C,6.629463755,62.16666667,0
YPL011C,6.629463755,61.66666667,0
YLR382C,11.36483516,35.89880952,0
YDL044C,11.36483516,35.89880952,0
YOR334W,11.36483516,35.89880952,0
YDR194C,11.36483516,35.89880952,0
YBR251W,11.08571429,35.25,0
YBR081C,8.484073378,45.7617552,0
YMR287C,10.77142857,35.89880952,0
YOR151C,7.741444357,49.66666667,0
YMR033W,8.295424837,46.24836601,0
YER068W,8.640714106,44.14285714,0
YHR099W,8.162919531,45.7617552,0
YDR404C,7.213182733,51.64285714,0
YDL160C,8.711226927,42.72619048,0
YMR023C,10.2,35.89880952,0
YOR213C,5.655462185,62.6,42
YDR238C,6.798149563,51.66666667,17.33333333
YKL142W,12.13333333,28.66666667,0
YNL151C,7.430581686,46.5,12
YDL045WA,11.74505495,28.66666667,0
YPR166C,11.74505495,28.66666667,0
YHR075C,11.74505495,28.66666667,0
YDR347W,11.74505495,28.66666667,0
YMR146C,4.868055556,25.17651515,68
YHR005CA,8.6,37.89880952,0
YDL140C,6.093514751,53,0
YGR274C,6.918576097,46.51278166,0
YNR003C,7.289556045,44,12
YGL137W,6.748798914,46.30952381,10.11111111
YBR254C,8,38.6,0
YDL145C,6.634513199,46.46428571,10.11111111
YKR008W,6.211594941,49.16666667,36
YCR052W,6.211594941,47.8,0
YJL194W,7.435546376,39.74675325,0
YLR078C,5.517857143,53.08333333,0
YIL076W,6.798149563,41.32539683,0
YHR117W,6.533333333,42.5,0
YNL287W,5.665826331,48.51190476,0
YFR051C,6.634513199,41.32539683,0
YDR472W,8,34.26666667,12.5
YML077W,8,34.26666667,12.5
YLR268W,4.98166393,53.73809524,0
YLR418C,6.812266982,38.19761905,0
YIL004C,7.030812325,36.37301587,0
YNL244C,4.385996456,54.5952381,0
YDR246W,8,29.92380952,12.5
YKL144C,7.430581686,31.5,12
YJR063W,8.686308892,26.93055556,2
YCR042C,6.373590952,36.36480186,0
YMR227C,6.373590952,36.36480186,0
YGR056W,5.815635345,39.84166667,36
YER070W,2.595238095,87,0
YIL126W,6.211594941,23.32843137,36
YMR203W,6.366666667,34.83333333,2
YHR166C,7.733333333,28.4,0
YJL148W,8.686308892,25.26150794,0
YNL248C,8.686308892,25.26150794,0
YLR005W,6.231024531,35.09206349,2
YFR037C,7.463585434,29.24836601,0
YLR357W,6.033817163,31.24166667,36
YOR341W,8.560667866,25.26150794,0
YLR102C,7.992857143,26.66666667,0
YIL143C,6.991071429,30.26845238,0
YDR225W,5.881843647,35.9,24
YFR049W,11.74505495,17.83333333,0
YPR010C,8.270191676,25.26150794,0
YHR061C,3.768722944,54.15357143,0
YKR068C,8,25.38730159,24
YOR065W,6.902777778,29.33333333,0
YDR118W,7.992857143,24.6,0
YPR056W,4.936868687,39.28571429,2
YOR116C,7.826684306,22.88571429,0
YOR361C,3.889880952,45.83333333,0
YDR407C,8,21.97460317,0
YGR166W,8,21.97460317,0
YOR115C,8,21.97460317,0
YKL022C,8.1,21.6,0
YLR321C,5.815635345,29.24836601,0
YDR201W,2.361111111,12.66666667,72
YMR218C,8,21.03809524,0
YDL116W,5.009126672,33.43095238,0
YDR108W,8,19.93015873,0
YDR443C,3.533151652,45,0
YER171W,6.226190476,25.25016278,0
YNL131W,6.366666667,24.51666667,0
YPL122C,6.106684982,25.53305322,0
YBL084C,8.90952381,16.7952381,0
YOR045W,6.533333333,22.9,0
YPR190C,7.430581686,19.41071429,0
YJL166W,6.902777778,20.66666667,2.25
YDR529C,6.902777778,20.66666667,4
YOR207C,7.289556045,19.41071429,0
YDR429C,3.874007937,21.58055556,36
YNL062C,3.874007937,35.66666667,36
YMR309C,3.874007937,22.69444444,36
YGL172W,3.4503663,39.5952381,8.25
YOR249C,7.992857143,17,0
YGR119C,3.047619048,44.16666667,8.25
YDL008W,7.992857143,16.7952381,0
YFR036W,7.992857143,16.7952381,0
YGL240W,7.992857143,16.7952381,0
YMR060C,6.533333333,19.93809524,0
YPR133WA,6.533333333,19.93809524,0
YEL024W,6.222222222,20.66666667,2.25
YNL070W,5.6,22.9,2
YDR328C,3.833333333,33.40158942,0
YFR033C,6.902777778,17.6,0
YNL121C,6.533333333,18.5,0
YGR082W,6.144444444,19.54285714,2
YBR079C,3.3125,24.06944444,36
YDR311W,6.20021645,19.21989963,0
YGR095C,4.672619048,24.83333333,20
YPR025C,6.025974026,19.21989963,0
YML012W,4.285714286,27,16.25
YPR191W,6.902777778,16.40952381,0
YOR103C,6.611111111,17,2
YPL174C,2.099145299,52.66666667,0
YER054C,3.866666667,28.25,0
YDL108W,6.140880858,17.76904762,0
YBL045C,6.902777778,15.51428571,0
YGR183C,6.902777778,15.51428571,0
YHR001WA,6.902777778,15.51428571,0
YGL092W,4.032796153,26.42490842,0
YOR290C,6.03916541,17.22222222,0
YJL176C,5.982124412,17.22222222,0
YPL248C,3.071690034,32.28888889,0
YDR076W,3.333333333,29.5,0
YCR088W,2.62068668,37.33333333,0
YMR201C,2.559726267,37.8,34
YBR289W,5.498441428,17.22222222,0
YGR195W,4.672619048,13.04448884,20
YCR035C,4.672619048,16.15555556,20
YHR051W,5.892857143,15.66666667,0
YDR309C,2.269318182,40.1724026,0
YKL011C,2,45,0
YDR073W,5.188884318,17.22222222,0
YLR229C,3.375,26.39228272,0
YNL290W,4,22.25,0
YOL094C,4,22.25,0
YGR258C,6.459090909,13.64460784,0
YNR023W,5.116157046,17.22222222,0
YHL025W,5.188884318,16.88888889,0
YDR335W,4.188503113,20.7262765,0
YHR107C,2.666666667,19.94372294,32
YOL069W,2.833333333,29.66666667,0
YDR280W,4.672619048,17.94444444,6
YDR224C,4.12464986,19.91428571,6
YKL042W,2.277777778,21.25,36
YMR311C,3.822222222,21.25,0
YNL282W,7,11.44444444,0
YBR257W,7,11.33333333,0
YFL039C,2.862433862,27.30190058,0
YKL122C,3.866666667,20,0
YLR208W,4.945238095,15.63690476,2.833333333
YPL016W,4.452287582,17.22222222,0
YBR167C,7,10.58888889,0
YHR062C,7,10.58888889,0
YDL132W,3.026515152,24.4,0
YKL057C,3.05030525,24.1510989,0
YDL111C,4.672619048,15.70789211,0
YLR362W,3.2,22.84285714,0
YGL100W,3.011904762,24.14285714,10.97222222
YLR395C,5.892857143,12.08333333,0
YNL052W,5.892857143,12.08333333,0
YGL200C,4.178571429,17,16.25
YGR030C,7,10.12323232,0
YGL163C,3.333333333,21.10119048,2
YNL221C,7,9.866666667,0
YGL019W,3.333333333,20.5,0
YDR202C,1.347222222,50.33333333,0
YJL002C,6.805555556,9.916666667,2
YMR127C,2.714285714,16.40833333,24
YLR216C,2.166666667,30,0
YJL089W,3.743589744,17.25,0
YFR034C,2.280016878,28,0
YHR069C,4.196428571,15.06262626,0
YLR038C,5.892857143,10.5,0
YDR181C,2.714285714,22.2,0
YBR088C,3.285714286,8.458333333,18
YJL041W,1.311126374,45,0
YMR117C,2.51965812,23.4,2
YLR293C,2.742647059,21.19545455,2
YPL210C,3.866666667,14.83333333,2
YKL081W,3.511111111,16.33333333,0
YNL071W,2.678571429,21.33333333,0
YIL142W,6.222222222,9,0
YAL033W,7,7.870707071,0
YIR015W,7,7.870707071,0
YBL018C,7,7.870707071,0
YBR010W,3.406162465,16.00490196,0
YLR166C,4.055735931,13.33333333,0
YBL003C,4.255538579,12.6,2
YIL035C,3.587301587,14.93888889,0
YML019W,6.611111111,8.083333333,2
YLR127C,7.242857143,7.314285714,0
YIL066C,2.571428571,20.13333333,0
YML105C,3.866666667,13.33333333,0
YML109W,1.359848485,37.90714286,0
YBR087W,2.761904762,18.375,0
YGL187C,5.25,9.6,0
YDL067C,5.892857143,8.533333333,0
YMR256C,5.892857143,8.533333333,0
YGL191W,5.892857143,8.533333333,0
YOL021C,3.75,12.92929293,0
YBR118W,2.330687831,20.66666667,0
YIL109C,4.887955182,9.813492063,0
YGR040W,3.038956365,15.6,0
YDR004W,2.333333333,20.22380952,0
YML032C,3.333333333,14.08928571,0
YDL092W,3.866666667,12,0
YER118C,2.253165313,20.54545455,0
YDL017W,4.505105402,10.18831169,0
YMR053C,0.915151515,50,0
YPL243W,3.866666667,11.7,2
YGR193C,2.678571429,16.75,0
YPL240C,2.652777778,16.81758242,0
YIL007C,1.482664996,29.66666667,0
YPL218W,4.482026144,9.813492063,0
YJR068W,2.895238095,15.125,0
YNL298W,1.717166167,25.2794955,0
YPR181C,4.387955182,9.813492063,0
YOR217W,2.895238095,14.85,0
YIL062C,3.00952381,14,0
YJL026W,2.219047619,18.8,0
YOR061W,3.587301587,11.15555556,0
YJL014W,5.488095238,7,0
YBR009C,2.761904762,13.68347339,0
YDR212W,5.166666667,7,0
YJL008C,5.166666667,7,0
YLR310C,2.253968254,16,0
YER148W,1.477351916,24.40996732,2
YPL124W,2.173611111,16.58333333,10.25
YPL042C,2.873629067,12.40238095,0
YJR065C,3.235929288,10.88975469,0
YPR088C,3.333333333,10.53333333,2
YFL009W,2.042929293,16.90277778,0
YDL043C,1.894736842,18,0
YDL195W,4.285714286,7.75,0
YDL029W,2.871837341,11.56493506,0
YBR221C,2.678571429,12.27777778,0
YER178W,2.678571429,12.27777778,0
YER112W,1.826086957,18,0
YER133W,3.066666667,10.71428571,0
YDR052C,2.868741765,11.40909091,0
YHR152W,1.666666667,19.5,0
YPL085W,4.178571429,7.75,0
YMR186W,2.444444444,12.84642857,0
YMR149W,6.805555556,4.583333333,0
YGL022W,6.805555556,4.583333333,0
YEL002C,6.805555556,4.583333333,0
YLR423C,2.132478632,14.62179487,0
YER095W,2.333333333,13.20952381,0
YCR077C,1.772727273,17.125,0
YOR085W,6.611111111,4.583333333,0
YGL226CA,6.611111111,4.583333333,0
YDL232W,6.611111111,4.583333333,0
YLR370C,3.00952381,10.01428571,0
YJL164C,2.4,12.5,0
YMR055C,1.968253968,15.2,0
YLR026C,1.685743263,17.36111111,0
YDR388W,2.761904762,10.57174185,0
YPL256C,2,14.57142857,0
YKL013C,3.171083506,9.122077922,0
YNL025C,2.099429982,13.57142857,0
YGL121C,0.833333333,34,0
YLR384C,1.622634768,17,0
YAL003W,3.511111111,7.833333333,0
YPR080W,3.511111111,7.833333333,0
YGL153W,2.987012987,9,0
YMR109W,3.23992674,8.285353535,0
YKL166C,2.4,11.14545455,0
YDR192C,1.307692308,20.38690476,0
YPL161C,0.8,32.66666667,0
YOR069W,2.857142857,9.114285714,0
YDR028C,2.411111111,10.71428571,0
YLR291C,3.333333333,7.666666667,0
YGR083C,3.333333333,7.666666667,0
YFL008W,2.222222222,11.475,0
YOR181W,1.38034188,18.375,0
YML058W,1.50952381,16.75,0
YOR178C,2.211111111,11.06190476,0
YKR084C,3.111111111,7.833333333,0
YKL193C,2.411111111,10.08333333,0
YEL009C,1.829363354,13.28034188,0
YNR035C,2.876190476,8.412987013,0
YLR442C,2.397610559,6.259103641,10
YER020W,2,11.90952381,0
YNL309W,0.915151515,25.04,0
YDR113C,1.428571429,16,0
YER027C,2.582539683,8.85,0
YLR093C,1.478927203,15.16666667,0
YPL259C,2.4,9.333333333,0
YGL208W,3.782539683,5.885714286,0
YER059W,0.666666667,33,0
YJL111W,5.488095238,4,0
YDL143W,5.488095238,4,0
YDR188W,5.488095238,4,0
YIL063C,1.373611111,15.91666667,0
YPR165W,2.101010101,10.3974359,0
YJL025W,1.342857143,16.25,0
YLR288C,1.636363636,13.33333333,0
YDR103W,2.738461538,7.813095238,0
YOR212W,2.322594073,9.211904762,0
YNL172W,8.90952381,2.4,0
YBR200W,0.94747151,22.25,0
YDL074C,2.911111111,7.208333333,0
YOL004W,0.727272727,28.485,0
YJR064W,5.166666667,4,0
YNL090W,1.411111111,14.58333333,0
YPR018W,2.00952381,6.7,10
YDR507C,2.506089744,8.012066365,0
YNL243W,2.350189577,8.450838635,0
YML095C,1.709303562,11.5,10
YMR043W,2.655555556,7.333333333,0
YER157W,1.252941176,15.33571429,0
YKL058W,1.154761905,16.5,2
YLR335W,1.486894717,12.55551116,4
YBL002W,4.255538579,4.357142857,0
YNL030W,4.255538579,4.357142857,0
YNL031C,4.255538579,4.357142857,0
YFR002W,1.570792933,11.70833333,4
YPL022W,2.105263158,8.684210526,0
YNL167C,1.411111111,12.6,0
YBR109C,1.95,9.090909091,0
YDL217C,2.65,6.6,0
YDR216W,1.29606676,13.19661824,0
YBR091C,2.65,6.4,0
YGR180C,1.019047619,16.6,0
YKL108W,1,16.88888889,0
YER165W,1.246582081,13.38195971,0
YNL189W,1.905311355,8.641666667,0
YOR194C,1.154761905,14.25,2
YMR059W,2.4,6.666666667,0
YKL020C,1,15.6,0
YDR362C,2.128571429,7.25,0
YGL115W,2.582539683,5.907142857,0
YEL037C,1.173365139,12.88452381,5.25
YGL003C,1.333333333,11.33333333,0
YLR438CA,2.186895811,6.815789474,0
YER114C,0.546678322,27.25,0
YDR142C,2.963203463,5,0
YBL014C,1.261904762,11.5,0
YJL074C,1.25,11.54166667,0
YML112W,1.6,8.833333333,0
YOR106W,1.256704981,11.23333333,0
YML043C,1.261904762,10.95,0
YJR112W,1.652777778,8.327777778,0
YCR084C,2.106442577,6.420855615,0
YGL237C,2.4,5.6,0
YGR078C,2.6,5.166666667,0
YPL115C,1.622377622,8.15,0
YOR039W,1.69047619,7.708333333,0
YDR422C,2.211111111,5.885714286,0
YPR086W,0.784316561,16.57222222,0
YBL016W,1.584737485,8.071428571,0
YPR055W,4.103354978,3.041666667,0
YJL085W,4.103354978,3.041666667,0
YJL054W,2.65,4.675,0
YIL068C,4.055735931,3.041666667,0
YPL048W,3.511111111,3.5,0
YLR292C,1.833333333,6.666666667,0
YHL007C,0.825498575,14.58014354,0
YNL271C,0.889858732,13.30701754,0
YER009W,0.620039683,18.83333333,0
YOR195W,1.411111111,8.25,0
YNL250W,2.945386558,3.933333333,0
YDL159W,1.564102564,7.271428571,0
YEL043W,2.254166667,5.041666667,0
YLR277C,1.614285714,7.035714286,0
YLR200W,2.3,4.761904762,0
YER008C,3.579545455,3.041666667,0
YAL001C,2.278571429,4.75,0
YIR008C,1.520289855,7,0
YGL086W,1.428571429,7.428571429,0
YBR044C,1.5,7,0
YDR130C,1.616605617,6.461538462,0
YNL314W,1.375,7.5,0
YHR206W,1.648351648,6.181818182,2
YJR090C,2.246969697,4.488445378,0
YDL064W,1.720512821,5.843137255,0
YMR308C,0.767485755,12.96753247,0
YMR255W,0.771794872,12.66666667,0
YJR052W,1.333333333,7.25,0
YPL255W,1.2,7.5,8
YMR198W,1.433333333,6.666666667,0
YHR030C,1.96031746,4.833333333,0
YKL148C,2.5,3.785714286,0
YLL041C,2.5,3.785714286,0
YDR477W,1.6,5.885714286,0
YEL003W,2.6,3.619047619,0
YML094W,2.6,3.619047619,0
YMR042W,1.317460317,7.119047619,0
YLR115W,1.20952381,7.75,0
YGL233W,3.075757576,3.041666667,0
YML099C,1.079365079,8.666666667,0
YJL154C,2.178571429,4.285714286,0
YBR133C,1.333333333,7,0
YJR075W,1.333333333,7,0
YPL094C,1.833333333,5.083333333,0
YJL053W,2.178571429,4.257142857,0
YGR047C,2.285714286,4.023809524,0
YDL207W,1.005128205,9.075,0
YBR123C,2.238095238,4.023809524,0
YOR276W,1.5,6,0
YOR110W,2.278571429,3.880952381,0
YER125W,1.768091168,4.918128655,0
YDL101C,1.428571429,6,0
YKL112W,1.69047619,5.055555556,0
YBR171W,1.833333333,4.633333333,0
YJR076C,2.287179487,3.705882353,0
YDR129C,1.383964184,5.961988304,0
YIL072W,1.366666667,6,0
YNL153C,2,4.023809524,0
YDR301W,1.20952381,6.6,0
YGL035C,1.682539683,4.714285714,0
YPL181W,0.65952381,12,0
YLR170C,1.466666667,5.333333333,0
YER173W,1.428571429,5.428571429,2
YKL117W,0.888888889,8.628571429,0
YOR250C,1.903571429,4,0
YFL038C,1.882478632,4,0
YJL157C,2.245813397,3.333333333,0
YOL133W,1.428571429,5.2,0
YDR166C,3.936688312,1.875,0
YER023W,0.666666667,11,0
YML064C,1.777777778,4.1,0
YKL068W,0.666666667,10.85714286,0
YIL144W,2.153846154,3.333333333,0
YOR260W,2.1,3.416666667,0
YDR211W,2.1,3.416666667,0
YML057W,1.326923077,5.4,0
YPL203W,1.2,5.940909091,0
YOR027W,0.976190476,7.285714286,0
YKR026C,2,3.5,0
YGL116W,1.333333333,5.2,0
YLR396C,1.711111111,4.041666667,0
YBL021C,2.4,2.857142857,0
YDR295C,1.14965035,5.916666667,0
YFL018C,2.571428571,2.638888889,0
YML051W,1.452631579,4.666666667,0
YLR148W,1.511111111,4.4,0
YMR047C,0.695652174,9.35,0
YDR054C,1.152525253,5.625816993,0
YDL220C,1.2,5.333333333,0
YHR012W,1.285714286,4.8,0
YJL173C,1.6,3.8,2
YOR254C,1.5,4.05,0
YGL090W,1,6,0
YGR140W,2.267857143,2.595588235,0
YJR007W,1.416666667,4.125,0
YBL085W,0.590967366,9.751515152,0
YKL135C,1.2,4.75,0
YDR395W,1.703174603,3.333333333,0
YHR135C,2.333333333,2.4,0
YJL183W,1.333333333,4.166666667,0
YOR319W,1,5.5,2
YCR009C,1.636363636,3.333333333,0
YIL046W,2.065151515,2.595588235,0
YNL154C,2.333333333,2.266666667,0
YPL204W,2.333333333,2.266666667,0
YGL178W,0.417710944,12.21428571,0
YOR046C,0.9,5.666666667,0
YJR045C,2.472222222,2.05,0
YAL056W,0.416666667,12.14285714,0
YOR371C,0.416666667,12.1,0
YPR029C,1.466666667,3.416666667,0
YML042W,1,5,0
YIL033C,1.2,4.113636364,0
YOL062C,2.4,2.05,0
YGL044C,2.324206349,2.083333333,0
YKR034W,1.375,3.5,2
YLR258W,1.2,4,0
YGR218W,2.062851782,2.321428571,0
YHR158C,1.777777778,2.666666667,0
YLR433C,2,2.355555556,0
YMR270C,0.647619048,7.25,0
YMR061W,2.224206349,2.083333333,0
YDR228C,2.057539683,2.25,0
YDL030W,1.838345865,2.5,0
YOL113W,0.666666667,6.857142857,0
YOL090W,1.060530113,4.289473684,2
YIL150C,0.566798419,8,0
YKR055W,1.2,3.75,0
YER172C,0.836091853,5.357142857,0
YMR094W,2.132936508,2.07239819,0
YCR096C,2,2.192513369,0
YNR053C,0.546694659,8,0
YNL166C,0.868589744,5,0
YBL007C,1.416666667,3.041666667,0
YKL196C,0.766760037,5.6,0
YPR017C,0.666666667,6.333333333,0
YGR144W,0.666666667,6.285714286,0
YLR263W,1.666666667,2.5,0
YML100W,1.733333333,2.4,0
YEL020WA,2.027777778,2,0
YNL098C,1.571428571,2.555555556,0
YDR051C,0.666666667,6,0
YFL031W,0.666666667,6,0
YLR105C,1.733333333,2.266666667,0
YPL083C,1.733333333,2.266666667,0
YDR173C,1.007936508,3.785714286,0
YMR199W,1.428571429,2.666666667,0
YFR024C,1.605682475,2.355555556,0
YER123W,1.133333333,3.333333333,0
YAL005C,0.603339073,6.248626374,0
YJR066W,0.75,4.923809524,0
YLR113W,1.691666667,2.166666667,0
YER025W,1.666666667,2.181818182,0
YLR319C,1.817989418,2,0
YBR264C,1.36025641,2.666666667,0
YIL138C,0.666666667,5.428571429,0
YNR017W,1.05,3.4,0
YJR086W,0.41991342,8.5,0
YOR020C,0.666666667,5.333333333,0
YML016C,1.766666667,2,0
YDR074W,1.733333333,2.033333333,0
YOR351C,1,3.5,0
YJL128C,1.391666667,2.5,0
YOR297C,1.2,2.875,0
YPL155C,1.361111111,2.5,0
YJL081C,0.842055004,4.023809524,0
YJL141C,1.2,2.8,0
YJL095W,1.670462388,2,0
YER017C,1.5,2.225,0
YDR150W,0.816666667,4.083333333,0
YER007W,1,3.333333333,0
YNL312W,1.6,2.056140351,0
YNL214W,1.62987013,2,0
YJR058C,1.3,2.5,0
YGL016W,0.400621118,8,0
YLR262C,1.76025641,1.818181818,0
YHR171W,1.2,2.666666667,0
YAL043C,0.804761905,3.971428571,0
YCL040W,0.666666667,4.75,0
YLL036C,1.576923077,2,0
YMR231W,1.566666667,2.004166667,0
YPL045W,1.566666667,2.004166667,0
YOL123W,1.5,2.083333333,0
YDR244W,1.558441558,2,0
YLR197W,0.583333333,5.333333333,0
YBL035C,1.122222222,2.761904762,0
YJL115W,0.80952381,3.825,2
YKL018W,0.571428571,5.314285714,0
YBR112C,0.633333333,4.790909091,0
YGL213C,1,3,0
YOR127W,0.412179487,7.195804196,0
YNL102W,1.069323671,2.761904762,0
YMR261C,1.733333333,1.666666667,0
YBR217W,1.2,2.4,0
YDR217C,1.2,2.4,0
YIL118W,0.793650794,3.625,0
YMR276W,0.307988545,9.25,0
YER115C,0.136363636,20,0
YBR055C,0.666666667,4,0
YDR131C,0.666666667,4,0
YFR031C,1.066666667,2.5,0
YIL128W,1.333333333,2,0
YJL090C,1,2.6,0
YBL105C,1.089285714,2.378787879,0
YOR132W,1.285714286,2,0
YDL175C,1.2,2.133333333,0
YOR232W,1.916666667,1.333333333,0
YKL109W,1.2,2.114285714,0
YOR358W,1.2,2.114285714,0
YOR075W,0.561111111,4.5,0
YMR038C,0.666666667,3.714285714,0
YJR005W,1.2,2.05,0
YER111C,0.535353535,4.587301587,0
YJR032W,0.822222222,2.984615385,0
YBR126C,1.2,2.033333333,0
YOR279C,0.642857143,3.75,0
YGL223C,0.42875817,5.6,0
YFR027W,1.2,1.571428571,2
YPL051W,1.2,2,0
YOR275C,1,2.4,0
YCR086W,0.367099567,6.428571429,0
YLR207W,1,2.297619048,0
YHR172W,1.090909091,2.04040404,0
YPL209C,0.676923077,3.285714286,0
YKL190W,1.326923077,1.666666667,0
YMR197C,0.596825397,3.666666667,0
YLR191W,1.090909091,2,0
YDR264C,0.425407925,5.125,0
YDR189W,0.465172736,4.646825397,0
YLL039C,0.525974026,4.1,0
YMR106C,1,2.153846154,2
YBR195C,0.666666667,3.2,0
YHR165C,0.63921492,3.333333333,0
YGR067C,1.049450549,2.023809524,0
YBL037W,1.3,1.6,0
YAR008W,1.733333333,1.2,0
YBR279W,0.254012171,8.125,0
YGL049C,0.805555556,2.5,0
YNL006W,1,2,0
YPL049C,1,2,0
YMR124W,0.333333333,6,0
YCL027W,0.240740741,8.166666667,0
YLR178C,0.395238095,4.964285714,0
YDL105W,0.476190476,4.117857143,0
YGL212W,0.685714286,2.833333333,0
YJL187C,1.333333333,1.454545455,0
YOR026W,0.666666667,2.8,0
YKL129C,0.908199987,2.04040404,0
YKL045W,1.420289855,1.285714286,0
YLL021W,0.561904762,3.2,0
YEL036C,0.666666667,2.666666667,0
YNL032W,0.666666667,2.666666667,0
YML088W,0.666666667,2.666666667,0
YEL061C,1.333333333,1.333333333,0
YOR310C,0.583333333,3.041666667,0
YDL239C,0.875,2,0
YKL082C,0.367099567,4.688636364,0
YGR009C,0.312260536,5.5,0
YJL006C,0.7,2.433333333,0
YJL143W,0.458333333,3.666666667,0
YDR245W,0.666666667,2.5,0
YLR347C,0.809198209,2.023809524,0
YLR182W,0.535353535,3,0
YNL023C,1,1.6,0
YKL139W,0.7,2.266666667,0
YGR184C,0.147923695,10.66666667,0
YPL126W,0.666666667,2.333333333,0
YNL093W,1.36025641,1.142857143,0
YAL041W,0.768589744,2.007575758,0
YMR159C,1,1.538461538,0
YLR394W,0.333333333,4.6,0
YGR246C,0.9,1.7,0
YDR416W,0.666666667,2.285714286,0
YMR280C,0.666666667,2.285714286,0
YIL071C,0.253968254,6,0
YDL014W,0.5,3.041666667,0
YGR186W,0.355555556,4.25,0
YDR310C,0.642857143,2.321428571,0
YFR028C,0.596825397,2.5,0
YBR155W,0.566666667,2.6,0
YKL141W,2.5,0.571428571,0
YDL193W,1,1.428571429,0
YHR119W,1.2,1.181818182,0
YDR390C,0.533333333,2.654545455,0
YPR141C,0.741666667,1.9,0
YHR005C,0.280952381,5,0
YGR162W,1.111111111,1.25,0
YNL039W,0.59047619,2.288235294,0
YMR022W,0.666666667,2,0
YFL059W,0.666666667,2,0
YDL134C,0.666666667,2,0
YER100W,0.666666667,2,0
YLR016C,0.666666667,2,0
YNL126W,1.090909091,1.222222222,0
YMR235C,1,1.333333333,0
YPR176C,0.583333333,2.266666667,0
YCR081W,0.557886558,2.321428571,0
YML054C,0.611111111,2.114285714,0
YBL050W,0.206896552,6.211111111,0
YER124C,0.290909091,4.4,0
YHR016C,0.628822055,2,0
YOR140W,0.290953008,4.321428571,2
YHL002W,0.467908903,2.666666667,0
YJR135WA,0.611111111,2.033333333,0
YGL122C,1,1.230769231,0
YJR033C,0.208333333,5.843137255,0
YCL008C,0.744155844,1.6,0
YCR079W,0.666666667,1.777777778,0
YKR002W,0.533333333,2.2,0
YDR168W,0.477777778,2.395604396,0
YMR032W,0.551667631,2.04040404,0
YER161C,1,1.111111111,0
YHR072WA,0.5,2.166666667,0
YDR267C,0.666666667,1.6,0
YLR109W,0.666666667,1.6,0
YHR183W,0.666666667,1.6,0
YBL025W,0.533333333,2,0
YLR141W,0.533333333,2,0
YLR452C,0.105263158,10,0
YKR082W,0.512472012,2.023809524,0
YML103C,0.508823529,2.017857143,0
YNL223W,0.325,3.157142857,0
YMR167W,0.271428571,3.720238095,0
YDR164C,0.361111111,2.761904762,0
YDR369C,1.490909091,0.666666667,0
YJL031C,0.583333333,1.666666667,0
YDR510W,1.333333333,0.727272727,0
YKL205W,0.1625,5.9,0
YNL225C,0.958333333,1,0
YLL024C,0.224603175,4.264194139,0
YLR035C,0.271428571,3.428571429,0
YOR368W,1.2,0.75,0
YPL237W,0.416666667,2.102272727,0
YHR089C,0.583333333,1.5,0
YER110C,0.425819531,2.023809524,0
YLR450W,0.5,1.714285714,0
YOR156C,0.143589744,5.843137255,0
YML102W,0.666666667,1.25,0
YDR498C,0.305555556,2.694444444,0
YBR156C,0.81025641,1,0
YMR263W,0.257575758,3.125,0
YKR066C,0.5,1.6,0
YNL041C,0.169934641,4.5,0
YPL026C,0.666666667,1.142857143,0
YJR093C,0.533333333,1.4,0
YOL068C,0.285714286,2.571428571,0
YBL106C,0.153846154,4.564102564,0
YML085C,0.25,2.8,0
YIL115C,0.333333333,2.033333333,0
YLR079W,0.132575758,5,0
YGR120C,0.258823529,2.514285714,0
YJL005W,0.238095238,2.694444444,0
YOL013C,1.083333333,0.583333333,0
YDL123W,0.154336043,4,0
YGR113W,0.533333333,1.142857143,0
YMR001C,1.2,0.5,0
YPR171W,0.295488722,2.007575758,0
YBL078C,0.253968254,2.266666667,0
YDR218C,0.666666667,0.857142857,0
YMR240C,0.253968254,2.207792208,0
YKL119C,0.558823529,1,0
YHR060W,0.558823529,1,0
YLR212C,0.666666667,0.818181818,0
YBR045C,0.211111111,2.55,0
YMR153W,1,0.533333333,0
YDR356W,0.236111111,2.166666667,2.25
YGR181W,0.611111111,0.833333333,0
YDR009W,0.252631579,2.011111111,0
YHR197W,0.666666667,0.75,0
YKR062W,0.375,1.333333333,0
YPL065W,0.290909091,1.666666667,0
YMR238W,0.138095238,3.5,0
YKR101W,0.223484848,2.102272727,0
YNL330C,1.106060606,0.4,0
YPL063W,0.611111111,0.714285714,0
YER032W,0.188034188,2.240384615,0
YKL048C,0.666666667,0.615384615,0
YHR073W,0.666666667,0.615384615,0
YOL139C,0.305555556,1.333333333,0
YGL061C,0.203417757,2,0
YMR129W,0.35,1.142857143,0
YCL032W,0.133333333,3,0
YJR089W,0.18452381,2.125,0
YNL124W,0.583333333,0.666666667,0
YOR231W,0.182539683,2.033333333,0
YDR002W,0.205128205,1.75,0
YHL031C,0.169934641,2,0
YPR105C,0.169934641,2,0
YJL151C,0.185391363,1.8,0
YJL110C,0.375,0.857142857,0
YAR007C,0.4,0.789473684,0
YMR089C,0.5,0.625,0
YNL084C,0.302020202,1,0
YOR370C,0.5,0.6,0
YER107C,0.115384615,2.571428571,0
YNL315C,0.121323529,2.333333333,0
YKL028W,0.375,0.75,0
YOR160W,0.244669964,1.142857143,0
YMR273C,0.138095238,2.009090909,0
YLR086W,0.275,1,0
YPL242C,0.078703704,3.48245614,0
YPR120C,0.153846154,1.625,0
YPR101W,0.243589744,1,0
YDR473C,0.073039742,3,0
YNL118C,0.058869702,3.48245614,0
YPL125W,0.097619048,2.023809524,0
YDR285W,0.366666667,0.5,0
YGR048W,0.4,0.454545455,0
YCL029C,0.361111111,0.5,0
YGL173C,0.250596313,0.631578947,0
YNL138W,0.208333333,0.75,0
YPL232W,0.361111111,0.428571429,0
YJL203W,0.153846154,1,0
YGL097W,0.267979987,0.571428571,0
YLR144C,0.09047619,1.666666667,0
YIR023W,0.375,0.4,0
YFL037W,0.325,0.357142857,0
YER105C,0.050125313,2.114285714,0
YLR147C,0.103741497,0.857142857,0
YGR005C,0.355555556,0.25,0
YLR314C,0.225,0.384615385,0
YMR192W,0.09047619,0.714285714,0
YER149C,0.333333333,0.166666667,0
YOL145C,0.048255814,0.260869565,0
YPL192C,0.666666667,0,0
YPL014W,0,0,0
YER175C,0,0,0
YHR084W,0.311111111,0,0
YPL170W,0,0,0
YAL055W,0,0,0
YCR002C,1.5,0,0
YGR262C,0,0,0
YGL244W,0,0,0
YPL091W,0,0,0
YDL137W,0,0,0
YIR003W,0,0,0
YGR024C,0,0,0
YOR191W,1.333333333,0,0
YGL104C,0.094298246,0,0
YBR169C,0,0,0
YPR159W,0,0,0
YAL031C,0,0,0
YHR204W,0,0,0
YOL108C,1.777777778,0,0
YBR275C,0,0,0
YDL200C,0,0,0
YFL003C,0,0,0
YGR103W,0,0,0
YDR398W,0,0,0
YDL006W,0,0,0
YHR068W,0,0,0
YJR053W,1.542857143,0,0
YGR225W,0,0,0
YPL153C,1.5,0,0
YGR240C,0,0,0
YPR093C,0,0,0
YEL066W,0,0,0
YGR152C,0.498484848,0,0
YBR130C,0,0,0
YML038C,0,0,0
YFR016C,0,0,0
YPR082C,0,0,0
YGL210W,0.16025641,0,0
YCR020CA,0,0,0
YGL234W,0,0,0
YLR386W,1,0,0
YNL317W,0,0,0
YHR047C,0,0,0
YFL035C,0,0,0
YNL044W,0,0,0
YOR344C,0,0,0
YLR267W,0,0,0
YPR112C,0,0,0
YNL053W,0,0,0
YKL154W,0,0,0
YAL040C,0.14354067,0,0
YKL105C,0,0,0
YJR073C,0,0,0
YPL169C,0,0,0
YFL036W,0,0,0
YBL063W,0,0,0
YOR005C,1,0,0
YBR115C,0,0,0
YER158C,0,0,0
YBL051C,0,0,0
YMR271C,0,0,0
YGL078C,0,0,0
YDR259C,0,0,0
YJL099W,0,0,0
YFL029C,0,0,0
YLR132C,0,0,0
YLR128W,0,0,0
YPL084W,0,0,0
YFR022W,0,0,0
YJL106W,0.666666667,0,0
YNL273W,0,0,0
YNL075W,0,0,0
YLR190W,0,0,0
YEL015W,1.873737374,0,0
YDR162C,0,0,0
YGR210C,0,0,0
YBL058W,0,0,0
YDR270W,0,0,0
YOR133W,0,0,0
YGR185C,0,0,0
YNL242W,0,0,0
YKR090W,0,0,0
YNL228W,0,0,0
YKR072C,0,0,0
YGL081W,0,0,0
YEL017W,0,0,0
YDR334W,0,0,0
YLR228C,0,0,0
YBL005W,0,0,0
YOL112W,0,0,0
YJR061W,0.666666667,0,0
YOR326W,0,0,0
YIL047C,0,0,0
YNL187W,0,0,0
YCR024CA,1.5,0,0
YMR172W,0,0,0
YGL183C,0,0,0
YAL014C,0,0,0
YGR032W,1.055555556,0,0
YGR074W,0,0,0
YJL138C,0,0,0
YNL227C,0,0,0
YML029W,0,0,0
YPR163C,0,0,0
YGL060W,0,0,0
YGL236C,0,0,0
YMR104C,0,0,0
YHR129C,0,0,0
YJR115W,0,0,0
YNL014W,0,0,0
YDR410C,0,0,0
YLR060W,1,0,0
YKL007W,0,0,0
YDL179W,0.666666667,0,0
YBR214W,0,0,0
YDR365C,0,0,0
YER029C,0,0,0
YOL091W,0,0,0
YNL106C,1.5,0,0
YIR011C,0,0,0
YPL121C,0,0,0
YMR213W,0,0,0
YBR135W,0,0,0
YER016W,0,0,0
YIL002C,0,0,0
YHR195W,0,0,0
YJL076W,0.138095238,0,0
YIL026C,0,0,0
YGR072W,0.226190476,0,0
YAR014C,0,0,0
YNL087W,0,0,0
YAL059W,0,0,0
YCL059C,0,0,0
YOR081C,0,0,0
YDL201W,0,0,0
YML115C,0,0,0
YGL194C,0,0,0
YLR453C,0,0,0
YLR082C,0.666666667,0,0
YLR010C,0,0,0
YGR200C,0,0,0
YLR238W,0,0,0
YAL019W,0,0,0
YDR214W,0,0,0
YOR111W,0,0,0
YHR196W,0,0,0
YBL101C,0,0,0
YJL029C,0,0,0
YNL263C,1.602564103,0,0
YJL057C,0,0,0
YER164W,0,0,0
YMR190C,0,0,0
YBR128C,0,0,0
YBL079W,0.191056911,0,0
YBR034C,0,0,0
YER176W,0,0,0
YOR303W,0,0,0
YPL036W,1.833333333,0,0
YDR195W,0,0,0
YJL112W,0.666666667,0,0
YCR034W,0.666666667,0,0
YIR017C,0.955555556,0,0
YJL061W,0.274270684,0,0
YHR113W,0,0,0
YKL023W,0,0,0
YER075C,1.333333333,0,0
YNL234W,0,0,0
YLR449W,0,0,0
YOL086C,0,0,0
YKR069W,0,0,0
YGR292W,0,0,0
YMR080C,1.833333333,0,0
YBR234C,0,0,0
YOR087W,0,0,0
YNL036W,0,0,0
YHR023W,0,0,0
YJL137C,0,0,0
YCR091W,0,0,0
YBR188C,0,0,0
YIL022W,0.527777778,0,0
YJL043W,0,0,0
YNL272C,1,0,0
YFL021W,0,0,0
YHR179W,0,0,0
YLR053C,0,0,0
YLR003C,0,0,0
YMR216C,0.051315789,0,0
YMR009W,0,0,0
YDR482C,0,0,0
YFR047C,0,0,0
YLR145W,0,0,0
YNL054W,0,0,0
YMR044W,0,0,0
YMR134W,0,0,0
YDR155C,0,0,0
YOR197W,0,0,0
YNL086W,0,0,0
YOR386W,0,0,0
YPR161C,0,0,0
YDL226C,0,0,0
YOR101W,0,0,0
YHR108W,0,0,0
YHR182W,0,0,0
YHR164C,0,0,0
YKL173W,0,0,0
YER122C,0,0,0
YJR056C,0.666666667,0,0
YDL180W,0,0,0
YDR499W,0.666666667,0,0
YNR046W,0,0,0
YDR007W,0,0,0
YOR177C,0,0,0
YCL061C,0,0,0
YMR131C,0,0,0
YER069W,0,0,0
YCL054W,0,0,0
YBR138C,0,0,0
YDL106C,0,0,0
YFL060C,0,0,0
YFL005W,0.16025641,0,0
YHR024C,0,0,0
YPR111W,0,0,0
YMR076C,0,0,0
YAR044W,0,0,0
YJL034W,1.333333333,0,0
YLR363C,0,0,0
YPL119C,0,0,0
YDL154W,0,0,0
YHR184W,0,0,0
YBL061C,0,0,0
YDR511W,0,0,0
YGR146C,0,0,0
YLR337W,0.86293912,0,0
YOL131W,0,0,0
YCR033W,0,0,0
YLR118C,0,0,0
YDR464W,0,0,0
YOL034W,0,0,0
YBR136W,0.666666667,0,0
YGR261C,1.511111111,0,0
YHR056C,0,0,0
YDR289C,0,0,0
YDR020C,0,0,0
YNL245C,0,0,0
YLR177W,0,0,0
YDR480W,1,0,0
YLR359W,0,0,0
YCLX08C,0,0,0
YJL098W,0,0,0
YPL075W,0,0,0
YNL253W,0,0,0
YGL093W,0,0,0
YIR005W,0,0,0
YOL128C,0,0,0
YNR034W,0,0,0
YDR485C,0,0,0
YHR098C,0,0,0
YDL240W,0,0,0
YOR272W,0,0,0
YBR037C,0.666666667,0,0
YCR024C,0,0,0
YDR459C,0,0,0
YGR159C,0,0,0
YPR049C,0,0,0
YBR203W,0,0,0
YBR098W,0.094298246,0,0
YAL017W,0.666666667,0,0
YKL110C,0,0,0
YDR385W,0,0,0
YDR086C,0.7,0,0
YML021C,0,0,0
YGL131C,0,0,0
YLR233C,1.6,0,0
YGL095C,0,0,0
YJR104C,0,0,0
YMR071C,0,0,0
YIL132C,0,0,0
YGL105W,0,0,0
YBR175W,0,0,0
YOR023C,0,0,0
YJR048W,0,0,0
YNL013C,0,0,0
YMR065W,0.194444444,0,0
YGR192C,0,0,0
YKL150W,0,0,0
YLR153C,0,0,0
YAL051W,0,0,0
YGR238C,0,0,0
YDL042C,0,0,0
YER028C,0,0,0
YMR012W,0,0,0
YER104W,0,0,0
YKR059W,0,0,0
YDR277C,0,0,0
YDR409W,0.243589744,0,0
YOR038C,1.182067932,0,0
YLR025W,1.6,0,0
YJL218W,0,0,0
YBL112C,0,0,0
YLR265C,0,0,0
YKL188C,0,0,0
YEL017CA,1.833333333,0,0
YPR047W,1,0,0
YGL220W,0,0,0
YDR127W,0,0,0
YJR060W,0.277777778,0,0
YBL052C,0,0,0
YDR097C,0,0,0
YJR062C,0,0,0
YDL028C,0,0,0
YHR209W,0,0,0
YPL001W,0,0,0
YMR312W,0,0,0
YIL122W,0,0,0
YPL135W,0,0,0
YMR228W,0,0,0
YLR131C,0,0,0
YCL009C,0,0,0
YGL249W,0,0,0
YGR054W,0,0,0
YMR108W,0,0,0
YDR227W,1.87916985,0,0
YKL113C,0.666666667,0,0
YKR104W,0,0,0
YOR179C,0,0,0
YDL230W,0,0,0
YPL191C,0,0,0
YOR109W,0,0,0
YNL230C,0,0,0
YPL070W,0,0,0
YOR043W,0.666666667,0,0
YGL096W,0,0,0
YLR213C,0,0,0
YHR170W,0,0,0
YPR185W,0,0,0
YNL191W,0,0,0
YJL180C,0,0,0
YNL188W,0,0,0
YHR105W,0,0,0
YIL050W,0,0,0
YKR080W,0,0,0
YDR469W,0,0,0
YDL077C,0,0,0
YLR324W,0,0,0
YPL112C,0,0,0
YGL071W,0,0,0
YDL003W,0,0,0
YBR222C,0,0,0
YDL155W,0,0,0
YLR032W,1,0,0
YDR274C,0,0,0
YJR159W,0,0,0
YOR188W,0,0,0
YER066CA,0,0,0
YNL293W,0,0,0
YLR076C,0,0,0
YKR030W,0.094298246,0,0
YML124C,0,0,0
YPR023C,0,0,0
YHR015W,0,0,0
YER018C,0,0,0
YGL206C,0.766666667,0,0
YPL140C,1,0,0
YPL031C,1.555555556,0,0
YNL258C,0,0,0
YHR161C,0.333333333,0,0
YNL050C,0,0,0
YMR253C,0.094298246,0,0
YLR440C,0,0,0
YLL050C,0.666666667,0,0
YKR083C,0,0,0
YER177W,0.666666667,0,0
YDR082W,0,0,0
YKL075C,0,0,0
YML035C,0,0,0
YKL050C,0,0,0
YNL182C,0,0,0
YML075C,0.583333333,0,0
YPL164C,1,0,0
YHR156C,0,0,0
YNL218W,0,0,0
YBL066C,0.118686869,0,0
YKL052C,0,0,0
YGR243W,0,0,0
YBR213W,0,0,0
YNL094W,2.036654135,0,0
YBL036C,0,0,0
YNL066W,0,0,0
YIL117C,0,0,0
YGL154C,0,0,0
YHR178W,0,0,0
YCL052C,0,0,0
YDR316W,0,0,0
YLR429W,1.2,0,0
YNL035C,0,0,0
YLR206W,0,0,0
YBR094W,0,0,0
YAR009C,0,0,0
YKR064W,0,0,0
YDR320C,0.533333333,0,0
YKL059C,0,0,0
YJL024C,1.466666667,0,0
YMR019W,0,0,0
YLR309C,0,0,0
YBR270C,0,0,0
YOL110W,0,0,0
YFR021W,0,0,0
YGL149W,0,0,0
YCL011C,0.666666667,0,0
YMR056C,0,0,0
YOR202W,0,0,0
YGR052W,0,0,0
YGR041W,0,0,0
YHR216W,0,0,0
YFL014W,0,0,0
YDR363W,0,0,0
YHR086W,0,0,0
YDR378C,0,0,0
YHR169W,0,0,0
YDR229W,0,0,0
YPR104C,0,0,0
YCR087W,0,0,0
YDL112W,0,0,0
YKR086W,0,0,0
YNR016C,0,0,0
YPR071W,0,0,0
YMR246W,0,0,0
YAL018C,0,0,0
YCL063W,0,0,0
YDL025C,0,0,0
YDR339C,0,0,0
YCL037C,0,0,0
YNR001C,0,0,0
YIR038C,0,0,0
YDR100W,0,0,0
YLR094C,0,0,0
YKL078W,0,0,0
YNL027W,0.21978022,0,0
YGL180W,0,0,0
YMR237W,0,0,0
YML104C,0,0,0
YDR235W,0,0,0
YPR051W,0,0,0
YOR142W,0,0,0
YLR371W,0,0,0
YDL156W,0.666666667,0,0
YDR183W,0,0,0
YGR010W,0,0,0
YLL049W,0,0,0
YOL100W,0,0,0
YDL146W,0,0,0
YNL329C,0,0,0
YHR115C,0,0,0
YEL005C,0,0,0
YGL143C,0,0,0
YEL021W,0,0,0
YOR076C,0,0,0
YJR010CA,0.666666667,0,0
YOR227W,0,0,0
YHR014W,0,0,0
YKR025W,0,0,0
YDL153C,0,0,0
YIL061C,0,0,0
YLR160C,0,0,0
YDL087C,0,0,0
YDR027C,0,0,0
YKL021C,0,0,0
YPL064C,0,0,0
YPL095C,0,0,0
YGR178C,0,0,0
YJR023C,0,0,0
YLR019W,0,0,0
YPL005W,0,0,0
YMR239C,0,0,0
YKL041W,0.45,0,0
YLR246W,0,0,0
YMR048W,0,0,0
YIL113W,0,0,0
YGL238W,0,0,0
YDR490C,0.666666667,0,0
YHR071W,0,0,0
YER127W,0,0,0
YGL094C,0,0,0
YPL139C,0,0,0
YER040W,0.5,0,0
YKL092C,0,0,0
YNL259C,0,0,0
YLR045C,0,0,0
YHR103W,0,0,0
YFR015C,0,0,0
YHR079CA,0,0,0
YKR092C,0,0,0
YDR080W,0,0,0
YER011W,0,0,0
YIL009CA,0.7,0,0
YER031C,0.16025641,0,0
YBL017C,0,0,0
YBR050C,0,0,0
YJL139C,0,0,0
YNL078W,0,0,0
YKL176C,0,0,0
YBR258C,0,0,0
YKL019W,0,0,0
YIL156W,0.331587708,0,0
YLR120C,0,0,0
YBR117C,0,0,0
YBL054W,0,0,0
YKR029C,0,0,0
YLR234W,0,0,0
YHR079C,0,0,0
YCR023C,0,0,0
YCR014C,0.666666667,0,0
YAL011W,0.277777778,0,0
YCR057C,0,0,0
YPR172W,0,0,0
YHR144C,0,0,0
YAL047C,0.181818182,0,0
YOR017W,0,0,0
YOR324C,0,0,0
YGR060W,0,0,0
YOL149W,0,0,0
YBR066C,0,0,0
YBR276C,0,0,0
YML121W,0,0,0
YOL144W,0,0,0
YJL042W,0,0,0
YKL189W,0,0,0
YER143W,0,0,0
YKL210W,0,0,0
YIL159W,0.171428571,0,0
YDL090C,0,0,0
YOR125C,0,0,0
YCR001W,0,0,0
YHR207C,0,0,0
YPR182W,0,0,0
YDL126C,0,0,0
YAL035W,0,0,0
YDR266C,0,0,0
YGR233C,0,0,0
YPR173C,0.45,0,0
YMR323W,0,0,0
YNL148C,0,0,0
YMR035W,0,0,0
YKL130C,0,0,0
YLR015W,0,0,0
YKL133C,0,0,0
YEL026W,0,0,0
YDL056W,0,0,0
YCR005C,0.666666667,0,0
YBR143C,0,0,0
YOL065C,0,0,0
YNL049C,0,0,0
YHL027W,0,0,0
YCR048W,0,0,0
YDL213C,0,0,0
YJR047C,0,0,0
YJR092W,0,0,0
YOR327C,0,0,0
YDR172W,0,0,0
YHL018W,0,0,0
YGR089W,1.805555556,0,0
YFL017C,0,0,0
YLL038C,0,0,0
YOR285W,0,0,0
YFL016C,1.491666667,0,0
YMR096W,0,0,0
YDR303C,0,0,0
YBL077W,0,0,0
YER153C,0,0,0
YPL167C,0,0,0
YKL134C,0,0,0
YPR180W,0,0,0
YBL026W,0.111111111,0,0
YDR515W,0,0,0
YCRX16C,0,0,0
YGL174W,0,0,0
YBR059C,0,0,0
YMR052W,0,0,0
YDL225W,0.666666667,0,0
YNR045W,0,0,0
YBR043C,0,0,0
YJL155C,0,0,0
YEL060C,0,0,0
YLR332W,0,0,0
YPL253C,0,0,0
YDR213W,0,0,0
YOR008C,0,0,0
YMR257C,0,0,0
YDR174W,0,0,0
YGL185C,0,0,0
YER146W,0.035087719,0,0
YML069W,0,0,0
YNL139C,0,0,0
YGL145W,0,0,0
YGR173W,0.666666667,0,0
YGR070W,0,0,0
YBL030C,0.216666667,0,0
YBR235W,0,0,0
YKL153W,0,0,0
YKR054C,0.132478632,0,0
YLL010C,0,0,0
YOL132W,0,0,0
YNR037C,0,0,0
YMR297W,0,0,0
YIR039C,0,0,0
YBR072W,0,0,0
YIL162W,0,0,0
YLR316C,0,0,0
YOR353C,0,0,0
YOR128C,0.666666667,0,0
YKL017C,0,0,0
YOL067C,0.311111111,0,0
YNL103W,2.222222222,0,0
YDR122W,0,0,0
YKL213C,0,0,0
YLR306W,0.666666667,0,0
YLR320W,0,0,0
YLR456W,0,0,0
YKR099W,0,0,0
YLR259C,0,0,0
YGR268C,1.094298246,0,0
YDL088C,0,0,0
YLR240W,0,0,0
YLR352W,0,0,0
YNR058W,0,0,0
YLR373C,0,0,0
YLR222C,0,0,0
YOR029W,0,0,0
YBR097W,0,0,0
YKL002W,0,0,0
YOR124C,0,0,0
YDR292C,0,0,0
YGL032C,0,0,0
YDL161W,0,0,0
YDL089W,0,0,0
YIL048W,0,0,0
YLR454W,0,0,0
YMR154C,0,0,0
YLR289W,0,0,0
YJR140C,0,0,0
YDR440W,0,0,0
YGR018C,0,0,0
YLR133W,0,0,0
YGL063W,0,0,0
YGL006W,0,0,0
YAL028W,0,0,0
YJL080C,0,0,0
YCL024W,0,0,0
YLR427W,0,0,0
YOL115W,1.166666667,0,0
YLR135W,0,0,0
YLR466W,0,0,0
YER081W,0,0,0
YDR488C,0,0,0
YMR291W,0,0,0
YGL221C,0,0,0
YKL209C,0,0,0
YDR169C,0,0,0
YNR019W,0,0,0
YGR191W,0,0,0
YER142C,0,0,0
YOR320C,0,0,0
YPL246C,0.185391363,0,0
YFL066C,0,0,0
YLR256W,1.2,0,0
YNL163C,0,0,0
YMR036C,0.666666667,0,0
YHR090C,0.5625,0,0
YPL086C,0,0,0
YBR172C,0.188034188,0,0
YGL014W,0,0,0
YDR484W,0,0,0
YDR247W,0,0,0
YPR152C,0,0,0
YJR127C,0,0,0
YNL264C,0,0,0
YOR047C,0,0,0
YJR035W,0.666666667,0,0
YBR140C,0,0,0
YOL117W,0,0,0
YJR103W,0,0,0
YGL073W,0,0,0
YLR175W,0,0,0
YHR055C,0,0,0
YDR128W,0,0,0
YJL165C,0,0,0
YGR136W,0,0,0
YIR004W,0,0,0
YPL194W,1.2,0,0
YIL139C,0,0,0
YDR436W,0,0,0
YOR051C,0,0,0
YML007W,0,0,0
YDL040C,0,0,0
YLR039C,0,0,0
YPL235W,0,0,0
YPR184W,0,0,0
RRP13,0,0,0
YHR191C,0,0,0
YOR080W,0,0,0
YJL184W,0,0,0
YKR048C,0,0,0
YBR113W,0,0,0
YPL149W,0.666666667,0,0
YGR179C,0,0,0
YDR179C,0,0,0
YBR114W,0,0,0
YDR288W,0,0,0
YPR158WA,0,0,0
YGL001C,0,0,0
YLL014W,0,0,0
YNR012W,0,0,0
YLR117C,0,0,0
YOR122C,0.108465608,0,0
YPL023C,0,0,0
YFR039C,0,0,0
YLR119W,0,0,0
YOR281C,0,0,0
YDL229W,0,0,0
YNL311C,0,0,0
YGL040C,0,0,0
YOR033C,0,0,0
YLR403W,0,0,0
YOL070C,0,0,0
YFL034CB,1,0,0
YAL036C,0,0,0
YLR281C,0,0,0
YFR054C,0,0,0
YFR040W,0,0,0
YHR199C,0,0,0
YDR296W,0,0,0
YDR177W,0,0,0
YKL085W,0,0,0
YOL017W,0,0,0
YJR050W,0.666666667,0,0
YLR342W,1.055555556,0,0
YKL161C,0,0,0
YHR077C,0.226190476,0,0
YDR159W,0,0,0
YLR424W,0,0,0
YLR108C,0,0,0
YJL172W,0.290909091,0,0
YER049W,0,0,0
YLR422W,0,0,0
YGR101W,0,0,0
YNR063W,0,0,0
YML117W,0,0,0
YLL032C,0,0,0
YGR058W,0,0,0
YOR302W,0,0,0
YCR107W,0,0,0
YGL023C,0,0,0
YPL195W,1.511111111,0,0
YDR170C,0.154761905,0,0
YDR088C,0,0,0
YOR084W,0,0,0
YCL034W,0,0,0
YKR019C,0,0,0
YPR177C,0,0,0
YOR066W,0,0,0
YOR064C,0,0,0
YPR178W,0,0,0
YJR143C,0,0,0
YER044C,0,0,0
YKL211C,0,0,0
YDL133W,0,0,0
YLR247C,0,0,0
YPL152W,0,0,0
YLR130C,0,0,0
YJR110W,0,0,0
YAR019C,0.666666667,0,0
YLR245C,0,0,0
YBL008W,2.610639361,0,0
YJR138W,0,0,0
YAL024C,0,0,0
YDL125C,0,0,0
YBR116C,0,0,0
YKL155C,0,0,0
YOR229W,0.666666667,0,0
YGR108W,0,0,0
YJL204C,0,0,0
YKR020W,0,0,0
YER159C,0,0,0
YBR205W,0.094298246,0,0
YGR158C,0,0,0
YDR306C,0,0,0
YGL158W,0,0,0
YOR018W,0,0,0
YCL012W,0,0,0
YDL084W,0,0,0
YBL032W,0,0,0
YKL073W,0,0,0
YJL149W,0,0,0
YDR146C,1.333333333,0,0
YMR004W,0,0,0
YHR134W,0,0,0
YOR098C,0.195121951,0,0
YLR017W,0,0,0
YJR148W,0,0,0
YBR108W,0,0,0
YJL039C,0,0,0
YNL064C,0,0,0
YCR101C,0,0,0
MEL1,0,0,0
YOL052C,0,0,0
YDR180W,0,0,0
YCR097W,0,0,0
YMR069W,0,0,0
YNL135C,0,0,0
YML010W,0,0,0
YGL087C,0,0,0
YMR088C,0,0,0
YNL239W,0,0,0
YGR203W,0,0,0
YIL173W,0,0,0
YOL151W,0,0,0
YJL092W,1.2,0,0
YMR275C,0,0,0
YLL016W,0.171428571,0,0
YPL178W,0,0,0
YPL231W,0,0,0
YGR130C,0.132478632,0,0
YKL072W,0,0,0
YPL089C,0,0,0
YDL013W,1.333333333,0,0
YIR016W,0,0,0
YOR308C,0.111317254,0,0
YGR100W,0,0,0
YIL065C,0,0,0
YDR231C,0,0,0
YHR087W,0,0,0
YBL004W,0,0,0
YLR067C,0,0,0
YBL071C,0,0,0
YMR111C,0.666666667,0,0
YCL066W,0.522222222,0,0
YNR050C,0,0,0
YOL032W,0,0,0
YHR074W,0,0,0
YHR188C,0,0,0
YCL036W,0,0,0
YCR076C,0,0,0
YGR290W,0,0,0
YMR221C,0,0,0
YPL228W,0.543478261,0,0
YMR224C,1.490909091,0,0
YJR091C,0,0,0
YDR141C,0,0,0
YMR093W,0,0,0
YCR066W,1.2,0,0
YAR003W,0,0,0
YDL127W,0,0,0
YIL104C,0,0,0
YMR183C,0,0,0
YOR265W,0,0,0
YHR035W,0,0,0
YKL182W,0,0,0
YDL190C,0,0,0
YOL018C,0,0,0
YGR296W,0,0,0
YJL167W,0,0,0
YPL018W,0,0,0
YJL021C,0,0,0
YLR155C,0,0,0
YIL112W,0,0,0
YHL020C,0,0,0
YKL035W,0,0,0
YGR264C,0,0,0
YLL033W,0,0,0
YGL251C,0,0,0
YNL079C,0,0,0
YNL304W,0.16025641,0,0
YMR233W,0,0,0
YCR012W,0,0,0
YBR003W,0,0,0
YOR264W,0,0,0
YAL032C,0,0,0
YMR092C,0,0,0
YKL179C,0,0,0
YKR010C,0,0,0
YCL067C,0,0,0
YKL203C,0.458333333,0,0
YKL172W,0,0,0
YLR318W,0.7,0,0
YHR149C,0,0,0
YNL034W,0,0,0
YOR373W,0.583333333,0,0
YML111W,0,0,0
YJR067C,0,0,0
YDR397C,0,0,0
YGL130W,0.543478261,0,0
YHL010C,0.666666667,0,0
YPL066W,0,0,0
YLR090W,0,0,0
YKL215C,0,0,0
YPL037C,0,0,0
YHR112C,0,0,0
YPR115W,0,0,0
YIR009W,0,0,0
YJL048C,0,0,0
YDR261WA,0,0,0
YOR123C,0,0,0
YOR294W,0,0,0
YEL034W,0,0,0
YJL030W,0,0,0
YGL058W,1.333333333,0,0
YKL090W,0,0,0
YOR230W,0,0,0
YJL186W,0,0,0
YNR064C,0,0,0
YBR274W,1.6,0,0
YBR131W,0,0,0
YAR002W,0.4272343,0,0
YJR113C,0,0,0
YOR245C,0,0,0
YMR302C,0,0,0
YJR132W,0,0,0
YKL014C,0,0,0
YBR080C,0,0,0
YJR094C,1,0,0
YDR381W,0.666666667,0,0
YBL034C,1,0,0
YOL163W,0,0,0
YBR020W,0,0,0
YLR428C,0,0,0
YNR031C,0,0,0
YDL129W,0,0,0
YGR280C,0,0,0
YGL205W,0,0,0
YPL032C,0,0,0
YHR160C,0,0,0
YDR219C,0,0,0
YER047C,0,0,0
YHL026C,0,0,0
YOR147W,0,0,0
YDR200C,0,0,0
YKL056C,0,0,0
YGR143W,0,0,0
YGL037C,0.666666667,0,0
YGL202W,0,0,0
YMR232W,0,0,0
YPR079W,0,0,0
YIR022W,0.833333333,0,0
YML046W,0.188034188,0,0
YPL050C,0,0,0
YAL026C,0,0,0
YDL235C,0,0,0
YBL075C,0,0,0
YPL120W,0,0,0
YHR082C,0.666666667,0,0
YNL233W,0,0,0
YAR064W,0,0,0
YER162C,0,0,0
YGL169W,0,0,0
YJL047C,0,0,0
YDR165W,0,0,0
YJL146W,0,0,0
YOR384W,0,0,0
YGR014W,0,0,0
YGL181W,0.796428571,0,0
YOR338W,0,0,0
YBR288C,1.466666667,0,0
YGL229C,0,0,0
YNL331C,0,0,0
YPL093W,0,0,0
YNR049C,0,0,0
YER007C,0,0,0
YJR131W,0,0,0
YBL067C,0,0,0
YOR074C,0,0,0
YPL146C,0,0,0
YDR016C,0,0,0
YDL173W,0,0,0
YPL236C,0,0,0
YOR155C,0,0,0
YDL135C,0,0,0
YOL126C,0,0,0
YDR099W,0,0,0
YDR324C,0,0,0
YDR373W,0,0,0
YMR214W,0,0,0
YDR457W,0,0,0
YHL008C,0,0,0
YCR082W,0,0,0
YNL229C,0.708333333,0,0
YNL216W,0,0,0
YNL159C,0,0,0
YDR092W,0.666666667,0,0
YER188W,0,0,0
YOR185C,0,0,0
YBL103C,0.311111111,0,0
YLR378C,0.4,0,0
YBR299W,0,0,0
YDL094C,0,0,0
YGR267C,0,0,0
YMR258C,0,0,0
YBR211C,0,0,0
YNL289W,0,0,0
YMR250W,0,0,0
YGR229C,0,0,0
YPL101W,0,0,0
YBR057C,0,0,0
YJL084C,0,0,0
YHRS03C,0,0,0
YDR110W,0,0,0
YBL047C,0,0,0
YJL020C,2.757965147,0,0
YIR014W,0,0,0
YGR129W,0,0,0
YLL057C,0,0,0
YBR229C,0,0,0
YFR014C,0,0,0
YIR024C,0,0,0
YNL152W,0,0,0
YGL028C,0,0,0
YOR347C,0,0,0
YMR017W,0,0,0
YNL255C,0,0,0
YDR321W,0,0,0
YBR082C,0,0,0
YJR109C,0,0,0
YER168C,0,0,0
YDL246C,0,0,0
YER045C,0,0,0
YOR136W,0,0,0
YGL050W,0,0,0
YLR058C,0,0,0
YGR021W,0,0,0
YBL049W,0,0,0
YPR137W,0,0,0
YCR092C,1.511111111,0,0
YKL012W,0,0,0
YPR073C,0,0,0
YGR080W,0,0,0
YDR260C,0,0,0
YBR160W,0.105263158,0,0
YIL034C,0,0,0
YAL038W,0,0,0
YBR103W,0,0,0
YFR024CA,0,0,0
YAR060C,0,0,0
YHR186C,0.666666667,0,0
YLR006C,0.666666667,0,0
YDR283C,0,0,0
YDR421W,0,0,0
YMR234W,0,0,0
YBR068C,0,0,0
YLL051C,0,0,0
YNL011C,0,0,0
YOL136C,0,0,0
YER087CA,0.7,0,0
YJL036W,0,0,0
YMR205C,0,0,0
YHR034C,0,0,0
YIL042C,0,0,0
YOR204W,0,0,0
YLR457C,0,0,0
YKR077W,0,0,0
YIR012W,0,0,0
YGR077C,0,0,0
YEL046C,0,0,0
YNL260C,0,0,0
YOR171C,0,0,0
YBR223C,0,0,0
YFL034W,0,0,0
YLR027C,0,0,0
YLR443W,0,0,0
YPL150W,0,0,0
YBL089W,0,0,0
YAL015C,0,0,0
YJL124C,0,0,0
YNL112W,0,0,0
YGR284C,0,0,0
YDR184C,0,0,0
YGL036W,0,0,0
YIL074C,0,0,0
YDR326C,0,0,0
YOR363C,0,0,0
YKR014C,0.16025641,0,0
YNL091W,0,0,0
YNL204C,0,0,0
YHR033W,0,0,0
YPR119W,1.428571429,0,0
YDL164C,0,0,0
YOR329C,0,0,0
YPR188C,0,0,0
YNR027W,0,0,0
YJL117W,0,0,0
YDR171W,0.666666667,0,0
YOL036W,0,0,0
YGL207W,0,0,0
YLL011W,0.666666667,0,0
YBR102C,0,0,0
YDL178W,0,0,0
YOR269W,0.277777778,0,0
YBR260C,0,0,0
YMR180C,0,0,0
YCR073C,0.050706033,0,0
YIR026C,0,0,0
YHR025W,0,0,0
YLL015W,0,0,0
YMR200W,0,0,0
YPL038W,0.277777778,0,0
YDR095C,0,0,0
YLR313C,0.233333333,0,0
YMR002W,0,0,0
YMR219W,0,0,0
YNR018W,0,0,0
YKL101W,0,0,0
YHR004C,0,0,0
YKL152C,0,0,0
YER120W,0,0,0
YJR083C,1.29047619,0,0
YMR207C,0,0,0
YDR523C,0,0,0
YOL045W,0,0,0
YLR220W,0,0,0
YLR014C,0,0,0
YNL147W,0,0,0
YER001W,0,0,0
YLR056W,0,0,0
YER132C,0,0,0
YGR050C,0,0,0
YLL026W,1.777777778,0,0
YBR272C,0,0,0
YLR143W,0,0,0
YPL215W,0,0,0
YHR070W,0,0,0
YOR219C,0,0,0
YKR021W,0,0,0
YNR006W,0,0,0
YPR008W,0,0,0
YLR007W,0,0,0
YLR399C,0,0,0
YER041W,0,0,0
YHR052W,0,0,0
YOL102C,0.666666667,0,0
YOR208W,0,0,0
YER013W,0,0,0
YLR383W,0.666666667,0,0
YCL014W,0,0,0
YDR022C,0,0,0
YLR210W,0,0,0
YOR380W,0,0,0
YGR244C,0,0,0
YEL013W,0,0,0
YNL333W,0.666666667,0,0
YLR337C,0.33385163,0,0
YBL081W,0,0,0
YPL088W,0,0,0
YPL074W,0.666666667,0,0
YPR054W,0,0,0
YAR002CA,0,0,0
YHR102W,0,0,0
YPL145C,0,0,0
YLR176C,0,0,0
YBR280C,0.666666667,0,0
YFL022C,1,0,0
YNR033W,0,0,0
YDR419W,0,0,0
YPL105C,0,0,0
YNR044W,0,0,0
YOL001W,0,0,0
YIL147C,1,0,0
YDL065C,0,0,0
YIL131C,0,0,0
YNL180C,0.666666667,0,0
YCL017C,0,0,0
YDL059C,0,0,0
YKL143W,0,0,0
YLR451W,0.666666667,0,0
YKL061W,0,0,0
YGR221C,0,0,0
YPR032W,0,0,0
YEL023C,0,0,0
YAR033W,0,0,0
YOR307C,0,0,0
YHR031C,0,0,0
YMR285C,0,0,0
YBR049C,0,0,0
YLL001W,0.666666667,0,0
YJR021C,0,0,0
YCR027C,0,0,0
YHL021C,0,0,0
YNL323W,0,0,0
YJR070C,0,0,0
YOR257W,0,0,0
YDL138W,0,0,0
YFL024C,0,0,0
YNL068C,0.666666667,0,0
YPL177C,0,0,0
YDR043C,0,0,0
YPL067C,0,0,0
YGR242W,0,0,0
YNL003C,0,0,0
YMR179W,0,0,0
YNL020C,0,0,0
YNL202W,0,0,0
YGR167W,0.9,0,0
YDR386W,1.333333333,0,0
YJL068C,0,0,0
YLR390WA,0,0,0
YGL013C,0.666666667,0,0
YNL128W,0,0,0
YFR026C,0,0,0
YNL173C,0,0,0
YMR139W,0.666666667,0,0
YMR189W,1.619047619,0,0
YDR468C,0,0,0
YNL058C,0,0,0
YMR008C,0,0,0
YKL175W,0,0,0
YGR116W,0,0,0
YJR024C,0,0,0
YER090W,0,0,0
YLL019C,0.666666667,0,0
YGL165C,0,0,0
YLR273C,0,0,0
YMR284W,0,0,0
YLR097C,0,0,0
YPR154W,0.023823029,0,0
YMR075W,0,0,0
YBR101C,0,0,0
YNL037C,0,0,0
YNL099C,0,0,0
YBR083W,0,0,0
YDR455C,0,0,0
YLL009C,0,0,0
YOR349W,0,0,0
YLR377C,0,0,0
YDL103C,0,0,0
YJL071W,0,0,0
YNL007C,0,0,0
YML059C,0,0,0
YCL039W,0,0,0
YPL214C,0,0,0
YLR462W,0,0,0
YDL186W,0,0,0
YHL024W,0,0,0
YLR248W,0,0,0
YOL063C,0,0,0
YMR150C,0,0,0
YCR054C,0,0,0
YAL009W,0,0,0
YPR135W,0,0,0
YGR091W,0,0,0
YDL099W,0.666666667,0,0
YER144C,0,0,0
YCR008W,0,0,0
YGR241C,0,0,0
YGL175C,0,0,0
YLR249W,0,0,0
YMR005W,0,0,0
YOR299W,0,0,0
YAR066W,0,0,0
YDR019C,1.619047619,0,0
YLR430W,0,0,0
YGL198W,3.230769231,0,0
YGL253W,0,0,0
YNL088W,0,0,0
YHR193C,0,0,0
YAR020C,0,0,0
YKR023W,0,0,0
YNL286W,0,0,0
YNL199C,0,0,0
YNL157W,0,0,0
YGL161C,0,0,0
YGL004C,0,0,0
YHR120W,0,0,0
YBR023C,0,0,0
YLR126C,0,0,0
SSR1,0,0,0
YHR013C,0,0,0
YJL044C,0,0,0
YOL140W,0,0,0
YLR328W,0,0,0
YLR417W,0,0,0
YNL201C,0,0,0
YER066W,0,0,0
YDR379W,0,0,0
YCL016C,0,0,0
YIR034C,0,0,0
YNL196C,0,0,0
YLR163C,0,0,0
YPL138C,0,0,0
YLR070C,0,0,0
YCL062W,0,0,0
YKL074C,0.51965812,0,0
YAR027W,0,0,0
YOR090C,0,0,0
YFL033C,1,0,0
YGL155W,0,0,0
YPL249C,0,0,0
YKL214C,0.666666667,0,0
YLR116W,0.451282051,0,0
YHR187W,0,0,0
YGR097W,0.666666667,0,0
YCL051W,0,0,0
YDR138W,1.186335404,0,0
YER082C,0,0,0
YNL082W,0.311111111,0,0
YGL008C,1.833333333,0,0
YIR032C,0,0,0
YER101C,0,0,0
YFR003C,0,0,0
YDR132C,0,0,0
YHR174W,0,0,0
YKL103C,0,0,0
YDR452W,0,0,0
YDR135C,0,0,0
YDR085C,0,0,0
YJL004C,0.094298246,0,0
YJL035C,0,0,0
YIL079C,1,0,0
YFL010WA,0,0,0
YML095CA,0,0,0
YGL162W,0,0,0
YLR186W,0,0,0
YOR089C,1,0,0
YKL178C,0,0,0
YER167W,0,0,0
YDR319C,0,0,0
YLR096W,0.666666667,0,0
YMR066W,0,0,0
YER096W,0,0,0
YBR176W,0,0,0
YIR006C,0.276190476,0,0
YOL006C,1.2,0,0
YBR283C,0,0,0
YDR313C,0,0,0
YBL088C,0,0,0
YHR128W,0,0,0
YDR032C,0,0,0
YDL016C,0,0,0
YKL006CA,0,0,0
YGR172C,0,0,0
YOR247W,0,0,0
YGL179C,0,0,0
YLL060C,0.666666667,0,0
YNL276C,0,0,0
YER150W,0,0,0
YGR223C,0,0,0
YDR143C,0,0,0
YIL045W,0,0,0
YLR353W,0,0,0
YML055W,0.833333333,0,0
YMR168C,2.035714286,0,0
YAL044C,1.619047619,0,0
YKR031C,0,0,0
YDR520C,0,0,0
YLR436C,0,0,0
YBR119W,0,0,0
YML001W,0.16025641,0,0
YPL179W,0,0,0
YDL189W,0,0,0
YNL021W,0,0,0
YPR193C,0,0,0
YDR123C,0,0,0
YDL001W,0,0,0
YGR098C,0,0,0
YKL171W,0,0,0
YGR239C,0,0,0
YIL108W,0,0,0
YIL084C,0,0,0
YDL035C,0,0,0
YIL129C,0,0,0
YDL072C,0,0,0
YOR244W,0.5625,0,0
YHR028C,0,0,0
YJL168C,0,0,0
YNL257C,0,0,0
YJR134C,0,0,0
YPL269W,0,0,0
YPR077C,0,0,0
YPL096W,0,0,0
YJR010W,0,0,0
YPR015C,0,0,0
YOL043C,0,0,0
YOR298CA,0,0,0
YHR194W,0,0,0
YNL116W,0,0,0
YIL149C,0,0,0
YNL161W,0,0,0
YDR178W,1.5,0,0
YOL031C,0,0,0
YIL095W,1.18452381,0,0
YHR114W,0.216680875,0,0
YBR017C,0,0,0
YAL013W,0,0,0
YAL030W,0,0,0
YDR318W,0,0,0
YBR137W,0,0,0
YDL150W,0,0,0
YAL004W,0,0,0
YGR134W,0,0,0
YOR201C,0,0,0
YDR030C,0,0,0
YEL056W,0,0,0
YHR133C,0,0,0
YDR101C,0,0,0
YOR057W,0,0,0
YNL288W,0,0,0
YGL043W,0,0,0
YMR277W,0,0,0
YOL054W,0,0,0
YDR389W,0,0,0
YBR073W,0,0,0
YJL199C,0,0,0
YIR018W,0.666666667,0,0
YLR100W,0,0,0
YIL130W,0,0,0
YIL029C,0,0,0
YLR064W,0,0,0
YGL075C,0,0,0
YNL056W,0,0,0
YNL175C,0,0,0
YGR059W,0,0,0
YJR017C,0,0,0
YER086W,0,0,0
YLR223C,0,0,0
YCR059C,0,0,0
YOL087C,0,0,0
YER113C,0,0,0
YAR018C,1.333333333,0,0
YGL068W,0,0,0
YOR284W,2.248913952,0,0
YPL003W,0,0,0
YMR137C,0,0,0
YMR293C,0,0,0
YOR093C,0,0,0
YOR011W,0,0,0
YGR123C,0,0,0
YHR111W,0,0,0
YDR160W,0,0,0
YPL187W,0.476190476,0,0
YIL160C,0,0,0
YBR024W,0.666666667,0,0
YJL102W,0,0,0
YOR346W,0,0,0
YOR036W,0,0,0
YLR254C,0,0,0
YDR207C,0.30952381,0,0
YDR253C,0.277777778,0,0
YER147C,0,0,0
YNL307C,1.333333333,0,0
