Proteins,ECC,CC,GO,SubCell
YHL004W,0.008442241,0,0,0
YPL192C,0.143917018,1,0.039148102,0
YLR382C,0,0,0,0
YPL014W,0.996321057,1,0.020792439,0
YLR061W,0,0,0,0
YER175C,0.003939713,1,0,0
YHR084W,0,0,0,0
YPL170W,0.051962268,0.761904762,0.003316976,0
YPR055W,0,0,0,0
YAL055W,0.018995042,0.333333333,0,0
YCR002C,0,0,0,0
YGR262C,0.028854374,1,0.004232227,0
YOR110W,0.065427369,0.75,0.00436205,0
YJR064W,0,0,0,0
YGL244W,0,0,0,0
YPL091W,0.01329653,0.138888889,0.003707743,0
YNR017W,0.008442241,0,0.006543075,0
YDR051C,0,0,0,0
YDL137W,0,0,0,0
YIR003W,0.088530466,0.560606061,0.033008127,0
YIL143C,0.016683476,0.666666667,0.007763411,0
YMR042W,0,0,0,0
YGR024C,0.018829086,0.153846154,0.013691942,0.002222222
YLR335W,0.016884482,0,0,0
YOR191W,0.001194133,0.333333333,0,0
YGL104C,0.008442241,0,0.00436205,0
YBR055C,0.004643233,0.1,0.000545256,0
YDR285W,0,0,0,0
YBR169C,0.021745096,0.166666667,0.027567607,0
YNL298W,0,0,0,0
YPR159W,0,0,0,0
YAL031C,0.063084612,0.300653595,0.058602067,0
YLR268W,0.996321057,1,0.020792439,0
YJL189W,0,0,0,0
YHR204W,0.049057964,1,0.023533866,0.02
YDR429C,0.022512643,0.047619048,0,0
YOL108C,0,0,0,0
YBR275C,0.059171065,1,0.019568642,0.003333333
YDR280W,0.681243026,0.964912281,0.059245123,0
YGR118W,0,0,0,0
YDL200C,0,0,0,0
YFL003C,0,0,0,0
YGR103W,0,0,0,0
YDR398W,0,0,0,0
YDL006W,0,0,0,0
YHR068W,0.007386961,1,0.001817521,0
YJL031C,0.019537758,0.333333333,0,0
YJR053W,0.01857293,1,0.005816067,0
YLR170C,0.996321057,1,0.020792439,0
YBR084CA,0.01872819,0.285714286,0.01653944,0
YLR093C,0,0,0,0
YGR225W,0.018995042,0,0,0
YPL153C,0.091343142,1,0.056317183,0
YDR404C,0.014558438,0.25,0.006452199,0
YDR295C,0,0,0,0
YGR240C,0,0,0,0
YPR093C,0,0,0,0
YEL066W,0.006312494,0.5,0,0
YGR152C,0.002830069,0.333333333,0.002292555,0
YKR101W,0,0,0,0
YBR130C,0,0,0,0
YML038C,0,0,0,0
YFR016C,0,0,0,0
YPR082C,0.002029385,0.333333333,0,0
YGL210W,0,0,0,0
YCR020CA,0,0,0,0
YGL234W,0.094096143,1,0.034351145,0.006666667
YKL144C,0.015196034,0,0.004089422,0
YKR055W,0.003741881,0.2,0.002189287,0
YPR171W,0.012663362,0,0,0
YLR386W,0.005065345,0.1,0.000495688,0
YGR048W,0,0,0,0
YNL317W,0,0,0,0
YHR047C,0,0,0,0
YFL035C,0.008442241,0,0.0074778,0
YOL113W,0,0,0,0
YNL044W,0,0,0,0
YOR344C,0,0,0,0
YLR267W,0.017939762,0.061594203,0.003316976,0
YBL007C,0,0,0,0
YPR112C,0,0,0,0
YNL053W,0.021422187,0.066666667,0.002362777,0
YLR113W,0,0,0,0
YKL154W,0.086181211,0.861111111,0.004998182,0
YMR149W,0.049851708,0.714285714,0.002044711,0
YDR166C,0.007064719,0.5,0.002531547,0
YCR081W,0.022448687,0.027777778,0.018675027,0
YCR077C,0.008442241,0,0.005816067,0
YOR020C,0.37990085,1,0.085786987,0.044444444
YNL005C,0.001817707,0.047619048,0,0
YAL040C,0.681687355,0.965538847,0.059245123,0
YPL090C,0.006489618,0.333333333,0.00220699,0
YKR082W,0,0,0,0
YKL105C,0.171173716,0.482758621,0.089776012,0
YPR187W,0.691280089,1,0.22044711,0
YJR123W,0.003683887,1,0.001817521,0
YPL065W,0.208238511,0.826839827,0.139359713,0.623333333
YNL236W,0.012663362,0,0.000581607,0
YMR153W,0.008140732,1,0.004089422,0
YOR279C,0,0,0,0
YJR073C,0.996321057,1,0.020792439,0
YGR148C,0,0,0,0
YPL169C,0,0,0,0
YFL036W,0,0,0,0
YBL063W,0.002347678,0.2,0.001962923,0
YJL151C,0.015196034,0,0.002326427,0
YDL175C,0.012663362,0,0,0
YOR005C,0,0,0,0
YBR115C,0.691280089,1,0.059245123,0
YLR367W,0,0,0,0
YER158C,0,0,0,0
YBL051C,0,0,0,0
YMR271C,0,0,0,0
YGL078C,0.691280089,1,0.514176663,0
YLR333C,0,0,0,0
YDR259C,0,0,0,0
YJL099W,0,0,0,0
YFL029C,0,0,0,0
YLR132C,0.015196034,1,0.002305655,0
YKL109W,0,0,0,0
YLR128W,0.073645494,0.654545455,0.03189571,0
YLR321C,0.015979956,1,0.012540894,0
YBL014C,0,0,0,0
YPL084W,0.029547844,0.466666667,0.022054318,0
YDR004W,0,0,0,0
YFR022W,0.008442241,0,0,0
YJL106W,0,0,0,0
YNL273W,0.007076584,1,0.001090513,0
YKL119C,0,0,0,0
YNL075W,0,0,0,0
YLR190W,0.691280089,1,0.345874228,0
YJL190C,0.010190991,0.666666667,0.004330893,0
YAL043C,0.024127647,0.036363636,0.009423846,0
YNL189W,0.023727814,0.055555556,0,0
YEL015W,0.015196034,0,0.001713663,0.001111111
YFR027W,0,0,0,0
YDR162C,0,0,0,0
YGR210C,0,0,0,0
YBL058W,0,0,0,0
YDR270W,0.008809295,0.031620553,0.010196292,0
YMR047C,0.050653447,1,0.024263904,0
YNL290W,0.033919719,1,0.023264268,0
YNL071W,0,0,0,0
YOR133W,0,0,0,0
YGR185C,0,0,0,0
YNL242W,0,0,0,0
YKR090W,0,0,0,0
YNL228W,0.37990085,1,0.117230098,0.044444444
YNL252C,0,0,0,0
YKR072C,0,0,0,0
YGL081W,0,0,0,0
YEL017W,0,0,0,0
YDR334W,0,0,0,0
YLR228C,0.001688448,0.004597701,0.003271538,0
YCL032W,0,0,0,0
YBL005W,0,0,0,0
YOL112W,0.008442241,0,0,0
YJR061W,0.086087427,0.977777778,0.056343148,0.00962963
YDR238C,0,0,0,0
YOR326W,0,0,0,0
YIL047C,0.021105603,0.166666667,0.002726281,0
YLR263W,0,0,0,0
YNL187W,0.018995042,0.5,0,0
YCR024CA,0.003216092,1,0.006543075,0
YIL071C,0.006030172,0.095238095,0.004490575,0
YDL105W,0,0,0,0
YMR172W,0.003482424,0.333333333,0.001090513,0
YLR086W,0,0,0,0
YGL183C,0,0,0,0
YAL014C,0.691280089,1,0.059245123,0
YDR064W,0.056380928,0.352380952,0.018781049,0
YPL016W,0.013366882,0.666666667,0,0
YGR032W,0,0,0,0
YGR074W,0,0,0,0
YJL138C,0.080711087,1,0.039656272,0
YCR042C,0.004572881,0.166666667,0.000467363,0
YPL232W,0,0,0,0
YNL227C,0,0,0,0
YML029W,0.691280089,1,0.059245123,0
YPR132W,0.691280089,1,0.059245123,0
YDR025W,0,0,0,0
YPR163C,0,0,0,0
YGL060W,0.036367115,0.377777778,0.012611707,0
YDL029W,0,0,0,0
YGL236C,0,0,0,0
YMR104C,0.153648788,1,0.03126136,0
YKL142W,0,0,0,0
YHR129C,0.003437198,0.1,0.004056966,0
YMR167W,0,0,0,0
YJR115W,0.042738846,0.142857143,0.028781115,0
YLR229C,0.101306893,1,0.021734088,0
YDR108W,0,0,0,0
YNL014W,0,0,0,0
YDR410C,0.012663362,1,0,0
YLR060W,0.050653447,1,0.024263904,0
YOL094C,0.059171065,1,0.027081061,0.011111111
YGR095C,0,0,0,0
YKL007W,0.388431992,0.81511471,0.424263904,0
YDR427W,0.008442241,0,0,0
YDL179W,0,0,0,0
YBR214W,0.121863202,0.6,0.088547887,0.018888889
YPR072W,0,0,0,0
YDR365C,0,0,0,0
YER029C,0,0,0,0
YOL091W,0.020261379,0.333333333,0.009632861,0
YML112W,0.093597732,0.576923077,0.273718648,0
YDL192W,0.209636673,0.847619048,0.048879709,0
YNL261W,0.030532772,1,0.011684063,0
YDR028C,0.018995042,0,0,0
YNL106C,0,0,0,0
YIR011C,0.018995042,0.5,0.007633588,0
YBR044C,0.136402496,0.857142857,0.039148102,0
YMR287C,0,0,0,0
YPL121C,0,0,0,0
YMR213W,0,0,0,0
YBR135W,0,0,0,0
YER016W,0.148731879,1,0.048346056,0
YNL306W,0.088643532,1,0.012359142,0
YBR257W,0,0,0,0
YIL002C,0.148731879,1,0.03126136,0
YDL045WA,0,0,0,0
YHR195W,0.018708242,0.076190476,0.026619375,0.001111111
YER148W,0.00174875,0.333333333,0,0
YJL076W,0,0,0,0
YIL026C,0.002864332,1,0,0
YGR072W,0,0,0,0
YAR014C,0,0,0,0
YNL087W,0,0,0,0
YAL059W,0,0,0,0
YCL059C,0,0,0,0
YOR081C,0.085462481,0.818181818,0.050501116,0.005617284
YGL137W,0,0,0,0
YDL201W,0.691280089,1,0.059245123,0
YER074W,0,0,0,0
YML115C,0,0,0,0
YGL194C,0.027525224,0.142857143,0.018084333,0.005694444
YPL124W,0,0,0,0
YLR453C,0.202684801,0.964912281,0.042471177,0
YLR103C,0.008442241,0,0,0
YLR082C,0.010412097,0.3,0.003254761,0
YJR032W,0,0,0,0
YLR010C,0.001145733,0.066666667,0.000778938,0
YMR192W,0,0,0,0
YGR200C,0.134553118,0.669117647,0.053507815,0
YLR295C,0.212430295,0.844155844,0.138386041,0.611111111
YGR104C,0,0,0,0
YLR238W,0,0,0,0
YAL019W,0.035879525,0.191666667,0.032351872,0
YOL069W,0,0,0,0
YDR214W,0.028532647,0.029239766,0.022405076,0
YER118C,0.007386961,0.333333333,0.005816067,0
YLR197W,0.082733963,1,0.020174482,0
YNL121C,0,0,0,0
YOR111W,0,0,0,0
YHR196W,0.006753793,0.333333333,0.002181025,0
YBL025W,0.013289572,1,0.00220699,0
YGR067C,0.08401524,0.8,0.050669886,0.005617284
YDL145C,0,0,0,0
YBL101C,0,0,0,0
YJL029C,0.185857952,0.810526316,0.036914415,0
YJR043C,0.01786941,0.333333333,0.015903308,0
YNL090W,0.020293849,0.151515152,0,0
YNL263C,0,0,0,0
YJL057C,0.15395813,1,0.089258451,0
YPL234C,0.015196034,0.3,0.005179935,0
YKL135C,0,0,0,0
YER164W,0.082733963,1,0.021742743,0
YMR060C,0,0,0,0
YMR190C,0.048402182,0.733333333,0.023173391,0
YMR311C,0.010341745,0.333333333,0.004452926,0
YDR150W,0,0,0,0
YBR128C,0.142747058,0.766666667,0.050109051,0
YBL099W,0.002419423,0.333333333,0,0
YBL079W,0.012663362,0,0.003271538,0
YGL213C,0.008442241,0,0.002181025,0
YMR022W,0.012904569,1,0.018102508,0
YGR180C,0,0,0,0
YBR034C,0,0,0,0
YER176W,0.986286125,0.975308642,0.020792439,0
YBL087C,0.21157328,0.83982684,0.209832788,0.611111111
YBR253W,0,0,0,0
YOR303W,0.023216163,1,0,0
YPL036W,0.083951297,0.893939394,0.06779353,0
YML015C,0,0,0,0
YDR195W,0.008442241,0,0,0
YJL112W,0.008442241,1,0,0
YCR034W,0.028542815,0.060606061,0.017448201,0
YLR310C,0.012100546,0.266666667,0,0
YIR017C,0.003473189,0.133333333,0,0
YJL061W,0,0,0,0
YHR113W,0,0,0,0
YKL023W,0.016884482,0,0,0
YER075C,0,0,0,0
YNL234W,0.209636673,0.847619048,0.189437607,0.044444444
YPR162C,0.006753793,1,0.002181025,0
YLR141W,0.996321057,1,0.020792439,0
YNL067W,0,0,0,0
YLR449W,0,0,0,0
YOL086C,0.008442241,0,0.00685465,0
YGR144W,0.016884482,0,0.012359142,0
YGL003C,0,0,0,0
YKR069W,0,0,0,0
YGR292W,0.023216163,0.022222222,0,0
YMR080C,0,0,0,0
YBR234C,0,0,0,0
YOR087W,0.038140839,1,0.026328088,0.006095679
YGL100W,0,0,0,0
YNL036W,0,0,0,0
YHR023W,0,0,0,0
YJL137C,0,0,0,0
YCR091W,0,0,0,0
YBR188C,0.006683441,0.666666667,0,0
YIL022W,0,0,0,0
YJL043W,0.012663362,0,0,0
YNL272C,0,0,0,0
YFL021W,0,0,0,0
YHR179W,0.004748761,1,0.000817884,0
YKL028W,0.069628752,0.525641026,0.018781049,0
YBR289W,0.152146566,0.816666667,0.09368022,0
YDL185W,0,0,0,0
YLR053C,0,0,0,0
YLR003C,0.004221121,0.333333333,0.006543075,0
YMR124W,0.00971895,0.076923077,0.014141257,0
YMR308C,0.00064983,0.066666667,0,0
YMR216C,0.049057964,1,0.038894947,0.02
YNL062C,0.159839765,0.286868687,1,0
YPL129W,0.007076584,1,0.001090513,0
YHR060W,0,0,0,0
YMR009W,0.10743689,1,0.121264995,0
YOL148C,0,0,0,0
YDR482C,0,0,0,0
YFR047C,0,0,0,0
YLR145W,0.011998174,0.106060606,0.024263904,0
YBR200W,0.143917018,1,0.039148102,0
YDL044C,0,0,0,0
YNL054W,0,0,0,0
YMR044W,0.048964998,1,0.012758997,0.001111111
YPL243W,0.083718891,1,0.004998182,0
YOR085W,0,0,0,0
YMR134W,0,0,0,0
YDR155C,0.110313417,1,0.151944747,0
YJR122W,0,0,0,0
YOR197W,0.008442241,0,0.0012463,0
YPL026C,0,0,0,0
YNL086W,0,0,0,0
YOR386W,0.036248035,0.046666667,0.029773065,0
YFL039C,0.028737197,0.171428571,0.043808509,0
YDR309C,0,0,0,0
YPR161C,0,0,0,0
YDL226C,0,0,0,0
YOR101W,0,0,0,0
YHR108W,0,0,0,0
YHR182W,0.087412371,1,0.017894792,0
YPR191W,0,0,0,0
YHR164C,0.087612431,0.583333333,0.050722772,0
YGR274C,0,0,0,0
YKL173W,0,0,0,0
YER122C,0.405569349,1,0.552798982,0
YGR232W,0.008442241,0,0,0
YJR056C,0.020873673,0.1,0.00674135,0.001111111
YHR206W,0.996321057,1,0.020792439,0
YLR029C,0.027004348,0.107142857,0.015945251,0
YLR423C,0,0,0,0
YDL180W,0.209636673,0.847619048,0.048879709,0
YHR118C,0.008442241,0,0,0
YDR499W,0,0,0,0
YNR046W,0.044741577,0.472727273,0.049073064,0
YDR443C,0.006753793,1,0.0012463,0
YGR113W,0.002336692,1,0.002317339,0
YJR089W,0,0,0,0
YDR007W,0.996321057,1,0.020792439,0
YMR121C,0.032703634,1,0.006441813,0
YGL115W,0,0,0,0
YOR177C,0.026151761,0.107142857,0.002830522,0
YIL046W,0.013814576,0.109090909,0.002181025,0
YLR191W,0,0,0,0
YCL061C,0,0,0,0
YMR131C,0,0,0,0
YER069W,0.053889424,1,0.013740458,0.001111111
YBL003C,0,0,0,0
YCL054W,0,0,0,0
YBR138C,0.021949827,1,0.002471828,0
YLR105C,0,0,0,0
YDL106C,0.012663362,0,0.017011996,0
YKL020C,0,0,0,0
YFL060C,0.002029385,0.166666667,0,0
YFL005W,0.094514082,0.844444444,0.03189571,0
YFR037C,0,0,0,0
YHR024C,0,0,0,0
YPR111W,0,0,0,0
YMR076C,0.996321057,1,0.020792439,0
YMR194W,0.016281465,1,0.002181025,0
YOR132W,0,0,0,0
YAR044W,0.016884482,0,0,0
YJL034W,0.005005043,0.5,0.005413616,0
YLR178C,0.020639635,1,0.002181025,0
YNL214W,1,1,0.020792439,0
YER117W,0.015196034,0,0.00436205,0
YLR258W,0,0,0,0
YLR363C,0,0,0,0
YPL119C,0,0,0,0
YDL154W,0.691280089,1,0.059245123,0
YPL081W,0.148470673,0.866666667,0.066905069,0
YHR039CA,0,0,0,0
YHR184W,0,0,0,0
YBL061C,0,0,0,0
YDR511W,0,0,0,0
YGR146C,0.01092771,0.428571429,0,0
YLR337W,0.087412371,1,0.019193021,0
YFR033C,0,0,0,0
YOL131W,0,0,0,0
YCR033W,0.018775523,0.1,0.032351872,0
YIL007C,0.001332985,0.005847953,0.010905125,0
YLR452C,0,0,0,0
YLR118C,0.004748761,0.333333333,0.000934725,0
YJL110C,0.07879425,0.777777778,0.022537259,0.00125
YEL024W,0,0,0,0
YDR464W,0.007236207,0.043956044,0.005795295,0
YKL018W,0.996321057,1,0.020792439,0
YML073C,0.996321057,1,0.020792439,0
YIL018W,0,0,0,0
YOL034W,0.008442241,0,0,0
YBR136W,0.019135747,0.4,0,0
YGR261C,0,0,0,0
YHR056C,0,0,0,0
YDR289C,0,0,0,0
YDR020C,0,0,0,0
YNL245C,0,0,0,0
YLR177W,0.996321057,1,0.020792439,0
YNL301C,0.143917018,1,0.085150854,0
YKR052C,0.012663362,0,0,0
YDR480W,0.03292474,1,0.003946617,0
YEL003W,0.03292474,1,0.003946617,0
YML094W,0.109731399,0.438095238,0.067722227,0
YCR093W,0.0280001,0.357142857,0.006418445,0
YDR422C,0,0,0,0
YLR359W,0,0,0,0
YCLX08C,0.011397025,0.3,0.001853871,0
YGR246C,0.078844502,0.575757576,0.027535619,0
YER171W,0,0,0,0
YJL098W,0,0,0,0
YPL075W,0.086181211,0.861111111,0.004998182,0
YGL022W,0,0,0,0
YNL253W,0,0,0,0
YGL093W,0,0,0,0
YIR005W,0.37990085,1,0.085786987,0
YJL063C,0,0,0,0
YOL128C,0.143917018,1,0.039148102,0
YOR334W,0,0,0,0
YNR034W,0,0,0,0
YDR485C,0,0,0,0
YHR098C,0,0,0,0
YDL240W,0,0,0,0
YOR272W,0.03256293,0.4,0.021955652,0
YIL066C,0.008442241,0,0,0
YBR037C,0.37990085,1,0.055434387,0
YLR312WA,0.148731879,1,0.03126136,0
YPR166C,0,0,0,0
YCR024C,0.008442241,0.333333333,0.002908033,0
YEL036C,0,0,0,0
YDR459C,0,0,0,0
YGR159C,0,0,0,0
YPR049C,0,0,0,0
YBR203W,0.039397125,0.666666667,0.008542348,0
YKR084C,0.001194133,0.333333333,0,0
YBR098W,0.008442241,0,0,0
YAL017W,0,0,0,0
YKL110C,0.015829202,0.121212121,0.012586332,0
YJL074C,0.02316589,0.303030303,0.014482379,0
YEL009C,0.027010146,0.666666667,0.002259976,0
YMR094W,0,0,0,0
YDR385W,0.028100603,1,0.020501636,0
YJL026W,0.101306893,1,0.022942307,0
YMR218C,0.008864353,1,0,0
YDR086C,0,0,0,0
YML021C,0,0,0,0
YGL131C,0.020261379,0.333333333,0,0
YLR233C,0.15395813,1,0.066905069,0
YDL184WB,0.036181033,0.5,0.009939243,0
YOR069W,0.402493962,0.944444444,0.400763359,0
YBR173C,0.016884482,0.666666667,0.004543802,0
YJL183W,0.691280089,1,0.059245123,0
YOL040C,0,0,0,0
YGL095C,0,0,0,0
YJR104C,0,0,0,0
YMR071C,0.691280089,1,0.159087604,0
YLR167W,0.000634755,0.066666667,0.002305655,0
YER105C,0.051068756,0.333333333,0.028816694,0
YGL092W,0.008442241,0,0.011995638,0
YER023W,0,0,0,0
YIL132C,0,0,0,0
YGL105W,0.011256321,0.666666667,0.009409565,0
YKL117W,0,0,0,0
YBR175W,0.37990085,1,0.117230098,0
YKR085C,0,0,0,0
YOR023C,0.082733963,1,0.024972737,0
YOR045W,0.109997871,1,0.027547991,0
YJL148W,0.101306893,1,0.03263229,0.006944444
YDR246W,0.10890491,0.452631579,0.041329127,0
YHR005CA,0.002311566,0.1,0.002217375,0
YOR231W,0,0,0,0
YJR048W,0.042211206,1,0.008360596,0
YLR291C,0,0,0,0
YNL013C,0.00246232,0.066666667,0,0
YMR065W,0,0,0,0
YGR192C,0.691280089,1,0.059245123,0
YJR145C,0.148731879,1,0.048346056,0
YDR337W,0,0,0,0
YKL150W,0,0,0,0
YLR153C,0,0,0,0
YAL051W,0,0,0,0
YGR238C,0.033919719,1,0.018266085,0
YGR193C,0.01024717,0.106060606,0.00220699,0
YLR347C,0.021668419,0.666666667,0.004407488,0
YLR396C,0.010663247,1,0.004388015,0
YJL081C,0,0,0,0
YDL042C,0,0,0,0
YER028C,0,0,0,0
YMR012W,0.691280089,1,0.059245123,0
YLR287CA,0,0,0,0
YER104W,0,0,0,0
YKR059W,0.008201034,0.2,0.007906216,0
YMR270C,0.007177573,0.4,0.0087241,0
YIL150C,0,0,0,0
YDR277C,0.095501169,0.633333333,0.09464091,0
YIL021W,0.003084665,0.1,0,0
YDR409W,0.018090517,0,0.002908033,0
YMR199W,0.014968954,1,0,0
YOR038C,0.996321057,1,0.020792439,0
YHR141C,0.01435181,1,0.003635042,0
YER123W,0.018995042,0.214285714,0.002271901,0
YOL123W,0.024105613,0.6,0.00436205,0
YOR250C,0.020261379,0.333333333,0,0
YLR025W,0.996321057,1,0.020792439,0
YHL033C,0.008442241,0,0.002181025,0
YFL059W,0.008442241,0,0.002908033,0
YNL032W,0.022389978,0.095238095,0.005363281,0
YER125W,0,0,0,0
YJL218W,0.098456233,0.91025641,0.063269201,0.006666667
YJL140W,0.403822928,0.947619048,0.298091603,0
YPR108W,0.012663362,0,0.001211681,0
YER161C,0,0,0,0
YBL112C,0.006922992,0.19047619,0.0087241,0
YNR053C,0,0,0,0
YLR265C,0.023216163,1,0.005543439,0
YPL094C,0.012663362,0,0.005452563,0
YML042W,0,0,0,0
YKL188C,0.023216163,1,0,0
YEL017CA,0.012663362,1,0,0
YPR047W,0.405569349,1,0.464158488,0
YFR052W,0,0,0,0
YGL220W,0,0,0,0
YDR127W,0.007386961,0.333333333,0.002471828,0
YPR176C,0.025870352,0.142857143,0.018432691,0
YFL009W,0.0035176,0.166666667,0,0
YJR060W,0,0,0,0
YBL052C,0.037825626,0.6,0.009814613,0
YGL153W,0,0,0,0
YDR097C,0.206746465,0.731884058,0.13623877,0
YHR041C,0.069497735,1,0.00436205,0
YJL111W,0,0,0,0
YJR062C,0.691280089,1,0.059245123,0
YMR230W,0.154439385,1,0.067066521,0
YDR377W,0,0,0,0
YDL028C,0.996321057,1,0.020792439,0
YLR406C,0.008442241,0,0.004050475,0
YMR038C,0,0,0,0
YHR209W,0.022512643,0.047619048,0.004471101,0
YML064C,0,0,0,0
YPL001W,0,0,0,0
YMR312W,0.074623381,1,0.009305707,0
YDL067C,0,0,0,0
YIL122W,0,0,0,0
YPL135W,0.004221121,0.166666667,0.000181752,0
YER149C,0,0,0,0
YMR228W,0.37990085,1,0.055434387,0
YPL173W,0.053889424,1,0.004751519,0
YBL002W,0,0,0,0
YLR131C,0,0,0,0
YCL009C,0,0,0,0
YGL249W,0,0,0,0
YGR054W,0,0,0,0
YMR108W,0.008442241,0,0.002908033,0
YML088W,0.023796607,0.055555556,0,0
YDR227W,0.008442241,0,0,0
YKL113C,0,0,0,0
YKR104W,0,0,0,0
YOR179C,0.118049489,0.595588235,0.072425611,0
YDL165W,0,0,0,0
YDL230W,0,0,0,0
YPL191C,0,0,0,0
YOR109W,0,0,0,0
YNL230C,0.021567916,0.047619048,0.003635042,0
YDR395W,0,0,0,0
YPL070W,0.996321057,1,0.020792439,0
YGL147C,0.008442241,0,0,0
YOR043W,0,0,0,0
YGL096W,0,0,0,0
YLR213C,0,0,0,0
YHR170W,0,0,0,0
YPR185W,0,0,0,0
YNL191W,0.02845419,0.142857143,0.004894706,0
YJR090C,0.143917018,1,0.115594329,0
YPR134W,0.018879921,0.333333333,0.000727008,0
YDR369C,0.975291002,0.951520626,0.135005453,0
YOL127W,0.008442241,0,0.000671085,0
YKL048C,0,0,0,0
YJL180C,0,0,0,0
YNL188W,0.176865991,0.518518519,0.120124284,0.014444444
YBR154C,0.006985967,0.064102564,0.002225086,0
YMR032W,0.018090517,0,0.005919925,0.001111111
YER173W,0,0,0,0
YHR105W,0,0,0,0
YIL050W,0,0,0,0
YKR080W,0.017939762,1,0.004498364,0
YJR007W,0,0,0,0
YDR469W,0,0,0,0
YDL077C,0,0,0,0
YLR324W,0.048964998,1,0.016175936,0.001111111
YPL210C,0.101306893,1,0.02396358,0
YDR407C,0.405569349,1,0.723373319,0
YER021W,0,0,0,0
YPL112C,0,0,0,0
YGL071W,0.028872678,0.127272727,0.030534351,0
YFR034C,0,0,0,0
YDL003W,0.000745488,0.003076923,0.003797662,0
YNL118C,0,0,0,0
YBR222C,0.076408409,0.8,0.034069429,0.02
YLR357W,0,0,0,0
YDL155W,0.008442241,1,0.000892238,0
YLR212C,0.028944827,0.380952381,0.004388015,0
YGR047C,0.041947386,0.444444444,0.026248031,0.02
YBR079C,0.012663362,0,0,0
YLR032W,0.008442241,0,0.00174482,0
YDR267C,0.691280089,1,0.059245123,0
YKL156W,0,0,0,0
YDR274C,0,0,0,0
YJR159W,0,0,0,0
YOR188W,0.019115646,0.333333333,0.018266085,0
YML058W,0,0,0,0
YER066CA,0,0,0,0
YNL293W,0,0,0,0
YLR076C,0.001194133,0.1,0,0
YKR030W,0.007386961,0.333333333,0.003316976,0
YOR310C,0.016281465,1,0.00523446,0
YHR012W,0,0,0,0
YML124C,0,0,0,0
YPR023C,0,0,0,0
YHR015W,0.177451102,0.544159544,0.083702896,0
YHR143WA,0.109420488,0.846153846,0.066240847,0
YIL106W,0,0,0,0
YER018C,0.009708577,0.2,0,0
YGL206C,0.012663362,0,0,0
YPL140C,0.004572881,0.333333333,0.003011892,0
YDR164C,0.080711087,1,0.07742639,0.006666667
YML098W,0.203890173,0.721014493,0.124921674,0
YER022W,0.019698563,0,0,0
YPL031C,0,0,0,0
YNL258C,0.004221121,0.066666667,0,0
YHR161C,0.139411912,0.558441558,0.109983147,0.063333333
YDR145W,0,0,0,0
YNL050C,0.37990085,1,0.085786987,0
YDR237W,0.005317516,0.666666667,0.009269357,0
YJR086W,0.405828356,0.952380952,0.303609077,0
YGR135W,0.001194133,0.333333333,0,0
YMR253C,0,0,0,0
YLR440C,0.008442241,0,0,0
YLL050C,0,0,0,0
YKR083C,0.008442241,0,0,0
YER177W,0,0,0,0
YDR082W,0.006753793,0.333333333,0.002894815,0
YDR390C,0,0,0,0
YKL075C,0.05427155,1,0.008451472,0
YDL195W,0,0,0,0
YML035C,0,0,0,0
YKL050C,0.080623403,0.805555556,0.037986187,0.001111111
YMR203W,0,0,0,0
YNL182C,0.007386961,1,0,0
YML075C,0.012663362,0,0,0
YPL164C,0,0,0,0
YHR156C,0.213674247,1,0.248273355,0.611111111
YMR112C,0.055566263,0.351648352,0.010701736,0
YPR181C,0.088643532,1,0.008583105,0
YAL033W,0.026659709,0.022058824,0.00947024,0
YPL022W,0.077764195,0.654545455,0.019377369,0
YDL108W,0,0,0,0
YNL218W,0.033557908,0.8,0.005098146,0
YJL054W,0.001502975,1,0,0
YBL066C,0,0,0,0
YKL052C,0,0,0,0
YGR243W,0.033919719,1,0.013389071,0
YBR221C,0,0,0,0
YBR213W,0.025790888,0.022058824,0,0
YNL094W,0,0,0,0
YBL036C,0.021306609,0.1,0.005140988,0
YGL035C,0,0,0,0
YNL066W,0.01925198,0.833333333,0.007633588,0
YIR008C,0,0,0,0
YIL117C,0,0,0,0
YGL154C,0.009209718,0.072727273,0.03106325,0
YOL004W,0,0,0,0
YHR178W,0,0,0,0
YCL052C,0,0,0,0
YDR316W,0.015196034,0,0,0
YLR429W,0.691280089,1,0.059245123,0
YNL302C,0.002381145,0.027777778,0.002443168,0
YER032W,0.0231244,0,0.019629226,0
YER112W,0,0,0,0
YNL035C,0,0,0,0
YLR206W,0,0,0,0
YBR094W,0.036864453,0.285714286,0.007860778,0
YDL074C,0,0,0,0
YAR009C,0,0,0,0
YKR064W,0.017225419,0.333333333,0.0012463,0
YNL093W,0.006753793,0.333333333,0,0
YDR320C,0,0,0,0
YKL059C,0.01857293,1,0,0
YJL024C,0.057049779,0.777777778,0.011110482,0
YDL017W,0,0,0,0
YMR019W,0,0,0,0
YLR309C,0.018090517,0,0.005670665,0
YOL133W,0,0,0,0
YBR270C,0.020261379,0.114285714,0.006418445,0
YDR477W,0,0,0,0
YOL110W,0,0,0,0
YFR021W,0.681687355,0.965538847,0.059245123,0
YER131W,0.022512643,0.047619048,0.002908033,0
YHR158C,0.10743689,1,0.049903768,0
YBR081C,0,0,0,0
YGL149W,0.008442241,0,0,0
YCL011C,0,0,0,0
YMR056C,0,0,0,0
YOR202W,0.996321057,1,0.020792439,0
YDL184C,0.032864439,0.666666667,0.094874591,0
YER070W,0.069497735,1,0.00436205,0
YDL143W,0.021949827,1,0.001308615,0
YAR008W,0.405569349,1,0.414322065,0.321111111
YER094C,0,0,0,0
YGR052W,0.033186703,0.136363636,0.040712468,0
YCR088W,0.003824591,0.055555556,0.001090513,0
YNL084C,0.020544755,0.066666667,0.008887677,0
YPL115C,0,0,0,0
YGR041W,0,0,0,0
YHR216W,0,0,0,0
YFL014W,0.103370002,0.658333333,0.049903768,0
YHR099W,0,0,0,0
YDR363W,0,0,0,0
YHR086W,0.065708719,1,0.018417545,0
YHL025W,0.101216441,1,0.026826609,0
YDR118W,0,0,0,0
YDR378C,0.051962268,0.761904762,0.003316976,0
YJL085W,0.691280089,1,0.059245123,0
YNL096C,0,0,0,0
YHR169W,0.020471662,0.1,0.007046389,0
YDR130C,0,0,0,0
YDR229W,0.002844231,0.095238095,0.004650157,0
YLL024C,0,0,0,0
YPR104C,0,0,0,0
YCR087W,0.006331681,0.166666667,0.000654308,0
YOR370C,0.996321057,1,0.020792439,0
YKR094C,0,0,0,0
YDL112W,0.996321057,1,0.020792439,0
YLL045C,0,0,0,0
YKR086W,0,0,0,0
YNR016C,0.008442241,0,0.000671085,0
YHR073W,0,0,0,0
YPR071W,0,0,0,0
YMR246W,0.019735109,0.285714286,0.002181025,0
YDR244W,0,0,0,0
YAL018C,0,0,0,0
YCL063W,0,0,0,0
YDL025C,0,0,0,0
YDR339C,0,0,0,0
YCL037C,0,0,0,0
YNR001C,0.37990085,1,0.076154126,0
YHR147C,0.048964998,1,0.021810251,0
YKL122C,0,0,0,0
YIR038C,0,0,0,0
YDR100W,0.005804041,0.333333333,0.003998546,0
YJL143W,0.192131337,0.584615385,0.098260806,0
YER179W,0,0,0,0
YLR094C,0,0,0,0
YKL078W,0.002783156,0.066666667,0,0
YNL027W,0,0,0,0
YGL180W,0.996321057,1,0.020792439,0
YOL120C,0.691280089,1,0.059245123,0
YOL121C,0,0,0,0
YMR237W,0,0,0,0
YML104C,0.006331681,1,0.00068157,0
YMR089C,0.996321057,1,0.020792439,0
YDL082W,0,0,0,0
YDR235W,0.670498704,0.931639443,0.059245123,0
YBR048W,0.15395813,1,0.066905069,0
YHR026W,0.077809322,0.777777778,0.021311731,0.001111111
YGR082W,0,0,0,0
YPR051W,0.0059253,0.043956044,0.002908033,0
YHL002W,0,0,0,0
YOR142W,0.975592681,0.95182174,0.020792439,0
YOR063W,0,0,0,0
YLR371W,0.996321057,1,0.020792439,0
YPL079W,0.008442241,0,0,0
YDL156W,0.121301675,0.532163743,0.069429298,0.001111111
YDL181W,0,0,0,0
YDR183W,0.004221121,0.066666667,0.002217375,0
YIL115C,0.003084665,1,0.001090513,0
YPR101W,0,0,0,0
YGR010W,0,0,0,0
YLL049W,0,0,0,0
YOL100W,0,0,0,0
YDL146W,0.049258969,0.761904762,0.049981825,0
YOR361C,0.017525639,0.666666667,0.006501623,0
YDR129C,0.010050287,0.5,0.003953108,0
YIL118W,0,0,0,0
YNL329C,0,0,0,0
YHR115C,0,0,0,0
YEL005C,0.031907342,0.109090909,0.025517993,0.001111111
YMR117C,0.154439385,1,0.047408734,0
YOL077WA,0,0,0,0
YGL143C,0.012663362,0,0.002348796,0.001111111
YMR106C,0,0,0,0
YEL021W,0,0,0,0
YOR076C,0.031658404,0.833333333,0.004128369,0
YKL148C,0.008442241,0.333333333,0,0
YJR010CA,0,0,0,0
YOR227W,0,0,0,0
YHR014W,0.37990085,1,0.085786987,0.044444444
YKL138C,0.082733963,1,0.046346783,0
YHR117W,0.691280089,1,0.059245123,0
YDR450W,0,0,0,0
YKR025W,0.015196034,0,0.001288788,0
YHR119W,0,0,0,0
YDL153C,0.013429876,0.166666667,0.004677725,0.001111111
YOL090W,0,0,0,0
YIL061C,0,0,0,0
YLR160C,0.003618103,0.047619048,0.002804175,0
YOL068C,0,0,0,0
YDL087C,0.01786941,0.333333333,0.013740458,0
YNL167C,0,0,0,0
YDR027C,0,0,0,0
YKL021C,0.078659673,1,0.053616867,0.02
YKR008W,0,0,0,0
YPL064C,0,0,0,0
YPL095C,0,0,0,0
YGR178C,0,0,0,0
YJR023C,0.996321057,1,0.020792439,0
YPL143W,0.004115593,0.1,0.000389469,0
YFL037W,0.036663447,1,0.016494002,0
YJR068W,0,0,0,0
YLR019W,0.015196034,0,0.00261723,0
YBR217W,0.681243026,0.964912281,0.059245123,0
YGR214W,0.036663447,1,0.016194111,0
YOR217W,0.034731132,0.087912088,0.023113909,0.001111111
YLR293C,0.691280089,1,0.11316491,0
YNL178W,0,0,0,0
YPL005W,0,0,0,0
YMR239C,0.038325856,0.25,0.026608506,0
YDL132W,0.005698513,1,0,0
YKL041W,0,0,0,0
YLR246W,0,0,0,0
YMR048W,0,0,0,0
YIL113W,0,0,0,0
YGL238W,0.008442241,0,0,0
YDR490C,0.016884482,0,0.005670665,0
YGL116W,0,0,0,0
YHR071W,0,0,0,0
YER127W,0.006331681,0.166666667,0.003316976,0
YDL014W,0,0,0,0
YGL094C,0.018090517,0,0.017448201,0
YDR113C,0,0,0,0
YPL139C,0.038483404,0.380952381,0.017011996,0
YGR040W,0.006331681,0.071428571,0,0
YER040W,0.018090517,0,0.00810095,0
YGL086W,0,0,0,0
YKL092C,0,0,0,0
YNL259C,0.014070402,0.5,0.001363141,0
YGR162W,0.012663362,0,0.002181025,0
YNL006W,0.012663362,0,0.003635042,0
YER007W,0.003684443,0.333333333,0.004712572,0.001111111
YOR140W,0.0026382,0.2,0.000817884,0
YNL138W,0,0,0,0
YLR045C,0,0,0,0
YHR103W,0.023993738,0.007352941,0.019629226,0
YDL043C,0,0,0,0
YFR015C,0.052231933,0.424242424,0.021716778,0.003333333
YDR224C,0.056757518,0.439393939,0.010701736,0
YPL218W,0,0,0,0
YHR079CA,0,0,0,0
YKR092C,0,0,0,0
YDR080W,0,0,0,0
YER011W,0.008864353,1,0,0
YIL009CA,0.020721865,0,0.003635042,0
YCR009C,0.002029385,0.066666667,0,0
YER031C,0,0,0,0
YBL017C,0,0,0,0
YBR050C,0,0,0,0
YJL139C,0,0,0,0
YNL078W,0.004648715,0.3,0.005113017,0
YKL082C,0,0,0,0
YKL176C,0,0,0,0
YBR258C,0,0,0,0
YKL019W,0.004199015,0.5,0,0
YIL156W,0,0,0,0
YLR120C,0.143917018,1,0.049247027,0
YPL029W,0,0,0,0
YBR117C,0.007851787,0.111111111,0.020537986,0
YER009W,0,0,0,0
YBL054W,0.012663362,0,0.002835333,0
YJL090C,0,0,0,0
YKR029C,0.154439385,1,0.059923664,0
YBR039W,0.014594844,0.7,0.006135024,0
YDR054C,0,0,0,0
YLR234W,0,0,0,0
YHR079C,0.012135722,0.666666667,0.001090513,0
YNL225C,0,0,0,0
YCR023C,0.008442241,0,0,0
YCR014C,0.691280089,1,0.059245123,0
YOR182C,0.092310285,0.846153846,0.021167627,0
YOR207C,0.030954884,0.19047619,0.014009191,0
YMR186W,0.080711087,1,0.039656272,0
YMR227C,0.0035176,0.1,0,0
YAL011W,0,0,0,0
YCR057C,0.087412371,1,0.016918523,0
YBL045C,0.691280089,1,0.220229008,0
YOR167C,0,0,0,0
YPR172W,0,0,0,0
YHR144C,0.002302429,0.018181818,0,0
YAL047C,0.038110688,1,0.010920704,0
YLR370C,0.189395193,1,0.036914415,0
YDL102W,0.030392068,1,0.013631407,0
YJL164C,0,0,0,0
YOR017W,0,0,0,0
YOR324C,0.37990085,1,0.055434387,0
YMR286W,0,0,0,0
YGR060W,0,0,0,0
YOL149W,0,0,0,0
YBR066C,0.007557816,0.666666667,0.002726281,0
YFR028C,0,0,0,0
YBR276C,0.034974999,0.666666667,0.020038168,0
YBR087W,0,0,0,0
YML121W,0,0,0,0
YOL144W,0.129166289,0.742857143,0.048238303,0
YGR222W,0,0,0,0
YJL042W,0,0,0,0
YKL189W,0,0,0,0
YER143W,0,0,0,0
YKL210W,0.002170862,0.022222222,0,0
YIL159W,0,0,0,0
YDL090C,0,0,0,0
YOR125C,0.007483633,0.088888889,0.01063415,0
YBL085W,0,0,0,0
YCR001W,0.017306594,1,0.006543075,0
YIL072W,0.024693555,0.001422475,0.00991375,0
YBR109C,0,0,0,0
YHR207C,0,0,0,0
YPR182W,0,0,0,0
YDL126C,0,0,0,0
YAL035W,0,0,0,0
YDR266C,0,0,0,0
YGR233C,0.003173392,0.107142857,0.000688745,0
YGL173C,0.002575953,0.025641026,0.002181025,0
YGL061C,0.005698513,0.166666667,0,0
YPR173C,0.033593084,0.066666667,0.018339785,0
YPL240C,0,0,0,0
YMR323W,0.15395813,1,0.066905069,0
YLR447C,0,0,0,0
YNL148C,0,0,0,0
YMR035W,0.379966504,0.773076923,0.424536532,0.321111111
YPR103W,0,0,0,0
YKL130C,0,0,0,0
YLR015W,0,0,0,0
YKL133C,0,0,0,0
YEL026W,0.006779375,0.333333333,0.00500251,0
YER111C,0.017412122,1,0.008178844,0
YNL314W,0,0,0,0
YDL056W,0.008442241,0,0,0
YCR005C,0,0,0,0
YBR143C,0,0,0,0
YOL065C,0,0,0,0
YNL049C,0,0,0,0
YHL027W,0.01366839,0.19047619,0.009451109,0
YML099C,0,0,0,0
YCR048W,0,0,0,0
YDL213C,0,0,0,0
YJR047C,0.109997871,1,0.027547991,0
YNL248C,0.199669053,0.706521739,0.124347856,0
YOL051W,0.008442241,0,0.005179935,0
YCL040W,0.996321057,1,0.020792439,0
YBR031W,0.000611081,0.166666667,0.000284482,0
YOL145C,0,0,0,0
YJR092W,0,0,0,0
YOR327C,0,0,0,0
YDR172W,0,0,0,0
YHL018W,0.022864403,0.022222222,0,0
YGR089W,0,0,0,0
YFL017C,0.137881809,0.835164835,0.119974555,0
YKR036C,0,0,0,0
YLL038C,0.109420488,0.846153846,0.048138339,0
YER068W,0.030392068,1,0.00311575,0
YBL021C,0,0,0,0
YOR285W,0.017005086,0.666666667,0.017720829,0
YJL025W,0.018889514,0.333333333,0,0
YFL016C,0.018090517,0,0.006543075,0
YDL101C,0.104728428,0.752380952,0.027547991,0
YPR010C,0.008442241,0,0.00348964,0
YBR195C,0.025326723,0.4,0.004388015,0
YNL153C,0.074623381,1,0.017084696,0
YHR051W,0,0,0,0
YMR096W,0,0,0,0
YDR303C,0.402493962,0.944444444,0.361221893,0
YOL038W,0.405569349,1,0.46437659,0
YHR200W,0.034371982,0.833333333,0.024209378,0
YDR181C,0.078515583,0.654545455,0.020959542,0
YDR311W,0.042211206,1,0.03217012,0
YDR076W,0.996321057,1,0.020792439,0
YJL177W,0,0,0,0
YBL077W,0.016884482,0,0.0007931,0
YDR510W,0.025326723,0.4,0.003816794,0
YKR026C,0,0,0,0
YER153C,0,0,0,0
YPL167C,0,0,0,0
YKL134C,0,0,0,0
YPR180W,0.00140704,0.003174603,0,0
YBL026W,0,0,0,0
YDR515W,0,0,0,0
YCRX16C,0.996321057,1,0.020792439,0
YFL034CA,0,0,0,0
YGL174W,0.027274933,0.142857143,0.003635042,0
YIL144W,0,0,0,0
YBR059C,0,0,0,0
YMR052W,0.008442241,0,0,0
YDL225W,0,0,0,0
YNR045W,0,0,0,0
YBR043C,0.031306644,0.266666667,0.002235551,0
YJR045C,0,0,0,0
YJL155C,0.003683887,0.2,0.004798255,0
YER124C,0,0,0,0
YEL060C,0.029125732,0.6,0.005192917,0
YLR200W,0.996321057,1,0.020792439,0
YFR031CA,0.008442241,0,0.0024926,0
YDR416W,0.208012632,0.826839827,0.126420263,0.613333333
YBR193C,0,0,0,0
YLR332W,0,0,0,0
YPL253C,0.006779375,0.133333333,0.003271538,0
YLR182W,0.005392307,0.083333333,0.00220699,0
YER110C,0,0,0,0
YDR213W,0,0,0,0
YOR008C,0.021949827,1,0.001817521,0
YMR261C,0.012663362,0,0.001454017,0
YMR235C,0,0,0,0
YMR257C,0,0,0,0
YDR174W,0,0,0,0
YGL185C,0.691280089,1,0.059245123,0
YLR388W,0.000444328,0.004329004,0,0
YER146W,0.010587734,0.127272727,0.005842031,0
YER172C,0,0,0,0
YML069W,0,0,0,0
YNL139C,0,0,0,0
YGL145W,0.008442241,0,0,0
YGR173W,0,0,0,0
YGR070W,0.042211206,0.666666667,0.011486732,0.001111111
YPR088C,0.002743728,0.166666667,0,0
YBL030C,0,0,0,0
YBR235W,0.009391993,0.333333333,0.002071974,0
YPR141C,0,0,0,0
YKL153W,0.102573229,0.681818182,0.023555071,0
YKL022C,0.001677625,0.066666667,0,0
YKR054C,0.006922785,0.088888889,0.029716467,0
YER114C,0,0,0,0
YLL010C,0.015196034,0,0.003053435,0
YJL141C,0,0,0,0
YOL132W,0,0,0,0
YNR037C,0,0,0,0
YMR297W,0,0,0,0
YIR039C,0,0,0,0
YBR072W,0,0,0,0
YIL162W,0.059171065,1,0.014225179,0.011111111
YGR195W,0.083718891,1,0.018538713,0.001111111
YOR103C,0.043693236,0.184210526,0.043179104,0.004583333
YGL172W,0,0,0,0
YLR316C,0.001948209,0.012820513,0.004977211,0
YBL106C,0,0,0,0
YOR353C,0.008442241,0,0,0
YOR128C,0,0,0,0
YKL017C,0.003939713,1,0,0
YOL067C,0.028140804,0.142857143,0,0
YNL103W,0,0,0,0
YDR122W,0,0,0,0
YKL213C,0.045427297,0.8,0.012165273,0
YOR061W,0.996321057,1,0.020792439,0
YLR325C,0.028963381,0.072727273,0.004041311,0
YJR076C,0.008442241,0,0,0
YLR306W,0.694952092,1,0.059245123,0
YMR116C,0.031658404,0.833333333,0.00062315,0
YKL141W,0.033557908,0.8,0.007197383,0
YDL217C,0.019969147,0.166666667,0.002181025,0
YLL036C,0,0,0,0
YLR320W,0.017479768,0.055384615,0.020038168,0
YOR181W,0.029899604,0.178571429,0.013813159,0.04
YDR201W,0,0,0,0
YLR456W,0,0,0,0
YKR099W,0,0,0,0
YLR259C,0.013857494,1,0,0
YGR268C,0.376677119,0.745121951,0.317655917,0
YHR027C,0.214664001,0.884210526,0.045424649,0
YEL032W,0,0,0,0
YDL088C,0.691280089,1,0.059245123,0
YIL069C,0.203077848,0.884210526,0.045424649,0
YBR202W,0,0,0,0
YLR240W,0,0,0,0
YLR352W,0,0,0,0
YNR058W,0,0,0,0
YLR373C,0,0,0,0
YLR222C,0,0,0,0
YOR029W,0.101306893,1,0.042093784,0
YBR254C,0.011588895,1,0.054525627,0
YMR053C,0,0,0,0
YBR097W,0.021407111,0.6,0.005513147,0
YKL112W,0.086266201,0.628571429,0.041654983,0
YLR418C,0,0,0,0
YKL002W,0,0,0,0
YOR124C,0.01857293,1,0.003725918,0
YPR029C,0.691280089,1,0.059245123,0
YLR048W,0,0,0,0
YDR292C,0,0,0,0
YGL032C,0,0,0,0
YDL161W,0.019135747,0.4,0.004798255,0
YLR148W,0.017220253,0.064935065,0.041338215,0
YML109W,0,0,0,0
YDL089W,0.996321057,1,0.020792439,0
YDR418W,0,0,0,0
YIL048W,0,0,0,0
YLR454W,0,0,0,0
YMR154C,0,0,0,0
YLR289W,0,0,0,0
YJR140C,0,0,0,0
YDR440W,0.025326723,0.071428571,0.002390963,0
YCR096C,0,0,0,0
YGR018C,0.07879425,1,0.009814613,0
YIL142W,0,0,0,0
YLR133W,0,0,0,0
YGL063W,0,0,0,0
YGL006W,0,0,0,0
YAL028W,0,0,0,0
YJL080C,0.016884482,0,0.007633588,0
YBR133C,0,0,0,0
YCL024W,0,0,0,0
YLR427W,0.963825878,0.928592418,0.020792439,0
YPR102C,0.014773922,1,0,0
YOL115W,0.007386961,1,0.000727008,0
YNL124W,0.01646237,1,0.002726281,0
YJR058C,0.008572122,0.2,0.003583113,0
YPL209C,0.018395199,0.333333333,0.005089059,0
YML051W,0.112824522,1,0.018315418,0
YBL084C,0,0,0,0
YLR135W,0,0,0,0
YLR466W,0.005276401,1,0.002292555,0
YPL237W,0,0,0,0
YER081W,0,0,0,0
YDR488C,0.126882952,0.761904762,0.059941839,0
YAL021C,0,0,0,0
YMR291W,0,0,0,0
YGL221C,0,0,0,0
YKL209C,0,0,0,0
YDR169C,0,0,0,0
YNR019W,0,0,0,0
YGR191W,0,0,0,0
YER142C,0.023216163,1,0.007270084,0
YLR292C,0.021645529,1,0.012540894,0.005555556
YML095C,0,0,0,0
YOR320C,0.002347678,0.2,0,0
YPL246C,0.026582236,0.142857143,0.05743366,0
YPL174C,0,0,0,0
YFL066C,0.015196034,0,0,0
YLR256W,0,0,0,0
YNL163C,0.008442241,0,0,0
YMR036C,0.007123141,1,0,0
YHR090C,0.04446247,1,0.017811705,0
YKL081W,0.37990085,1,0.085786987,0
YKL170W,0.055541459,0.32967033,0.059536792,0
YNL244C,0.101306893,1,0.03736823,0.006944444
YDR472W,0,0,0,0
YPL086C,0.691280089,1,0.207579062,0
YGL189C,0.091718919,0.681818182,0.00797632,0
YLR127C,0.012728302,0.3,0.009896401,0
YDL207W,0.002381145,1,0,0
YBR172C,0,0,0,0
YGL014W,0.069497735,1,0.00436205,0
YDR188W,0,0,0,0
YDR484W,0.030392068,1,0.012154258,0
YKL166C,0.012663362,0,0.001677712,0
YMR159C,0.008442241,0,0.002181025,0
YDL134C,0,0,0,0
YDR247W,0,0,0,0
YPR152C,0.047899668,1,0.006418445,0
YGL208W,0,0,0,0
YJR127C,0,0,0,0
YNL264C,0,0,0,0
YOR047C,0.008442241,0,0,0
YJR035W,0.029547844,0.7,0.014405151,0
YER095W,0.005276401,1,0.013241938,0
YAL056W,0.203077848,0.884210526,0.055598554,0.044444444
YPR019W,0.016412562,0.388888889,0.014391078,0
YDR216W,0.07733116,0.575757576,0.027844115,0
YPL122C,0,0,0,0
YBR140C,0.986286125,0.975308642,0.020792439,0
YMR142C,0.017394534,0.333333333,0.017357325,0
YIL063C,0.019899568,0.166666667,0.002786865,0
YNL098C,0.124475761,0.666666667,0.048138339,0
YGR092W,0,0,0,0
YOL117W,0.011500865,0.058823529,0.002225086,0
YKL129C,0,0,0,0
YJR103W,0.01786941,0.333333333,0.008996728,0
YOR195W,0,0,0,0
YGL073W,0,0,0,0
YLR175W,0.402493962,0.944444444,0.414503817,0
YML092C,0,0,0,0
YHR055C,0,0,0,0
YDR128W,0.996321057,1,0.239821883,0
YOL039W,0.101216441,1,0.018315418,0
YDL008W,0.026593059,0.6,0.003725918,0
YOR260W,0,0,0,0
YJL165C,0,0,0,0
YGR136W,0.029461699,0.009250694,0.05216285,0.134444444
YJR022W,0,0,0,0
YIR004W,0.015196034,0,0,0
YPL194W,0,0,0,0
YIL139C,0.001145733,0.333333333,0.001817521,0
YLR144C,0,0,0,0
YDR436W,0.003216092,0.1,0.002407625,0
YMR240C,0,0,0,0
YOR051C,0,0,0,0
YML007W,0,0,0,0
YDL040C,0,0,0,0
YLR039C,0,0,0,0
YPL235W,0.015196034,0.3,0.002305655,0
YOR358W,0,0,0,0
YPR184W,0,0,0,0
RRP13,0.004748761,1,0.000436205,0
YIR023W,0,0,0,0
YHR191C,0,0,0,0
YOR080W,0,0,0,0
YJL184W,0,0,0,0
YKR048C,0,0,0,0
YBR113W,0.691280089,1,0.059245123,0
YHR021C,0.008442241,0,0,0
YPL149W,0,0,0,0
YGR179C,0,0,0,0
YDR179C,0,0,0,0
YBR114W,0,0,0,0
YDR288W,0,0,0,0
YPR158WA,0.004748761,0.333333333,0.001454017,0
YKR062W,0.0026382,0.333333333,0.006372014,0
YJR033C,0.414871462,0.946031746,0.377252428,1
YDR394W,0,0,0,0
YGL001C,0,0,0,0
YLL014W,0,0,0,0
YNR012W,0,0,0,0
YLR117C,0.001373539,0.1,0,0
YOR122C,0,0,0,0
YPL023C,0,0,0,0
YFR039C,0.013541232,0.166666667,0.003011892,0
YNL102W,0,0,0,0
YLR119W,0,0,0,0
YOR281C,0,0,0,0
YDL229W,0.39672508,0.86059744,0.312706418,0
YIL075C,0,0,0,0
YNL311C,0.002057796,0.1,0.006434024,0
YKL205W,0,0,0,0
YGL040C,0,0,0,0
YOR033C,0.37990085,1,0.085786987,0
YDR405W,0,0,0,0
YLR403W,0,0,0,0
YOL070C,0.012663362,0,0,0
YFL034CB,0.008351789,0.4,0.01308615,0
YPL181W,0.005890651,0.3,0.005067421,0
YDR189W,0,0,0,0
YAL036C,0.986286125,0.975308642,0.020792439,0
YGL135W,0.15395813,1,0.113413304,0
YPR036W,0,0,0,0
YLR281C,0,0,0,0
YFR054C,0,0,0,0
YFR040W,0.996321057,1,0.020792439,0
YBL027W,0.154439385,1,0.059705562,0
YPL078C,0,0,0,0
YHR199C,0,0,0,0
YDR296W,0,0,0,0
YDR177W,0,0,0,0
YKL085W,0,0,0,0
YOL017W,0.008442241,0,0,0
YJR050W,0.008140732,1,0.002531547,0
YDR310C,0.013366882,0.666666667,0,0
YLR342W,0,0,0,0
YKL161C,0.021407111,0.4,0.008406034,0
YOR039W,0.002864332,0.047619048,0,0
YHR077C,0,0,0,0
YDR159W,0.038593102,0.152380952,0.048164304,0.004583333
YGR119C,0,0,0,0
YLR424W,0,0,0,0
YLR108C,0.37990085,1,0.076154126,0
YBL038W,0.003683887,1,0,0
YJL172W,0.996321057,1,0.020792439,0
YLR344W,0,0,0,0
YER049W,0.008442241,0,0.00436205,0
YDR131C,0.002620006,0.007389163,0.006773295,0
YBL050W,0,0,0,0
YLR422W,0,0,0,0
YGR101W,0.100396456,0.242424242,0.083226255,0
YDR167W,0.008442241,0,0.002181025,0
YER100W,0.402493962,0.944444444,0.295365322,0
YDL097C,0,0,0,0
YNR063W,0.143917018,1,0.039148102,0
YDR194C,0,0,0,0
YML117W,0.005289625,0.333333333,0.013319832,0
YGL178W,0.063432383,0.318681319,0.036456873,0
YDL116W,0,0,0,0
YLL032C,0,0,0,0
YGR058W,0.074623381,1,0.013177027,0
YLR395C,0,0,0,0
YOR302W,0.071617163,0.450549451,0.068266085,0.023333333
YOR213C,0.10743689,1,0.100254453,0
YLR055C,0,0,0,0
YCR107W,0.012663362,0,0.001557875,0
YDL193W,0.143917018,1,0.064431116,0
YBR120C,0,0,0,0
YGL023C,0.078905717,0.972222222,0.038268335,0.001111111
YLR005W,0.019135747,0.4,0,0
YPL195W,0.001959806,0.166666667,0,0
YDR170C,0.012663362,0,0.018417545,0
YKL108W,0.011588895,0.3,0.027306434,0
YNL309W,0.078659673,1,0.052126499,0
YCR052W,0,0,0,0
YDR088C,0.403143792,0.946031746,0.418502363,0.321111111
YGR253C,0.006660599,0.054545455,0.004471101,0
YLL039C,0,0,0,0
YOR084W,0,0,0,0
YCL034W,0,0,0,0
YKR019C,0.008442241,0,0.001938689,0
YCR079W,0,0,0,0
YPR177C,0,0,0,0
YOR066W,0,0,0,0
YOR064C,0.074483913,0.75,0.0391494,0.013333333
YDR225W,0.036327914,0.622222222,0.012441757,0
YDR052C,0.003015086,0.333333333,0.002938325,0
YJL005W,0.008864353,1,0.002653581,0
YJL006C,0.996321057,1,0.318429662,0
YBL092W,0,0,0,0
YPR178W,0.034974999,0.023076923,0.011528617,0
YDR388W,0,0,0,0
YJR143C,0.040977743,0.666666667,0.011875414,0
YJR065C,0,0,0,0
YER044C,0.00390017,1,0.010087241,0
YMR276W,0.029411849,0.111111111,0.010045698,0
YOR212W,0.127927465,0.708333333,0.05173711,0.072222222
YGR252W,0.02695487,0.6,0.007906216,0
YDR362C,0.996321057,1,0.020792439,0
YOR312C,0,0,0,0
YKL211C,0,0,0,0
YDL133W,0.073645494,0.654545455,0.043447837,0.02
YGR056W,0.691280089,1,0.059245123,0
YOR369C,0,0,0,0
YLR247C,0,0,0,0
YPL152W,0,0,0,0
YLR130C,0.059171065,1,0.017617836,0.011111111
YCR035C,0,0,0,0
YJR110W,0.152146566,0.816666667,0.171210469,0
YOR332W,0.004502529,0.333333333,0.004634678,0
YGR186W,0.008442241,0,0,0
YAR019C,0,0,0,0
YLR245C,0.014858747,0.158333333,0.014050735,0.002916667
YEL037C,0.03305947,0.6,0,0
YBL008W,0,0,0,0
YJR138W,0,0,0,0
YAL024C,0.048964998,1,0.01308615,0
YDL092W,0.036389804,0.282051282,0.013524952,0
YPL042C,0,0,0,0
YDL125C,0.074623381,1,0.011450382,0
YLR038C,0.147641726,0.628571429,0.129346904,0.056666667
YMR236W,0,0,0,0
YBR116C,0,0,0,0
YKL155C,0.008442241,0,0,0
YOR229W,0.008864353,1,0.002471828,0
YKL139W,0.030392068,1,0.002235551,0
YOL062C,0,0,0,0
YGR108W,0.08401524,0.8,0.045065864,0
YFR051C,0,0,0,0
YJL204C,0,0,0,0
YKR020W,0.038627119,0.511111111,0.026337076,0
YKL057C,0.029547844,1,0.00261723,0
YHR135C,0.670498704,0.931639443,0.345874228,0
YHR203C,0.148731879,1,0.038440567,0
YKL003C,0.017623178,0.333333333,0.002726281,0
YJL128C,0.005387094,0.133333333,0.005588877,0
YDR264C,0,0,0,0
YER159C,0.213674247,1,0.117414014,0
YLR071C,0.03642224,0.666666667,0.009174468,0
YNR035C,0.001194133,0.1,0,0
YBR205W,0,0,0,0
YGR158C,0,0,0,0
YDR306C,0,0,0,0
YGL158W,0.009497521,0.107142857,0.005369476,0
YJR066W,0.010251293,0.2,0.00417121,0.001111111
YJL115W,0.026674644,0.107142857,0.007002024,0
YCR084C,0,0,0,0
YOR018W,0.000924929,1,0.003271538,0
YDR473C,0,0,0,0
YCL012W,0.101306893,1,0.03736823,0.006944444
YML077W,0.007477414,0.666666667,0.002495349,0
YNL039W,0,0,0,0
YDL084W,0,0,0,0
YBL032W,0.016559781,0.052307692,0.022232175,0
YDR192C,0,0,0,0
YKL073W,0,0,0,0
YJL149W,0.016884482,0,0,0
YDR146C,0,0,0,0
YMR004W,0,0,0,0
YHR134W,0.0024709,0.004878049,0,0
YOR098C,0.207112323,0.822510823,0.169102145,0.611111111
YOL135C,0,0,0,0
YLR017W,0,0,0,0
YJR148W,0,0,0,0
YBR108W,0,0,0,0
YJL039C,0,0,0,0
YNL064C,0.021153669,0.2,0.002181025,0
YJL095W,0.15395813,1,0.188113413,0
YKL080W,0,0,0,0
YCR101C,0.001536364,1,0.002544529,0
YNL315C,0,0,0,0
MEL1,0.019891519,0.244444444,0.012768084,0.002222222
YFR002W,0,0,0,0
YOL052C,0.015316637,1,0.008451472,0
YLR115W,0,0,0,0
YDR180W,0,0,0,0
YCR097W,0.012663362,0,0.003816794,0
YOR351C,0.105720351,0.473684211,0.064670042,0.044444444
YDR448W,0.029514343,0.305555556,0.022537259,0
YBR118W,0.027437284,0.142857143,0.032715376,0
YLR216C,0,0,0,0
YMR069W,0,0,0,0
YNL135C,0.015196034,0.3,0.002235551,0
YJR005W,0,0,0,0
YML010W,0.008442241,0,0.003053435,0
YOR026W,0.148731879,1,0.067066521,0
YGR084C,0,0,0,0
YGL087C,0,0,0,0
YMR088C,0,0,0,0
YNL239W,0,0,0,0
YGR203W,0,0,0,0
YIL173W,0.040156577,0.619047619,0.00994774,0
YKL013C,0,0,0,0
YOL151W,0.015196034,0,0,0
YJL092W,1,1,0.180734278,0
YPL131W,0,0,0,0
YMR275C,0.13831205,0.647058824,0.168302435,0
YEL051W,0.091343142,1,0.099054889,0.006666667
YOL005C,0.002170862,0.333333333,0,0
YLL016W,0.996321057,1,0.020792439,0
YPR043W,0.105047965,0.536764706,0.05610687,0
YPR034W,0.691280089,1,0.059245123,0
YBR181C,0,0,0,0
YPL178W,0,0,0,0
YPL231W,0.001677625,1,0,0
YGR130C,0,0,0,0
YKL072W,0,0,0,0
YPL089C,0.024271443,0.333333333,0.001454017,0
YOR232W,0.108406833,0.868131868,0.027547991,0
YOR341W,0.016884482,0,0,0
YDL013W,0.006331681,0.166666667,0.00186945,0
YLR450W,0,0,0,0
YIR016W,0.001409651,1,0,0
YOR308C,0,0,0,0
YGR100W,0,0,0,0
YIL065C,0.048964998,1,0.014540167,0
YML105C,0,0,0,0
YDR231C,0.028854374,1,0.005179935,0
YAL001C,0.005065345,1,0.000860931,0
YAR007C,0.007738721,1,0.002305655,0
YML054C,0.001236185,0.166666667,0.00220699,0
YPL125W,0,0,0,0
YHR087W,0.691280089,1,0.059245123,0
YGR027C,0.37990085,1,0.055434387,0
YLR439W,0.028545328,0.142857143,0.005498001,0
YEL043W,0,0,0,0
YBL004W,0,0,0,0
YLR067C,0,0,0,0
YBL071C,0.008442241,0,0,0
YMR111C,0.37990085,1,0.055434387,0
YBR268W,0.996321057,1,0.020792439,0
YDL133CA,0.006613089,0.2,0,0
YCL066W,0,0,0,0
YNR050C,0.189395193,1,0.132263592,0.044444444
YJR006W,0.088643532,1,0.011547316,0
YBR167C,0,0,0,0
YOL032W,0,0,0,0
YHR074W,0.986286125,0.975308642,0.020792439,0
YDL075W,0,0,0,0
YHR188C,0.006050273,0.666666667,0.002612437,0
YDR168W,0,0,0,0
YCL036W,0,0,0,0
YCR076C,0,0,0,0
YGR290W,0,0,0,0
YMR221C,0.374191854,0.740243902,0.301300393,0
YGL048C,0.37990085,1,0.085786987,0.044444444
YKL167C,0.213674247,1,0.133034308,0
YGL025C,0.006882262,1,0,0
YPL228W,0.018879921,0.333333333,0,0
YMR224C,0,0,0,0
YJR091C,0,0,0,0
YDR141C,0,0,0,0
YMR093W,0.088643532,1,0.010759724,0
YNL221C,0.015196034,0,0,0
YCR066W,0.007115603,0.043956044,0.00348964,0
YLL021W,0.021949827,1,0.002471828,0
YPL083C,0,0,0,0
YAR003W,0,0,0,0
YDL127W,0,0,0,0
YIL104C,0,0,0,0
YMR183C,0.154439385,1,0.067066521,0
YDL004W,0,0,0,0
YOR265W,0.109997871,1,0.087241003,0
YDR156W,0,0,0,0
YHR035W,0.059171065,1,0.017129653,0
YDL111C,0.081793804,1,0.014879616,0
YGR258C,0,0,0,0
YKL182W,0,0,0,0
YDL190C,0,0,0,0
YOL018C,0.021347177,0.110294118,0.018932509,0
YLR026C,0,0,0,0
YGR296W,0.083718891,1,0.004998182,0
YGL226CA,0.013507586,0.166666667,0.002726281,0
YFR031C,0,0,0,0
YJL167W,0,0,0,0
YPL018W,0.691280089,1,0.059245123,0
YCR031C,0.071748408,0.428571429,0.052902841,0
YNL287W,0,0,0,0
YJL021C,0,0,0,0
YLR155C,0.691280089,1,0.059245123,0
YJL191W,0,0,0,0
YIL112W,0,0,0,0
YHL020C,0.405569349,1,0.295365322,0
YGR270W,0,0,0,0
YKL035W,0.094159013,0.742857143,0.043344333,0
YJL194W,0.008683448,0.666666667,0.003089786,0
YGL212W,0,0,0,0
YGR264C,0,0,0,0
YLL033W,0.009773518,0.666666667,0.013813159,0
YMR255W,0,0,0,0
YGL251C,0,0,0,0
YNL079C,0.002029385,0.166666667,0,0
YNL304W,0.001726822,1,0.021810251,0
YER115C,0.016884482,0,0.001454017,0
YEL061C,0.094096143,1,0.021167627,0
YPR190C,0.003393527,0.133333333,0.00062315,0
YGL097W,0,0,0,0
YMR233W,0.092310285,0.846153846,0.047982552,0.006666667
YNR003C,0.152146566,0.816666667,0.088711307,0
YBR127C,0,0,0,0
YCR012W,0,0,0,0
YBR003W,0,0,0,0
YOR264W,0,0,0,0
YAL032C,0,0,0,0
YMR092C,0,0,0,0
YKL179C,0.003261775,1,0.003407852,0
YMR263W,0.007640301,0.090909091,0.006814205,0
YAL005C,0,0,0,0
YKR010C,0,0,0,0
YCL067C,0.37990085,1,0.055434387,0
YNL185C,0.005804041,0.333333333,0,0
YKL203C,0,0,0,0
YKL172W,0.008864353,1,0,0
YLR318W,0,0,0,0
YHR149C,0,0,0,0
YNL034W,0.007386961,1,0,0
YOR373W,0.078659673,1,0.025439947,0.02
YIL126W,0,0,0,0
YML111W,0,0,0,0
YJR067C,0,0,0,0
YDR397C,0.006882262,1,0,0
YGL130W,0.008442241,0,0,0
YHL010C,0,0,0,0
YPL066W,0.996321057,1,0.020792439,0
YDL130W,0.007386961,0.333333333,0.001635769,0
YHR089C,0.996321057,1,0.020792439,0
YDR500C,0,0,0,0
YLR090W,0.099112134,0.91025641,0.024957158,0
YOR116C,0,0,0,0
YKL215C,0.148470673,0.866666667,0.18865867,0
YGR020C,0,0,0,0
YPL037C,0,0,0,0
YHR112C,0.007963001,0.066666667,0.002181025,0
YHR016C,0.378096809,0.769230769,0.392574129,0.321111111
YOR362C,0.080623403,0.805555556,0.026735732,0
YNL131W,0,0,0,0
YPR115W,0.018995042,1,0.00242639,0
YER017C,0,0,0,0
YIR009W,0,0,0,0
YJL048C,0.025326723,0.011695906,0.049073064,0
YKL011C,0,0,0,0
YDR261WA,0,0,0,0
YOR123C,0.359762879,0.693379791,0.390356753,0.321111111
YFR050C,0.691280089,1,0.220174482,0
YHL015W,0.032414739,0.166666667,0.041221374,0.018888889
YMR201C,0.016803307,1,0.005888768,0
YML057W,0.069497735,1,0.007633588,0
YJL014W,0,0,0,0
YOR294W,0,0,0,0
YEL034W,0,0,0,0
YJL030W,0.038897922,0.110294118,0.035211438,0
YPL248C,0.016884482,0,0,0
YGL058W,0.377441554,0.767948718,0.299934872,0
YOR259C,0,0,0,0
YKL090W,0.110013841,0.747252747,0.075492029,0
YIL038C,0,0,0,0
YOR230W,0,0,0,0
YJL186W,0,0,0,0
YNR064C,0.011080441,0.333333333,0.002181025,0
YDL239C,0.023021857,0.3,0.002181025,0
YLR319C,0.018995042,0.5,0.004416576,0
YOR254C,0.020261379,0,0,0
YBR274W,0,0,0,0
YBR131W,0.005410222,0.107142857,0,0
YAR002W,0,0,0,0
YJR113C,0.074623381,1,0.013177027,0
YNL052W,0,0,0,0
YOR245C,0.014211106,1,0.003011892,0
YBL035C,0,0,0,0
YMR302C,0.015979956,1,0.011941112,0
YML043C,0.006753793,0.333333333,0.001526718,0
YJR093C,0.011397025,0.666666667,0.006179571,0
YOR046C,0.003437198,1,0.0037389,0
YLR035C,0.996321057,1,0.020792439,0
YDR471W,0.006331681,0.166666667,0.00174482,0
YKR066C,0.691280089,1,0.059245123,0
YBR189W,0,0,0,0
YJR132W,0.00542952,0.666666667,0.00610687,0
YGL223C,0,0,0,0
YKL014C,0.659508002,0.900058445,0.345874228,0
YBL072C,0,0,0,0
YBR080C,0.003216092,0.166666667,0.002471828,0
YBL078C,0.996321057,1,0.020792439,0
YGL030W,0.012663362,0,0,0
YJR094C,0.008442241,0,0,0
YDR381W,0.126269581,1,0.121228644,0.072222222
YPL254W,0.012663362,0,0,0
YBL034C,0,0,0,0
YOL163W,0,0,0,0
YBR020W,0.051359251,1,0.014540167,0
YLR166C,0.00973293,0.075757576,0.002189287,0
YAL041W,0,0,0,0
YLR428C,0,0,0,0
YNR031C,0,0,0,0
YDL129W,0,0,0,0
YGR280C,0.083718891,1,0.008814976,0.001111111
YML019W,0,0,0,0
YGL205W,0,0,0,0
YPL032C,0.010201041,0.333333333,0.002726281,0
YGL049C,0.015196034,0,0.002181025,0
YPL051W,0,0,0,0
YHR160C,0,0,0,0
YDR219C,0.001873211,0.2,0.011632134,0
YGR184C,0.001954413,1,0.00436205,0
YDL123W,0,0,0,0
YER047C,0,0,0,0
YHL026C,0,0,0,0
YOR147W,0.37990085,1,0.117230098,0
YMR193W,0.112824522,1,0.00261723,0
YNL172W,0,0,0,0
YDR200C,0,0,0,0
YKL056C,0,0,0,0
YGR143W,0.143685288,0.514492754,0.108414656,0
YGL112C,0.008442241,0,0,0
YGL037C,0.010453587,0.076923077,0.015899829,0
YHL007C,0.016884482,0.666666667,0.007633588,0
YJR075W,0.017225419,0.333333333,0.002908033,0
YBR264C,0,0,0,0
YGL202W,0,0,0,0
YMR232W,0,0,0,0
YPR079W,0.043133467,0.220588235,0.017453546,0
YBR010W,0.010552801,1,0,0
YIR022W,0.002381145,1,0,0
YML046W,0,0,0,0
YPL050C,0,0,0,0
YAL026C,0.003199165,1,0.002193142,0
YDR009W,0.003557802,0.021978022,0.005452563,0
YHR005C,0,0,0,0
YDL235C,0.37990085,1,0.085786987,0
YBR122C,0,0,0,0
YBL075C,0,0,0,0
YPL120W,0.008442241,0,0,0
YHR082C,0,0,0,0
YNL233W,0,0,0,0
YAR064W,0.016884482,0,0.002181025,0
YIL128W,0.996321057,1,0.020792439,0
YGL031C,0,0,0,0
YER162C,0.00298996,0.333333333,0.002362777,0.00125
YDR356W,0,0,0,0
YGL169W,0,0,0,0
YJL047C,0.996321057,1,0.020792439,0
YDL136W,0.410552601,0.902402402,0.42095342,0.443472222
YER012W,0,0,0,0
YDR165W,0,0,0,0
YJL146W,0,0,0,0
YOR384W,0,0,0,0
YGR014W,0.093769178,0.777777778,0.082224646,0.005555556
YDR460W,0.143917018,1,0.067520901,0
YIR021W,0.010085463,0.047368421,0,0
YGL181W,0.138697745,0.473333333,0.134914577,0.063333333
YBR198C,0,0,0,0
YOR338W,0.203030893,0.770562771,0.048879709,0
YLL004W,0.01857293,1,0,0
YBR288C,0.996321057,1,0.020792439,0
YGL103W,0,0,0,0
YGL229C,0.012663362,0,0.00174482,0
YNL023C,0,0,0,0
YNL331C,0.148731879,1,0.03126136,0
YHR075C,0.104843855,0.438095238,0.065092207,0
YDR176W,0,0,0,0
YPL093W,0,0,0,0
YNR049C,0,0,0,0
YER007C,0.04446247,1,0.008542348,0
YAL003W,0.008442241,0,0.000817884,0
YHR197W,0,0,0,0
YJR131W,0,0,0,0
YBL067C,0.024924712,0.2,0.016575791,0
YMR055C,0,0,0,0
YOR074C,0,0,0,0
YPL146C,0,0,0,0
YDR016C,0,0,0,0
YDL173W,0.024824209,0.095238095,0.005270811,0
YHR030C,0,0,0,0
YPL236C,0.041608188,0.166666667,0.009223919,0.01
YBR088C,0.028439547,0.111111111,0.003635042,0
YJL157C,0,0,0,0
YOR155C,0,0,0,0
YDL135C,0.038110688,1,0.015267176,0
YIL062C,0.37990085,1,0.055434387,0
YDL202W,0,0,0,0
YOL126C,0,0,0,0
YDR099W,0,0,0,0
YDR324C,0,0,0,0
YDR373W,0.996321057,1,0.020792439,0
YDL191W,0,0,0,0
YMR214W,0,0,0,0
YDR457W,0,0,0,0
YHL008C,0,0,0,0
YCR082W,0.996321057,1,0.020792439,0
YGL076C,0.008969881,0.666666667,0,0
YNL229C,0,0,0,0
YNL216W,0.014623168,0.666666667,0.015539804,0.001111111
YOR194C,0.008442241,0,0.002181025,0
YLR016C,0,0,0,0
YNL159C,0.008442241,0,0,0
YDR092W,0,0,0,0
YER188W,0.083951297,0.893939394,0.067248273,0
YPL011C,0,0,0,0
YOR185C,0.003939713,0.1,0,0
YBL103C,0.005065345,0.1,0,0
YLR378C,0,0,0,0
YBR299W,0,0,0,0
YDL094C,0,0,0,0
YGR267C,0,0,0,0
YMR258C,0,0,0,0
YBR211C,0,0,0,0
YNL289W,0.37990085,1,0.055434387,0
YDR322W,0,0,0,0
YMR250W,0.996321057,1,0.020792439,0
YKL006W,0.016603267,0.2,0.049073064,0
YJL041W,0.019839267,1,0.002185569,0
YMR231W,0,0,0,0
YGR229C,0.37990085,1,0.085786987,0
YGR220C,0,0,0,0
YPL101W,0.028844324,0.266666667,0.023173391,0.02
YKL042W,0,0,0,0
YBR057C,0.045427297,0.8,0.016291046,0
YIL035C,0,0,0,0
YJL084C,0,0,0,0
YHRS03C,0.075753805,0.745454545,0.018781049,0
YJL176C,0,0,0,0
YDR110W,0,0,0,0
YBL047C,0.025326723,0.333333333,0.012987485,0
YER020W,0.029547844,1,0.002471828,0
YNL154C,0.03492511,0.073529412,0,0
YJL020C,0.37990085,1,0.065703381,0
YCR003W,0,0,0,0
YIR014W,0.112520058,0.676190476,0.08400322,0
YNR052C,0.015196034,0,0.00261723,0
YDR217C,0.007738721,1,0.002217375,0
YJR135WA,0,0,0,0
YGR129W,0.015196034,1,0.006478636,0
YPL203W,0.390877724,0.847795164,0.29966128,0
YFR004W,0.042211206,1,0.015364543,0
YML032C,0.140382409,0.857142857,0.067066521,0
YOR158W,0.996321057,1,0.020792439,0
YJR094WA,0.199418987,0.868421053,0.042471177,0
YGL201C,0,0,0,0
YLL057C,0,0,0,0
YBR229C,0,0,0,0
YFR014C,0.016803307,1,0.001817521,0
YKL190W,0,0,0,0
YIR024C,0,0,0,0
YNL152W,0,0,0,0
YGL028C,0,0,0,0
YOR347C,0,0,0,0
YMR017W,0,0,0,0
YNL255C,0,0,0,0
YDR321W,0,0,0,0
YBR082C,0.996321057,1,0.020792439,0
YBR191W,0.004115593,0.333333333,0.003442904,0
YNL223W,0,0,0,0
YJR109C,0.097929997,0.576923077,0.030970556,0
YHR166C,0,0,0,0
YER168C,0.074623381,1,0.009305707,0
YMR256C,0,0,0,0
YDL246C,0,0,0,0
YER045C,0.109997871,1,0.087241003,0.001111111
YOR340C,0,0,0,0
YOR136W,0,0,0,0
YGL050W,0.681243026,0.964912281,0.059245123,0
YOR096W,0,0,0,0
YLR058C,0,0,0,0
YGR021W,0.005219578,0.3,0.007847115,0
YOR127W,0,0,0,0
YBL049W,0,0,0,0
YPR137W,0.019135747,0.333333333,0,0
YCR092C,0,0,0,0
YKL012W,0.049057964,1,0.024748576,0.02
YMR309C,0,0,0,0
YPR073C,0.37990085,1,0.055434387,0
YMR024W,0.002151944,1,0.004907306,0
YNL041C,0.047487606,0.535714286,0.014099556,0
YOL021C,0.003216648,0.095238095,0.008860414,0
YBR279W,0.996321057,1,0.020792439,0
YPL198W,0.015316637,1,0.007197383,0
YDR301W,0.37990085,1,0.117230098,0.044444444
YKR006C,0,0,0,0
YGR080W,0,0,0,0
YDR260C,0.37990085,1,0.065703381,0
YOR150W,0.053889424,1,0.004751519,0
YNL030W,0.395455228,0.857752489,0.402378356,0
YOR117W,0.042211206,0.380952381,0.022355507,0
YGL019W,0.001948209,0.012820513,0.001090513,0
YJL203W,0.001332985,0.005847953,0,0
YBR160W,0.008442241,0,0.006906579,0
YPR017C,0.095721326,0.78021978,0.059658825,0.006666667
YGL070C,0.027588038,0.833333333,0.004642468,0
YJL053W,0,0,0,0
YIL034C,0,0,0,0
YAL038W,0.05427155,1,0.029443839,0.009027778
YML012W,0.151360805,0.754385965,0.058550138,0
YPR110C,0,0,0,0
YBR103W,0,0,0,0
YFR024CA,0,0,0,0
YAR060C,0.014623168,0.666666667,0.017993457,0.001111111
YKL058W,0.203030893,0.770562771,0.123447436,0.044444444
YBR060C,0.008442241,0,0,0
YHR186C,0.008442241,0,0,0
YLR006C,0,0,0,0
YDR283C,0,0,0,0
YDR421W,0.026593059,1,0.003725918,0
YDR211W,0.061645948,1,0.027455306,0.037777778
YMR146C,0,0,0,0
YMR234W,0,0,0,0
YBR068C,0,0,0,0
YLL051C,0,0,0,0
YNL011C,0,0,0,0
YOL136C,0.008864353,1,0,0
YER087CA,0,0,0,0
YJL036W,0,0,0,0
YMR205C,0,0,0,0
YHR034C,0,0,0,0
YIL042C,0.088643532,1,0.011039512,0
YGR030C,0,0,0,0
YOR204W,0,0,0,0
YLR457C,0,0,0,0
YKR077W,0.008442241,0,0.00174482,0
YLR109W,0,0,0,0
YIR012W,0,0,0,0
YGR077C,0,0,0,0
YEL046C,0,0,0,0
YNL260C,0.087412371,1,0.016918523,0
YGR183C,0,0,0,0
YOR171C,0,0,0,0
YBR223C,0.158390034,0.876190476,0.047024459,0
YJR121W,0,0,0,0
YFL034W,0.004221121,0.066666667,0.005016358,0
YLR394W,0.137649914,0.683823529,0.072403069,0
YOR270C,0.033919719,1,0.013389071,0
YER178W,0,0,0,0
YLR027C,0,0,0,0
YLR443W,0.691280089,1,0.059245123,0
YGL123W,0.087412371,1,0.031988368,0
YOR065W,0,0,0,0
YPL150W,0,0,0,0
YBL089W,0,0,0,0
YAL015C,0,0,0,0
YJL124C,0.01578592,0.078431373,0.014593195,0
YER165W,0,0,0,0
YNL112W,0.030532772,1,0.010996001,0
YKL193C,0,0,0,0
YGR284C,0.007557816,0.2,0.003998546,0
YMR197C,0.034974999,0.138095238,0.014921999,0
YBR009C,0,0,0,0
YDR184C,0,0,0,0
YGL036W,0.986286125,0.975308642,0.020792439,0
YGR034W,0,0,0,0
YIL074C,0,0,0,0
YDR326C,0,0,0,0
YOR363C,0.002029385,0.333333333,0,0
YKR014C,0.065427369,0.75,0.007633588,0
YDR212W,0.026605851,0.025,0.011338534,0
YPR165W,0,0,0,0
YNL091W,0.070914825,0.622222222,0.024972737,0.001111111
YNL070W,0.148731879,1,0.048346056,0
YBR146W,0,0,0,0
YNL204C,0.010999266,0.4,0.005452563,0
YNL166C,0,0,0,0
YHR033W,0.018090517,0,0,0
YPR119W,0.012663362,0.333333333,0.002505582,0
YLR207W,0.402493962,0.944444444,0.414503817,0
YMR314W,0,0,0,0
YDL164C,0.002673376,0.333333333,0.002780807,0
YBR045C,0,0,0,0
YOR329C,0,0,0,0
YPR188C,0,0,0,0
YNR027W,0.213674247,1,0.135810355,0
YDL005C,0,0,0,0
YJL117W,0.008442241,0.025641026,0.01183985,0
YKL068W,0.008442241,0,0,0
YDR171W,0.026055369,0.380952381,0.002453653,0
YDR228C,0.060230538,0.533333333,0.042724723,0.256435185
YJR042W,0,0,0,0
YOL036W,0,0,0,0
YGL207W,0.008442241,0,0,0
YLL011W,0.996321057,1,0.020792439,0
YNL069C,0,0,0,0
YBR102C,0,0,0,0
YDL178W,0.0035176,0.066666667,0,0
YOR269W,0,0,0,0
YBR260C,0.034678129,0.127272727,0.008520278,0
YDR103W,0.094096143,1,0.050708833,0.006666667
YNL151C,0,0,0,0
YMR180C,0.000642109,1,0,0
YCR073C,0,0,0,0
YIR026C,0.230136617,1,0.140041284,0.745555556
YNR010W,0,0,0,0
YHR025W,0,0,0,0
YLL015W,0,0,0,0
YMR200W,0.061897944,0.484848485,0.010701736,0
YIL109C,0.0035176,1,0,0
YPL038W,0.008020129,0.083333333,0.005224546,0
YBR112C,0,0,0,0
YDR095C,0.213674247,1,0.117414014,0
YGL151W,0.002954784,0.1,0,0
YLR313C,0,0,0,0
YMR002W,0,0,0,0
YMR219W,0,0,0,0
YNR018W,0.154439385,1,0.083605961,0
YDR298C,0,0,0,0
YKL101W,0,0,0,0
YHR004C,0,0,0,0
YKL152C,0,0,0,0
YER120W,0.014006445,0.266666667,0.000436205,0
YNL330C,0.163371577,1,0.047408734,0
YDR322CA,0.016341767,0.333333333,0,0
YJR083C,0,0,0,0
YMR207C,0.012663362,0,0.001342169,0
YGL122C,0,0,0,0
YDR523C,0.017060362,0.733333333,0.054889131,0
YDR202C,0.101306893,1,0.027685171,0.013333333
YKR068C,0,0,0,0
YOL045W,0,0,0,0
YLR220W,0,0,0,0
YLR014C,0,0,0,0
YNL147W,0.598157613,0.717948718,0.243347874,0
YLR264W,0,0,0,0
YER001W,0.002849256,0.035714286,0.000419428,0
YLR314C,0,0,0,0
YLR056W,0,0,0,0
YER132C,0,0,0,0
YGR050C,0.022512643,0.047619048,0,0
YLL026W,0,0,0,0
YBR272C,0,0,0,0
YLR143W,0.015196034,0,0.000545256,0
YMR001C,0,0,0,0
YPL215W,0,0,0,0
YHR070W,0,0,0,0
YOR219C,0,0,0,0
YKR021W,0.109997871,1,0.029368109,0.001111111
YJR063W,0,0,0,0
YNR006W,0,0,0,0
YPR008W,0.030392068,1,0.010178117,0
YPL259C,0.00809461,0.111111111,0.003635042,0
YHR165C,0.008442241,1,0.002726281,0
YDR245W,0.015196034,0.3,0.002217375,0
YBR126C,0,0,0,0
YLR007W,0.996321057,1,0.020792439,0
YIL133C,0.996321057,1,0.020792439,0
YNL162W,0,0,0,0
YLR399C,0,0,0,0
YER041W,0,0,0,0
YHR052W,0.012663362,0,0.002181025,0
YPL049C,0.008442241,0,0,0
YOL102C,0,0,0,0
YOR208W,0,0,0,0
YER013W,0.008442241,0,0,0
YLR383W,0.008442241,0,0.00174482,0
YHR183W,0.012763865,0.5,0.004128369,0
YDR173C,0,0,0,0
YCL014W,0,0,0,0
YDR022C,0.016884482,0,0.007906216,0
YJR052W,0.025447327,1,0.007306434,0.005555556
YPR018W,0.691280089,1,0.059245123,0
YML024W,0,0,0,0
YLR210W,0,0,0,0
YOR380W,0.028341809,0.466666667,0.004388015,0
YBR123C,0.006753793,1,0.002399128,0
YKR002W,0,0,0,0
YGR244C,0.986286125,0.975308642,0.020792439,0
YEL054C,0.007738721,1,0.000778938,0
YPL063W,0.025326723,0.036363636,0.002568763,0
YLR433C,0,0,0,0
YEL013W,0.042211206,1,0.008360596,0
YGR083C,0.008442241,0,0,0
YNL333W,0.004227684,0.2,0,0
YLR337C,0,0,0,0
YBL081W,0,0,0,0
YPL088W,0.008442241,0,0,0
YPL074W,0.003048587,0.010869565,0.008905852,0
YCL027W,0,0,0,0
YPR054W,0.198851483,0.71541502,0.05183318,0
YBL023C,0,0,0,0
YAR002CA,0,0,0,0
YHR102W,0.009423515,0.3,0.00174482,0
YCL008C,0.020261379,0.333333333,0.004143948,0.001111111
YJL173C,0.003277576,0.1,0.00274186,0
YGR120C,0.101216441,1,0.018538713,0
YOR249C,0,0,0,0
YPL145C,0,0,0,0
YLR176C,0.008442241,0,0,0
YBR280C,0.012663362,1,0,0
YFL022C,0.027693453,0.036764706,0.007432704,0
YLR438CA,0,0,0,0
YNR033W,0,0,0,0
YDR419W,0.930904331,0.864842681,0.020792439,0
YPL249CA,0.041028364,0.080952381,0.009035282,0
YMR109W,0,0,0,0
YPL105C,0.030392068,1,0.00610687,0
YGL237C,0,0,0,0
YNR044W,0,0,0,0
YOL001W,0.012663362,0,0,0
YIL147C,0.691280089,1,0.059245123,0
YER102W,0,0,0,0
YDL065C,0,0,0,0
YIL131C,0.008442241,0,0,0
YNL180C,0,0,0,0
YCL017C,0,0,0,0
YDL059C,0.013794019,0.106060606,0.002594098,0
YBL105C,0.088643532,1,0.008583105,0
YIR015W,0.04446247,1,0.003816794,0
YPL048W,0.001461157,1,0.002804175,0
YER107C,0,0,0,0
YKL143W,0.008442241,0,0,0
YLR451W,0.038834309,0.128205128,0.011684063,0
YER133W,0,0,0,0
YKL061W,0.008442241,0,0.006543075,0
YFL031W,0,0,0,0
YGR221C,0.213674247,1,0.169102145,0.611111111
YHR058C,0.087412371,1,0.016918523,0
YHR001WA,0.089033719,0.438095238,0.03966523,0
YIL004C,0.027588038,0.833333333,0.004673625,0
YJL154C,0,0,0,0
YPR032W,0,0,0,0
YEL023C,0,0,0,0
YAR033W,0.086087427,0.977777778,0.045065864,0
YIL076W,0.012663362,0,0.00261723,0
YOR275C,0,0,0,0
YOR307C,0,0,0,0
YHR031C,0.202031962,0.754940711,0.143755517,0.623333333
YBL093C,0,0,0,0
YMR285C,0.033768964,0.08974359,0.02174888,0.017777778
YHR107C,0,0,0,0
YBR049C,0.356930101,0.671096346,0.317483855,0
YKL145W,0.403178968,0.946031746,0.381970193,0
YDL020C,0.008442241,0,0,0
YLL001W,0.015196034,0,0.000817884,0
YOR368W,0,0,0,0
YJR021C,0,0,0,0
YCR027C,0,0,0,0
YHL021C,0,0,0,0
YNL323W,0,0,0,0
YJR070C,0,0,0,0
YOR257W,0.37990085,1,0.055434387,0
YJL096W,0,0,0,0
YDL138W,0.148731879,1,0.03126136,0
YDR347W,0.008442241,0,0.0024926,0
YMR280C,0.996321057,1,0.020792439,0
YPL220W,0.064787747,0.654545455,0.018781049,0
YNR023W,0,0,0,0
YFL024C,0.008442241,0,0,0
YNL068C,0,0,0,0
YPL177C,0,0,0,0
YDR043C,1,1,0.180734278,0
YLR340W,0.004432177,1,0.0012463,0
YMR129W,0.405569349,1,0.295365322,0
YDL007W,0.001948209,0.012820513,0.001772083,0
YPR120C,0,0,0,0
YPL067C,0.022290764,0.035714286,0.00198275,0
YLR262C,0,0,0,0
YGR242W,0,0,0,0
YNL003C,0,0,0,0
YMR179W,0.402493962,0.944444444,0.414503817,0.321111111
YJL001W,0.028718695,0.4,0.002830522,0
YGR140W,0,0,0,0
YNL020C,0,0,0,0
YNL202W,0.011397025,0.666666667,0,0
YGR167W,0.040522757,0.141025641,0.024910422,0
YLR362W,0.017236242,1,0.002726281,0
YPL155C,0.016884482,0,0,0
YDR386W,0.065708719,0.8,0.018781049,0
YDR073W,0,0,0,0
YJL068C,0,0,0,0
YLR390WA,0.008442241,0,0,0
YGL013C,0.003869361,1,0.001454017,0
YOL139C,0.013814576,0.666666667,0.002225086,0
YHR172W,0.021105603,0.166666667,0.0023793,0
YER025W,0.047406431,0.523809524,0.018811341,0
YJL089W,0,0,0,0
YNL128W,0.996321057,1,0.020792439,0
YLR448W,0,0,0,0
YFR026C,0,0,0,0
YNL173C,0.008442241,0,0,0
YMR139W,0.002597613,0.333333333,0.001908397,0
YDR002W,0.020502586,1,0,0
YMR189W,0.010552801,0.333333333,0.037077426,0
YGL121C,0.996321057,1,0.020792439,0
YIL148W,0.086181211,0.861111111,0.004998182,0
YEL002C,0.025678483,0.533333333,0.002181025,0
YEL020WA,0,0,0,0
YDR468C,0,0,0,0
YNL058C,0,0,0,0
YMR008C,0,0,0,0
YKL175W,0,0,0,0
YGR116W,0.996321057,1,0.020792439,0
YHL001W,0,0,0,0
YJR024C,0.076309088,0.636363636,0.020959542,0
YPR025C,0,0,0,0
YER090W,0.074623381,1,0.009305707,0
YGL191W,0.008442241,0,0,0
YLL019C,0.065427369,0.75,0.007633588,0
YJL008C,0,0,0,0
YGL165C,0.015196034,0,0.008178844,0.004444444
YPL255W,0.15395813,1,0.075562133,0
YMR054W,0,0,0,0
YLR273C,0,0,0,0
YMR284W,0,0,0,0
YLR097C,0.00030168,0.005263158,0,0
YPR154W,0.020442284,0.5,0.007672535,0
YLR277C,0,0,0,0
YMR075W,0.020548011,0.714285714,0.018538713,0
YLR384C,0.04446247,1,0.008542348,0
YPR080W,0,0,0,0
YBR101C,0.996321057,1,0.020792439,0
YER056CA,0,0,0,0
YNL037C,0,0,0,0
YNL099C,0,0,0,0
YBR083W,0.087412371,1,0.022537259,0.00125
YJL166W,0,0,0,0
YDR455C,0.003954268,0.055555556,0.005997819,0
YGR009C,0.020929723,0.123809524,0.009081546,0
YJR112W,0.011268603,0.087912088,0.01451147,0
YNL271C,0.021949827,1,0.00261723,0
YML100W,0,0,0,0
YLL009C,0.996321057,1,0.020792439,0
YMR242C,0.148731879,1,0.019447474,0
YFR049W,0.172358957,0.505291005,0.116133527,0
YOR210W,0.37990085,1,0.117230098,0
YGR076C,0,0,0,0
YOR349W,0,0,0,0
YLR377C,0.053889424,1,0.004751519,0
YNL031C,0.031735521,0.178571429,0.008737259,0
YDR507C,0.002151944,1,0.002181025,0
YHL031C,0,0,0,0
YDL103C,0,0,0,0
YJL071W,0,0,0,0
YNL007C,0,0,0,0
YML059C,0,0,0,0
YCL039W,0,0,0,0
YPL214C,0.087412371,1,0.022537259,0.002222222
YDR529C,0,0,0,0
YLR462W,0.029432266,0.8,0.002271901,0
YGL044C,0,0,0,0
YDL186W,0,0,0,0
YHL024W,0.206344846,0.770750988,0.148740718,0.611111111
YDR308C,0.013718642,0.666666667,0.000636132,0
YOL013C,0.015866447,0.222222222,0.016723789,0
YER157W,0.154439385,1,0.083605961,0.001111111
YKL016C,0,0,0,0
YLR248W,0.008442241,0,0.035986914,0
YER059W,0,0,0,0
YOL063C,0,0,0,0
YMR150C,0,0,0,0
YCR054C,0,0,0,0
YAL009W,0.691280089,1,0.059245123,0
YOR293W,0,0,0,0
YPR135W,0,0,0,0
YGR091W,0.008442241,0,0,0
YDL099W,0.019806796,0.533333333,0.007929584,0
YDL159W,0.051359251,1,0.003316976,0
YIL068C,0.996321057,1,0.020792439,0
YFR032CA,0.033557908,0.8,0.00697928,0
YBR091C,0,0,0,0
YER144C,0,0,0,0
YCR008W,0.015196034,0.3,0.004485972,0
YIL033C,0,0,0,0
YGR241C,0,0,0,0
YGL175C,0,0,0,0
YLR249W,0,0,0,0
YMR005W,0.037524117,1,0.005452563,0
YDR142C,0,0,0,0
YOR299W,0,0,0,0
YAR066W,0.007738721,1,0.00090876,0
YGR181W,0.020502586,1,0,0
YDR019C,0.021105603,0,0.021264995,0
YHR152W,0,0,0,0
YLR430W,0.040912399,0.181818182,0,0
YGL198W,0,0,0,0
YGL253W,0,0,0,0
YNL088W,0,0,0,0
YHR193C,0,0,0,0
YAR020C,0.076476136,0.651515152,0.018781049,0
YOR290C,0,0,0,0
YKR023W,0.110313417,1,0.046593447,0
YDL160C,0.020721865,0,0.014540167,0
YLR288C,0,0,0,0
YNL286W,0.996321057,1,0.020792439,0
YDR012W,0,0,0,0
YNL199C,0.00316584,0.035714286,0.003053435,0
YML085C,0,0,0,0
YNL157W,0,0,0,0
YGL161C,0,0,0,0
YGL004C,0,0,0,0
YHR120W,0,0,0,0
YBR023C,0,0,0,0
YLR126C,0,0,0,0
SSR1,0.101216441,1,0.018315418,0
YFR036W,0.088643532,1,0.008583105,0
YBL018C,0.008442241,0,0.005919925,0
YIL138C,0.003869361,1,0.002938325,0
YDR498C,0,0,0,0
YHR013C,0.008442241,0,0.000934725,0
YDR218C,0,0,0,0
YJL044C,0.143917018,1,0.088513268,0
YJL133W,0,0,0,0
YOL140W,0,0,0,0
YLR328W,0,0,0,0
YLR417W,0,0,0,0
YNL201C,0.016884482,0,0.0015862,0
YJL187C,0.008442241,0,0.002544529,0
YPL126W,0,0,0,0
YER066W,0.012663362,0,0.005997819,0.001111111
YOR319W,0.082733963,1,0.021742743,0
YPR133WA,0,0,0,0
YDR379W,0.029547844,0.5,0.002471828,0
YPL204W,0,0,0,0
YCL016C,0,0,0,0
YIR034C,0,0,0,0
YNL196C,0,0,0,0
YLR163C,0.140382409,0.857142857,0.038440567,0
YBR251W,0,0,0,0
YPL138C,0,0,0,0
YLR070C,0,0,0,0
YCL062W,0.006580619,0.083333333,0,0
YKL074C,0.029761301,0.25,0.009215746,0
YNL243W,0,0,0,0
YAR027W,0.39217125,0.850640114,0.475899673,0.321111111
YBL041W,0.002151944,1,0.002181025,0
YPR105C,0,0,0,0
YOR090C,0.012663362,0,0,0
YFL033C,0,0,0,0
YGL155W,0.018995042,1,0.006543075,0
YOR276W,0.009932084,0.090909091,0.018072216,0
YPR086W,0,0,0,0
YPL249C,0.008442241,0,0,0
YKL214C,0.005714748,0.038461538,0,0
YLR116W,0.026122638,0.010869565,0.002531547,0
YGR218W,0.004572881,0.333333333,0.000545256,0
YCL029C,0.045329079,0.535714286,0.003316976,0
YER008C,0,0,0,0
YHR187W,0.008442241,0,0,0
YGR097W,0,0,0,0
YCL051W,0.022371939,0.047619048,0.002181025,0
YML016C,0.015022994,1,0,0
YDR138W,0.394116422,0.854907539,0.429225736,0.330555556
YOR157C,0,0,0,0
YER082C,0.003939713,1,0,0
YNL082W,0.083718891,1,0.004998182,0
YDL232W,0.023216163,1,0,0
YGL008C,0.037298495,0.25,0.004289349,0
YNL250W,0.031658404,0.833333333,0.004128369,0
YLL041C,0,0,0,0
YIR032C,0,0,0,0
YER101C,0.101306893,1,0.02396358,0
YGR166W,0,0,0,0
YFR003C,0,0,0,0
YDR132C,0,0,0,0
YHR174W,0.37990085,1,0.055434387,0
YDR462W,0.03256293,0.428571429,0.002877741,0
YFL018C,0.101216441,1,0.018315418,0
YGL240W,0,0,0,0
YKL103C,0,0,0,0
YDR452W,0.03036181,0.285714286,0.006825631,0.005555556
YLR442C,0,0,0,0
YDR135C,0.017985644,0.5,0.001402088,0
YKL045W,0,0,0,0
YDR085C,0.020333338,0.099415205,0.002568763,0
YFR024C,0.001194133,0.166666667,0,0
YJL004C,0.15395813,1,0.066905069,0
YEL027W,0,0,0,0
YJL035C,0.012663362,0,0,0
YIL079C,0,0,0,0
YFL010WA,0.001313716,0.015151515,0.000934725,0
YLR147C,0.015196034,0,0.002908033,0
YHR171W,0.189395193,1,0.036914415,0
YPR175W,0.405569349,1,0.735732461,0
YOR261C,0.086087427,0.977777778,0.067611778,0.00962963
YPL010W,0,0,0,0
YML095CA,0.00507321,0.095238095,0.0087241,0
YGL016W,0,0,0,0
YGL162W,0.021949827,1,0.002217375,0
YDR074W,0,0,0,0
YLR186W,0.012663362,0,0,0
YOR089C,0,0,0,0
YKL178C,0.01591411,0.166666667,0.012250091,0
YOR106W,0,0,0,0
YER167W,0,0,0,0
YDR319C,0.026585841,0.388888889,0.014799813,0
YNL025C,0.069874621,0.276190476,0.057888041,0
YLR078C,0.996321057,1,0.020792439,0
YIL052C,0.008442241,0,0,0
YLR096W,0.0280001,0.305555556,0.012063146,0
YOR178C,0.088643532,1,0.01248031,0
YNL282W,0,0,0,0
YMR066W,0,0,0,0
YER096W,0.188895145,0.648550725,0.123678285,0.044444444
YML065W,0,0,0,0
YBR176W,0.0034975,0.095238095,0,0
YIR006C,0.015196034,0,0,0
YOL006C,0.048542886,0.103896104,0.036424852,0
YDR328C,0.012663362,0,0.006543075,0
YGL090W,0.030392068,1,0.007270084,0
YMR059W,0,0,0,0
YBR283C,0.062517354,1,0.042841564,0.001111111
YPR056W,0,0,0,0
YDR313C,0,0,0,0
YBL088C,0.032703634,1,0.009651036,0
YER027C,0,0,0,0
YHR128W,0,0,0,0
YDR032C,0.00174875,0.166666667,0.002190939,0
YMR273C,0.396352421,0.893393393,0.552798982,0
YDL147W,0.09803271,0.791208791,0.054162123,0
YOR151C,0,0,0,0
YDL016C,0.108792132,0.771428571,0.055170274,0
YDR392W,0.042211206,1,0.023011113,0.001111111
YGL163C,0,0,0,0
YKL006CA,0,0,0,0
YGR172C,0,0,0,0
YOR247W,0,0,0,0
YGL179C,0.37990085,1,0.085786987,0
YNL284C,0.16590955,0.705263158,0.076245002,0
YNL113W,0.008442241,0,0,0
YLL060C,0.088643532,1,0.011547316,0
YHR062C,0,0,0,0
YNL276C,0.996321057,1,0.020792439,0
YHR010W,0.007105553,0.333333333,0.004907306,0
YOR075W,0,0,0,0
YER150W,0,0,0,0
YGR223C,0,0,0,0
YDR143C,0,0,0,0
YIL045W,0.006331681,0.166666667,0.002362777,0
YHR072WA,0.996321057,1,0.193638677,0
YDL081C,0,0,0,0
YLR353W,0.018150818,0.333333333,0.007270084,0
YMR198W,0.010552801,1,0,0
YML055W,0.025778986,0.5,0,0
YMR168C,0.020502586,1,0,0
YAL044C,0.405569349,1,0.296894636,0
YDR069C,0,0,0,0
YKR031C,0,0,0,0
YDR520C,0,0,0,0
YLR436C,0.004502529,0.333333333,0.000272628,0
YGR005C,0,0,0,0
YBR119W,0.017412122,1,0.003816794,0.001111111
YKR034W,0.002029385,0.166666667,0,0
YML001W,0.154439385,1,0.059487459,0.001111111
YPR020W,0,0,0,0
YPL179W,0,0,0,0
YDL189W,0,0,0,0
YNL021W,0,0,0,0
YPR193C,0,0,0,0
YDR123C,0,0,0,0
YDL001W,0.023279639,0.015151515,0.002726281,0
YDL030W,0.066482649,0.75,0.01046892,0
YGL187C,0,0,0,0
YGR098C,0.230136617,1,0.158469647,0.745555556
YOR174W,0,0,0,0
YKL171W,0.034371982,0.833333333,0.017893493,0.013333333
YMR127C,0,0,0,0
YGR239C,0.213674247,1,0.152271901,0.611111111
YPR168W,0.052914761,0.75,0.018538713,0.009027778
YGL200C,0,0,0,0
YIL108W,0.154439385,1,0.047408734,0
YML081CA,0,0,0,0
YIL084C,0,0,0,0
YDL035C,0.047724702,0.242424242,0.059055149,0
YHR061C,0.134469885,0.91025641,0.055449966,0
YFL028C,0,0,0,0
YIL129C,0,0,0,0
YDL072C,0.086181211,0.861111111,0.010814249,0.001111111
YJL002C,0.007123141,1,0,0
YOR244W,0.062623338,0.46969697,0.017052241,0.001574074
YLR208W,0,0,0,0
YHR028C,0,0,0,0
YJL168C,0.025326723,0.055555556,0.015890326,0
YPL256C,0,0,0,0
YNL257C,0,0,0,0
YJR134C,0.038949431,0.309090909,0.003316976,0
YGL233W,0,0,0,0
YPL269W,0.00174875,1,0.003816794,0
YMR238W,0,0,0,0
YPR077C,0,0,0,0
YPL096W,0,0,0,0
YJR010W,0,0,0,0
YPR015C,0.048964998,0.428571429,0.030806979,0
YER054C,0,0,0,0
YOL043C,0.023838508,0.095238095,0.00436205,0
YFL038C,0,0,0,0
YOR298CA,0,0,0,0
YHR194W,0,0,0,0
YNL116W,0,0,0,0
YIL149C,0,0,0,0
YNL161W,0.013814576,0.666666667,0.001332849,0
YNL126W,0.023216163,1,0.005052708,0
YBR171W,0.018995042,1,0,0
YDR178W,0.006443416,0.333333333,0.002200499,0
YML103C,0.028165929,0.533333333,0.002271901,0
YMR061W,0.021787476,0.333333333,0.006372014,0
YDL064W,0.03362826,0.238095238,0.007997092,0
YMR043W,0,0,0,0
YOL031C,0.105047965,0.536764706,0.050434423,0
YMR033W,0.015000053,1,0,0
YIL095W,0.37990085,1,0.117230098,0.044444444
YBR282W,0.002743908,0.014705882,0,0
YHR114W,0.000996653,0.018181818,0.003797662,0
YPL242C,0,0,0,0
YBR017C,0,0,0,0
YAL013W,0.05304053,0.219047619,0.022602264,0
YDR335W,0.691280089,1,0.059245123,0
YMR143W,0,0,0,0
YAL030W,0,0,0,0
YDR318W,0.005276401,0.333333333,0.013195202,0
YOR371C,0,0,0,0
YBR137W,0,0,0,0
YDL150W,0.129166289,0.742857143,0.039148102,0
YMR023C,0,0,0,0
YAL004W,0.405569349,1,0.47219193,0
YGL011C,0.01026057,0.666666667,0.001090513,0
YBR156C,0.077164381,0.296442688,0.057797165,0
YDL140C,0,0,0,0
YGR134W,0,0,0,0
YOR201C,0,0,0,0
YDR030C,0,0,0,0
YEL056W,0.691280089,1,0.250817884,0
YDL061C,0,0,0,0
YHR133C,0,0,0,0
YDR101C,0.691280089,1,0.26608506,0
YLR441C,0.00970976,0.3,0.00610687,0
YKL196C,0,0,0,0
YOR057W,0.691280089,1,0.059245123,0
YML026C,0.019839267,1,0.002185569,0
YPL045W,0,0,0,0
YNL288W,0,0,0,0
YGL043W,0,0,0,0
YMR277W,0,0,0,0
YOL054W,0.37990085,1,0.055434387,0
YMR225C,0,0,0,0
YDR389W,0,0,0,0
YBR073W,0.053140893,0.714285714,0.016425983,0
YHR069C,0,0,0,0
YJL199C,0.008442241,0,0,0
YIR018W,0.996321057,1,0.020792439,0
YKL180W,0,0,0,0
YLR100W,0,0,0,0
YIL130W,0.003098344,0.095238095,0.0012463,0
YOR160W,0.001678855,1,0.005452563,0
YLR079W,0.007175905,0.333333333,0.002835333,0
YBR155W,0.020068104,0.380952381,0.008801994,0
YBL016W,0.101216441,1,0.029080334,0
YLR102C,0,0,0,0
YIL029C,0,0,0,0
YLR064W,0.996321057,1,0.020792439,0
YLR185W,0.020261379,0.333333333,0.002242247,0
YNL312W,0,0,0,0
YGL075C,0,0,0,0
YNL056W,0,0,0,0
YNL175C,0,0,0,0
YGR059W,0.996321057,1,0.020792439,0
YOR234C,0,0,0,0
YJR017C,0,0,0,0
YER086W,0.189395193,1,0.092942826,0
YBR278W,0,0,0,0
YLR223C,0.202684801,0.964912281,0.072523407,0.044444444
YLR274W,0,0,0,0
YCR059C,0,0,0,0
YOL087C,0.015196034,0,0.005816067,0
YDL220C,0.154439385,1,0.067066521,0
YPL271W,0.691280089,1,0.059245123,0
YDL083C,0.008442241,0,0.001363141,0
YML102W,0,0,0,0
YER113C,0.052914761,0.75,0.008451472,0
YPL085W,0.177451102,0.544159544,0.132679026,0
YOR224C,0.19561682,0.747619048,0.039926307,0
YNL262W,0.016884482,0,0,0
YAR018C,0,0,0,0
YGL068W,0.028478811,0.333333333,0,0
YOR284W,0,0,0,0
YPL003W,0,0,0,0
YMR137C,0.03292474,1,0.005634315,0
YGR078C,0.004648715,0.3,0.007010438,0
YCR086W,0,0,0,0
YMR293C,0.028140804,0.130718954,0.012513631,0
YFL008W,0.015196034,1,0.003135224,0
YOR297C,0,0,0,0
YOR093C,0.996321057,1,0.239821883,0
YGR085C,0,0,0,0
YOR011W,0.986286125,0.975308642,0.020792439,0
YLR075W,0,0,0,0
YGR123C,0.691280089,1,0.059245123,0
YML063W,0.101306893,1,0.02396358,0
YOR115C,0,0,0,0
YHR111W,0.012361853,0.266666667,0.007945163,0
YOR027W,0,0,0,0
YDR160W,0.006030172,0.5,0,0
YPL187W,0.010130689,0.057142857,0.03562341,0
YPL161C,0,0,0,0
YIL160C,0.008442241,0,0,0
YBR024W,0.01646237,0.5,0.00174482,0
YBL037W,0,0,0,0
YJL102W,0.691280089,1,0.059245123,0
YDR447C,0,0,0,0
YOR346W,0,0,0,0
YOR036W,0,0,0,0
YLR254C,0.003919612,0.066666667,0,0
YDR207C,0.691280089,1,0.059245123,0
YKR057W,0.986286125,0.975308642,0.193638677,0
YDR382W,0.0035176,1,0,0
YDR253C,0.001818329,0.066666667,0.006372014,0
YOR156C,0.691280089,1,0.059245123,0
YJL136C,0,0,0,0
YER147C,0.016884482,0,0,0
YNL307C,,,,
